utt_id,wav_path,phone_len,romaji_len,devo_count,audio_dur_s,strata_group,split
BASIC5000_0001,data/jsut_ver1.1/basic5000/wav/BASIC5000_0001.wav,42,25,2,3.19,2,train
BASIC5000_0002,data/jsut_ver1.1/basic5000/wav/BASIC5000_0002.wav,57,35,1,4.9,3,train
BASIC5000_0003,data/jsut_ver1.1/basic5000/wav/BASIC5000_0003.wav,47,30,3,3.82,2,train
BASIC5000_0004,data/jsut_ver1.1/basic5000/wav/BASIC5000_0004.wav,34,22,2,3.18,1,train
BASIC5000_0005,data/jsut_ver1.1/basic5000/wav/BASIC5000_0005.wav,44,28,2,3.69,2,val
BASIC5000_0006,data/jsut_ver1.1/basic5000/wav/BASIC5000_0006.wav,33,21,2,2.88,1,val
BASIC5000_0007,data/jsut_ver1.1/basic5000/wav/BASIC5000_0007.wav,30,16,0,2.59,1,train
BASIC5000_0008,data/jsut_ver1.1/basic5000/wav/BASIC5000_0008.wav,46,28,1,5.059291666666667,2,train
BASIC5000_0009,data/jsut_ver1.1/basic5000/wav/BASIC5000_0009.wav,36,21,1,3.02,1,train
BASIC5000_0010,data/jsut_ver1.1/basic5000/wav/BASIC5000_0010.wav,49,32,2,3.99,2,train
BASIC5000_0011,data/jsut_ver1.1/basic5000/wav/BASIC5000_0011.wav,47,27,1,3.58,2,train
BASIC5000_0012,data/jsut_ver1.1/basic5000/wav/BASIC5000_0012.wav,41,24,1,3.46,2,val
BASIC5000_0013,data/jsut_ver1.1/basic5000/wav/BASIC5000_0013.wav,49,30,1,3.91,2,train
BASIC5000_0014,data/jsut_ver1.1/basic5000/wav/BASIC5000_0014.wav,41,25,2,3.34,2,train
BASIC5000_0015,data/jsut_ver1.1/basic5000/wav/BASIC5000_0015.wav,41,24,0,3.47,2,train
BASIC5000_0016,data/jsut_ver1.1/basic5000/wav/BASIC5000_0016.wav,38,25,4,3.13,1,train
BASIC5000_0017,data/jsut_ver1.1/basic5000/wav/BASIC5000_0017.wav,35,21,0,2.82,1,train
BASIC5000_0018,data/jsut_ver1.1/basic5000/wav/BASIC5000_0018.wav,32,18,0,2.8,1,train
BASIC5000_0019,data/jsut_ver1.1/basic5000/wav/BASIC5000_0019.wav,47,31,5,3.59,2,test
BASIC5000_0020,data/jsut_ver1.1/basic5000/wav/BASIC5000_0020.wav,33,19,0,3.8,1,train
BASIC5000_0021,data/jsut_ver1.1/basic5000/wav/BASIC5000_0021.wav,36,21,0,3.14,1,val
BASIC5000_0022,data/jsut_ver1.1/basic5000/wav/BASIC5000_0022.wav,37,21,0,3.63,1,train
BASIC5000_0023,data/jsut_ver1.1/basic5000/wav/BASIC5000_0023.wav,35,22,1,3.13,1,train
BASIC5000_0024,data/jsut_ver1.1/basic5000/wav/BASIC5000_0024.wav,75,48,3,6.98,4,train
BASIC5000_0025,data/jsut_ver1.1/basic5000/wav/BASIC5000_0025.wav,33,19,0,3.1,1,train
BASIC5000_0026,data/jsut_ver1.1/basic5000/wav/BASIC5000_0026.wav,62,38,4,4.67,3,train
BASIC5000_0027,data/jsut_ver1.1/basic5000/wav/BASIC5000_0027.wav,38,25,2,3.17,1,train
BASIC5000_0028,data/jsut_ver1.1/basic5000/wav/BASIC5000_0028.wav,44,26,0,3.52,2,val
BASIC5000_0029,data/jsut_ver1.1/basic5000/wav/BASIC5000_0029.wav,63,39,4,4.6,3,train
BASIC5000_0030,data/jsut_ver1.1/basic5000/wav/BASIC5000_0030.wav,40,22,0,3.06,2,train
BASIC5000_0031,data/jsut_ver1.1/basic5000/wav/BASIC5000_0031.wav,54,32,1,4.12,3,train
BASIC5000_0032,data/jsut_ver1.1/basic5000/wav/BASIC5000_0032.wav,38,22,1,3.02,1,test
BASIC5000_0033,data/jsut_ver1.1/basic5000/wav/BASIC5000_0033.wav,38,21,1,2.81,1,test
BASIC5000_0034,data/jsut_ver1.1/basic5000/wav/BASIC5000_0034.wav,37,26,3,2.85,1,train
BASIC5000_0035,data/jsut_ver1.1/basic5000/wav/BASIC5000_0035.wav,124,79,6,9.92,4,train
BASIC5000_0036,data/jsut_ver1.1/basic5000/wav/BASIC5000_0036.wav,53,32,1,4.38,3,train
BASIC5000_0037,data/jsut_ver1.1/basic5000/wav/BASIC5000_0037.wav,82,49,1,6.15,4,test
BASIC5000_0038,data/jsut_ver1.1/basic5000/wav/BASIC5000_0038.wav,44,25,1,3.6,2,train
BASIC5000_0039,data/jsut_ver1.1/basic5000/wav/BASIC5000_0039.wav,68,39,1,4.89,3,train
BASIC5000_0040,data/jsut_ver1.1/basic5000/wav/BASIC5000_0040.wav,30,18,1,2.86,1,val
BASIC5000_0041,data/jsut_ver1.1/basic5000/wav/BASIC5000_0041.wav,36,24,3,3.39,1,train
BASIC5000_0042,data/jsut_ver1.1/basic5000/wav/BASIC5000_0042.wav,33,19,2,2.93,1,train
BASIC5000_0043,data/jsut_ver1.1/basic5000/wav/BASIC5000_0043.wav,58,36,1,4.96,3,train
BASIC5000_0044,data/jsut_ver1.1/basic5000/wav/BASIC5000_0044.wav,38,23,1,3.3,1,train
BASIC5000_0045,data/jsut_ver1.1/basic5000/wav/BASIC5000_0045.wav,30,19,1,2.65,1,val
BASIC5000_0046,data/jsut_ver1.1/basic5000/wav/BASIC5000_0046.wav,63,37,0,5.27,3,test
BASIC5000_0047,data/jsut_ver1.1/basic5000/wav/BASIC5000_0047.wav,50,33,3,4.2,3,train
BASIC5000_0048,data/jsut_ver1.1/basic5000/wav/BASIC5000_0048.wav,35,20,0,3.15,1,val
BASIC5000_0049,data/jsut_ver1.1/basic5000/wav/BASIC5000_0049.wav,52,35,4,4.6,3,train
BASIC5000_0050,data/jsut_ver1.1/basic5000/wav/BASIC5000_0050.wav,37,22,0,3.2,1,train
BASIC5000_0051,data/jsut_ver1.1/basic5000/wav/BASIC5000_0051.wav,44,28,3,3.62,2,train
BASIC5000_0052,data/jsut_ver1.1/basic5000/wav/BASIC5000_0052.wav,55,32,1,4.26,3,train
BASIC5000_0053,data/jsut_ver1.1/basic5000/wav/BASIC5000_0053.wav,42,27,4,3.95,2,test
BASIC5000_0054,data/jsut_ver1.1/basic5000/wav/BASIC5000_0054.wav,33,21,2,3.2,1,train
BASIC5000_0055,data/jsut_ver1.1/basic5000/wav/BASIC5000_0055.wav,70,43,3,6.07,4,train
BASIC5000_0056,data/jsut_ver1.1/basic5000/wav/BASIC5000_0056.wav,35,20,1,3.19,1,train
BASIC5000_0057,data/jsut_ver1.1/basic5000/wav/BASIC5000_0057.wav,34,20,0,3.41,1,train
BASIC5000_0058,data/jsut_ver1.1/basic5000/wav/BASIC5000_0058.wav,49,30,2,4.68,2,test
BASIC5000_0059,data/jsut_ver1.1/basic5000/wav/BASIC5000_0059.wav,34,21,1,2.85,1,test
BASIC5000_0060,data/jsut_ver1.1/basic5000/wav/BASIC5000_0060.wav,55,32,0,4.61,3,train
BASIC5000_0061,data/jsut_ver1.1/basic5000/wav/BASIC5000_0061.wav,37,23,2,2.85,1,train
BASIC5000_0062,data/jsut_ver1.1/basic5000/wav/BASIC5000_0062.wav,54,33,1,4.44,3,train
BASIC5000_0063,data/jsut_ver1.1/basic5000/wav/BASIC5000_0063.wav,28,16,1,2.44,1,train
BASIC5000_0064,data/jsut_ver1.1/basic5000/wav/BASIC5000_0064.wav,39,24,2,3.26,1,train
BASIC5000_0065,data/jsut_ver1.1/basic5000/wav/BASIC5000_0065.wav,62,38,1,5.85,3,train
BASIC5000_0066,data/jsut_ver1.1/basic5000/wav/BASIC5000_0066.wav,43,25,0,4.29,2,train
BASIC5000_0067,data/jsut_ver1.1/basic5000/wav/BASIC5000_0067.wav,53,33,2,4.8,3,train
BASIC5000_0068,data/jsut_ver1.1/basic5000/wav/BASIC5000_0068.wav,45,26,2,3.66,2,train
BASIC5000_0069,data/jsut_ver1.1/basic5000/wav/BASIC5000_0069.wav,37,21,1,3.46,1,train
BASIC5000_0070,data/jsut_ver1.1/basic5000/wav/BASIC5000_0070.wav,91,57,2,7.71,4,train
BASIC5000_0071,data/jsut_ver1.1/basic5000/wav/BASIC5000_0071.wav,29,16,0,2.39,1,train
BASIC5000_0072,data/jsut_ver1.1/basic5000/wav/BASIC5000_0072.wav,49,28,1,4.4,2,train
BASIC5000_0073,data/jsut_ver1.1/basic5000/wav/BASIC5000_0073.wav,49,28,1,4.11,2,train
BASIC5000_0074,data/jsut_ver1.1/basic5000/wav/BASIC5000_0074.wav,42,27,2,4.1,2,val
BASIC5000_0075,data/jsut_ver1.1/basic5000/wav/BASIC5000_0075.wav,40,23,1,3.38,2,train
BASIC5000_0076,data/jsut_ver1.1/basic5000/wav/BASIC5000_0076.wav,61,39,3,5.15,3,train
BASIC5000_0077,data/jsut_ver1.1/basic5000/wav/BASIC5000_0077.wav,72,44,2,6.21,4,train
BASIC5000_0078,data/jsut_ver1.1/basic5000/wav/BASIC5000_0078.wav,35,22,1,3.19,1,train
BASIC5000_0079,data/jsut_ver1.1/basic5000/wav/BASIC5000_0079.wav,40,26,1,3.73,2,train
BASIC5000_0080,data/jsut_ver1.1/basic5000/wav/BASIC5000_0080.wav,50,32,2,4.41,3,train
BASIC5000_0081,data/jsut_ver1.1/basic5000/wav/BASIC5000_0081.wav,37,22,1,3.12,1,train
BASIC5000_0082,data/jsut_ver1.1/basic5000/wav/BASIC5000_0082.wav,32,19,0,2.85,1,val
BASIC5000_0083,data/jsut_ver1.1/basic5000/wav/BASIC5000_0083.wav,59,36,1,4.77,3,train
BASIC5000_0084,data/jsut_ver1.1/basic5000/wav/BASIC5000_0084.wav,54,29,0,4.41,3,test
BASIC5000_0085,data/jsut_ver1.1/basic5000/wav/BASIC5000_0085.wav,39,24,1,3.62,1,train
BASIC5000_0086,data/jsut_ver1.1/basic5000/wav/BASIC5000_0086.wav,92,58,4,7.27,4,train
BASIC5000_0087,data/jsut_ver1.1/basic5000/wav/BASIC5000_0087.wav,40,26,2,3.5,2,train
BASIC5000_0088,data/jsut_ver1.1/basic5000/wav/BASIC5000_0088.wav,65,38,0,5.04,3,train
BASIC5000_0089,data/jsut_ver1.1/basic5000/wav/BASIC5000_0089.wav,74,45,2,5.6,4,test
BASIC5000_0090,data/jsut_ver1.1/basic5000/wav/BASIC5000_0090.wav,50,30,2,4.24,3,val
BASIC5000_0091,data/jsut_ver1.1/basic5000/wav/BASIC5000_0091.wav,36,20,1,3.12,1,train
BASIC5000_0092,data/jsut_ver1.1/basic5000/wav/BASIC5000_0092.wav,40,22,0,3.38,2,train
BASIC5000_0093,data/jsut_ver1.1/basic5000/wav/BASIC5000_0093.wav,34,21,0,4.339291666666667,1,test
BASIC5000_0094,data/jsut_ver1.1/basic5000/wav/BASIC5000_0094.wav,37,21,1,3.25,1,train
BASIC5000_0095,data/jsut_ver1.1/basic5000/wav/BASIC5000_0095.wav,38,24,1,3.67,1,train
BASIC5000_0096,data/jsut_ver1.1/basic5000/wav/BASIC5000_0096.wav,36,25,3,3.22,1,test
BASIC5000_0097,data/jsut_ver1.1/basic5000/wav/BASIC5000_0097.wav,44,27,1,3.6,2,train
BASIC5000_0098,data/jsut_ver1.1/basic5000/wav/BASIC5000_0098.wav,57,36,6,4.21,3,val
BASIC5000_0099,data/jsut_ver1.1/basic5000/wav/BASIC5000_0099.wav,48,27,0,3.92,2,train
BASIC5000_0100,data/jsut_ver1.1/basic5000/wav/BASIC5000_0100.wav,44,26,1,4.18,2,val
BASIC5000_0101,data/jsut_ver1.1/basic5000/wav/BASIC5000_0101.wav,45,25,0,3.97,2,train
BASIC5000_0102,data/jsut_ver1.1/basic5000/wav/BASIC5000_0102.wav,47,26,1,4.48,2,train
BASIC5000_0103,data/jsut_ver1.1/basic5000/wav/BASIC5000_0103.wav,42,26,3,3.47,2,train
BASIC5000_0104,data/jsut_ver1.1/basic5000/wav/BASIC5000_0104.wav,63,36,0,4.93,3,train
BASIC5000_0105,data/jsut_ver1.1/basic5000/wav/BASIC5000_0105.wav,46,27,0,4.62,2,val
BASIC5000_0106,data/jsut_ver1.1/basic5000/wav/BASIC5000_0106.wav,61,35,1,5.08,3,train
BASIC5000_0107,data/jsut_ver1.1/basic5000/wav/BASIC5000_0107.wav,57,33,2,4.81,3,train
BASIC5000_0108,data/jsut_ver1.1/basic5000/wav/BASIC5000_0108.wav,54,33,0,4.53,3,test
BASIC5000_0109,data/jsut_ver1.1/basic5000/wav/BASIC5000_0109.wav,37,22,2,3.16,1,train
BASIC5000_0110,data/jsut_ver1.1/basic5000/wav/BASIC5000_0110.wav,35,21,1,3.11,1,train
BASIC5000_0111,data/jsut_ver1.1/basic5000/wav/BASIC5000_0111.wav,58,33,1,5.07,3,train
BASIC5000_0112,data/jsut_ver1.1/basic5000/wav/BASIC5000_0112.wav,34,20,2,2.72,1,train
BASIC5000_0113,data/jsut_ver1.1/basic5000/wav/BASIC5000_0113.wav,53,32,1,5.24,3,val
BASIC5000_0114,data/jsut_ver1.1/basic5000/wav/BASIC5000_0114.wav,35,22,1,3.48,1,train
BASIC5000_0115,data/jsut_ver1.1/basic5000/wav/BASIC5000_0115.wav,36,21,1,3.04,1,train
BASIC5000_0116,data/jsut_ver1.1/basic5000/wav/BASIC5000_0116.wav,64,41,4,5.15,3,train
BASIC5000_0117,data/jsut_ver1.1/basic5000/wav/BASIC5000_0117.wav,46,25,0,3.87,2,train
BASIC5000_0118,data/jsut_ver1.1/basic5000/wav/BASIC5000_0118.wav,48,32,4,3.96,2,train
BASIC5000_0119,data/jsut_ver1.1/basic5000/wav/BASIC5000_0119.wav,33,20,0,2.98,1,train
BASIC5000_0120,data/jsut_ver1.1/basic5000/wav/BASIC5000_0120.wav,42,28,4,3.6,2,train
BASIC5000_0121,data/jsut_ver1.1/basic5000/wav/BASIC5000_0121.wav,54,32,1,4.43,3,train
BASIC5000_0122,data/jsut_ver1.1/basic5000/wav/BASIC5000_0122.wav,29,21,3,3.11,1,train
BASIC5000_0123,data/jsut_ver1.1/basic5000/wav/BASIC5000_0123.wav,37,21,1,3.15,1,train
BASIC5000_0124,data/jsut_ver1.1/basic5000/wav/BASIC5000_0124.wav,44,29,2,3.71,2,val
BASIC5000_0125,data/jsut_ver1.1/basic5000/wav/BASIC5000_0125.wav,45,28,3,4.15,2,test
BASIC5000_0126,data/jsut_ver1.1/basic5000/wav/BASIC5000_0126.wav,39,24,2,3.35,1,train
BASIC5000_0127,data/jsut_ver1.1/basic5000/wav/BASIC5000_0127.wav,73,40,0,5.49,4,train
BASIC5000_0128,data/jsut_ver1.1/basic5000/wav/BASIC5000_0128.wav,57,34,2,4.68,3,train
BASIC5000_0129,data/jsut_ver1.1/basic5000/wav/BASIC5000_0129.wav,44,28,4,3.85,2,test
BASIC5000_0130,data/jsut_ver1.1/basic5000/wav/BASIC5000_0130.wav,78,50,8,6.07,4,test
BASIC5000_0131,data/jsut_ver1.1/basic5000/wav/BASIC5000_0131.wav,36,23,2,3.36,1,train
BASIC5000_0132,data/jsut_ver1.1/basic5000/wav/BASIC5000_0132.wav,33,20,1,3.09,1,train
BASIC5000_0133,data/jsut_ver1.1/basic5000/wav/BASIC5000_0133.wav,62,36,1,5.089291666666667,3,test
BASIC5000_0134,data/jsut_ver1.1/basic5000/wav/BASIC5000_0134.wav,47,27,1,4.17,2,test
BASIC5000_0135,data/jsut_ver1.1/basic5000/wav/BASIC5000_0135.wav,60,36,2,5.04,3,train
BASIC5000_0136,data/jsut_ver1.1/basic5000/wav/BASIC5000_0136.wav,50,27,1,3.94,3,train
BASIC5000_0137,data/jsut_ver1.1/basic5000/wav/BASIC5000_0137.wav,35,20,0,2.83,1,train
BASIC5000_0138,data/jsut_ver1.1/basic5000/wav/BASIC5000_0138.wav,46,29,2,3.69,2,train
BASIC5000_0139,data/jsut_ver1.1/basic5000/wav/BASIC5000_0139.wav,52,30,2,4.59,3,train
BASIC5000_0140,data/jsut_ver1.1/basic5000/wav/BASIC5000_0140.wav,31,19,1,2.61,1,val
BASIC5000_0141,data/jsut_ver1.1/basic5000/wav/BASIC5000_0141.wav,52,30,1,4.17,3,train
BASIC5000_0142,data/jsut_ver1.1/basic5000/wav/BASIC5000_0142.wav,67,43,3,4.92,3,train
BASIC5000_0143,data/jsut_ver1.1/basic5000/wav/BASIC5000_0143.wav,46,26,2,3.46,2,train
BASIC5000_0144,data/jsut_ver1.1/basic5000/wav/BASIC5000_0144.wav,50,29,1,3.73,3,val
BASIC5000_0145,data/jsut_ver1.1/basic5000/wav/BASIC5000_0145.wav,32,20,3,2.73,1,train
BASIC5000_0146,data/jsut_ver1.1/basic5000/wav/BASIC5000_0146.wav,45,26,1,3.61,2,train
BASIC5000_0147,data/jsut_ver1.1/basic5000/wav/BASIC5000_0147.wav,58,35,1,5.37,3,train
BASIC5000_0148,data/jsut_ver1.1/basic5000/wav/BASIC5000_0148.wav,27,16,1,2.48,1,train
BASIC5000_0149,data/jsut_ver1.1/basic5000/wav/BASIC5000_0149.wav,34,20,0,2.77,1,train
BASIC5000_0150,data/jsut_ver1.1/basic5000/wav/BASIC5000_0150.wav,39,24,1,3.32,1,train
BASIC5000_0151,data/jsut_ver1.1/basic5000/wav/BASIC5000_0151.wav,81,50,2,6.27,4,train
BASIC5000_0152,data/jsut_ver1.1/basic5000/wav/BASIC5000_0152.wav,34,22,3,3.3192916666666665,1,train
BASIC5000_0153,data/jsut_ver1.1/basic5000/wav/BASIC5000_0153.wav,47,28,1,3.83,2,train
BASIC5000_0154,data/jsut_ver1.1/basic5000/wav/BASIC5000_0154.wav,39,23,0,3.33,1,train
BASIC5000_0155,data/jsut_ver1.1/basic5000/wav/BASIC5000_0155.wav,44,27,1,3.38,2,train
BASIC5000_0156,data/jsut_ver1.1/basic5000/wav/BASIC5000_0156.wav,38,22,1,3.16,1,train
BASIC5000_0157,data/jsut_ver1.1/basic5000/wav/BASIC5000_0157.wav,51,30,1,4.24,3,train
BASIC5000_0158,data/jsut_ver1.1/basic5000/wav/BASIC5000_0158.wav,43,28,2,3.75,2,train
BASIC5000_0159,data/jsut_ver1.1/basic5000/wav/BASIC5000_0159.wav,44,28,2,3.63,2,test
BASIC5000_0160,data/jsut_ver1.1/basic5000/wav/BASIC5000_0160.wav,45,29,3,4.48,2,train
BASIC5000_0161,data/jsut_ver1.1/basic5000/wav/BASIC5000_0161.wav,43,28,3,3.82,2,train
BASIC5000_0162,data/jsut_ver1.1/basic5000/wav/BASIC5000_0162.wav,50,31,3,3.79,3,train
BASIC5000_0163,data/jsut_ver1.1/basic5000/wav/BASIC5000_0163.wav,40,24,0,3.34,2,train
BASIC5000_0164,data/jsut_ver1.1/basic5000/wav/BASIC5000_0164.wav,42,27,2,3.65,2,train
BASIC5000_0165,data/jsut_ver1.1/basic5000/wav/BASIC5000_0165.wav,48,29,1,3.99,2,train
BASIC5000_0166,data/jsut_ver1.1/basic5000/wav/BASIC5000_0166.wav,42,23,0,3.4,2,train
BASIC5000_0167,data/jsut_ver1.1/basic5000/wav/BASIC5000_0167.wav,50,30,2,3.84,3,train
BASIC5000_0168,data/jsut_ver1.1/basic5000/wav/BASIC5000_0168.wav,52,30,0,4.71,3,val
BASIC5000_0169,data/jsut_ver1.1/basic5000/wav/BASIC5000_0169.wav,64,38,1,5.42,3,test
BASIC5000_0170,data/jsut_ver1.1/basic5000/wav/BASIC5000_0170.wav,34,20,0,2.8,1,train
BASIC5000_0171,data/jsut_ver1.1/basic5000/wav/BASIC5000_0171.wav,26,15,0,2.55,1,train
BASIC5000_0172,data/jsut_ver1.1/basic5000/wav/BASIC5000_0172.wav,70,40,2,5.06,4,train
BASIC5000_0173,data/jsut_ver1.1/basic5000/wav/BASIC5000_0173.wav,35,21,1,2.97,1,train
BASIC5000_0174,data/jsut_ver1.1/basic5000/wav/BASIC5000_0174.wav,40,23,0,3.33,2,val
BASIC5000_0175,data/jsut_ver1.1/basic5000/wav/BASIC5000_0175.wav,33,19,0,2.9,1,val
BASIC5000_0176,data/jsut_ver1.1/basic5000/wav/BASIC5000_0176.wav,52,30,1,3.91,3,train
BASIC5000_0177,data/jsut_ver1.1/basic5000/wav/BASIC5000_0177.wav,58,34,0,4.99,3,train
BASIC5000_0178,data/jsut_ver1.1/basic5000/wav/BASIC5000_0178.wav,62,36,2,5.11,3,train
BASIC5000_0179,data/jsut_ver1.1/basic5000/wav/BASIC5000_0179.wav,42,28,4,3.55,2,train
BASIC5000_0180,data/jsut_ver1.1/basic5000/wav/BASIC5000_0180.wav,31,18,0,3.13,1,train
BASIC5000_0181,data/jsut_ver1.1/basic5000/wav/BASIC5000_0181.wav,35,22,1,3.37,1,train
BASIC5000_0182,data/jsut_ver1.1/basic5000/wav/BASIC5000_0182.wav,43,26,1,3.59,2,train
BASIC5000_0183,data/jsut_ver1.1/basic5000/wav/BASIC5000_0183.wav,52,31,2,3.85,3,train
BASIC5000_0184,data/jsut_ver1.1/basic5000/wav/BASIC5000_0184.wav,34,22,1,2.74,1,train
BASIC5000_0185,data/jsut_ver1.1/basic5000/wav/BASIC5000_0185.wav,39,24,1,3.8,1,train
BASIC5000_0186,data/jsut_ver1.1/basic5000/wav/BASIC5000_0186.wav,29,19,3,2.52,1,train
BASIC5000_0187,data/jsut_ver1.1/basic5000/wav/BASIC5000_0187.wav,49,28,2,3.71,2,train
BASIC5000_0188,data/jsut_ver1.1/basic5000/wav/BASIC5000_0188.wav,50,29,1,4.6,3,val
BASIC5000_0189,data/jsut_ver1.1/basic5000/wav/BASIC5000_0189.wav,90,52,1,6.95,4,train
BASIC5000_0190,data/jsut_ver1.1/basic5000/wav/BASIC5000_0190.wav,58,33,1,5.14,3,val
BASIC5000_0191,data/jsut_ver1.1/basic5000/wav/BASIC5000_0191.wav,30,18,1,2.77,1,train
BASIC5000_0192,data/jsut_ver1.1/basic5000/wav/BASIC5000_0192.wav,52,30,1,4.33,3,train
BASIC5000_0193,data/jsut_ver1.1/basic5000/wav/BASIC5000_0193.wav,40,22,1,2.92,2,train
BASIC5000_0194,data/jsut_ver1.1/basic5000/wav/BASIC5000_0194.wav,36,21,0,3.3,1,train
BASIC5000_0195,data/jsut_ver1.1/basic5000/wav/BASIC5000_0195.wav,38,24,2,3.11,1,train
BASIC5000_0196,data/jsut_ver1.1/basic5000/wav/BASIC5000_0196.wav,28,18,2,2.55,1,train
BASIC5000_0197,data/jsut_ver1.1/basic5000/wav/BASIC5000_0197.wav,33,19,1,3.36,1,train
BASIC5000_0198,data/jsut_ver1.1/basic5000/wav/BASIC5000_0198.wav,35,22,2,3.08,1,train
BASIC5000_0199,data/jsut_ver1.1/basic5000/wav/BASIC5000_0199.wav,26,15,0,2.26,1,train
BASIC5000_0200,data/jsut_ver1.1/basic5000/wav/BASIC5000_0200.wav,32,19,0,2.99,1,train
BASIC5000_0201,data/jsut_ver1.1/basic5000/wav/BASIC5000_0201.wav,38,23,0,3.44,1,train
BASIC5000_0202,data/jsut_ver1.1/basic5000/wav/BASIC5000_0202.wav,56,35,5,4.05,3,train
BASIC5000_0203,data/jsut_ver1.1/basic5000/wav/BASIC5000_0203.wav,31,19,0,3.44,1,train
BASIC5000_0204,data/jsut_ver1.1/basic5000/wav/BASIC5000_0204.wav,55,32,1,4.22,3,train
BASIC5000_0205,data/jsut_ver1.1/basic5000/wav/BASIC5000_0205.wav,40,23,0,3.58,2,train
BASIC5000_0206,data/jsut_ver1.1/basic5000/wav/BASIC5000_0206.wav,30,17,0,3.09,1,train
BASIC5000_0207,data/jsut_ver1.1/basic5000/wav/BASIC5000_0207.wav,35,20,1,3.61,1,train
BASIC5000_0208,data/jsut_ver1.1/basic5000/wav/BASIC5000_0208.wav,59,36,1,4.93,3,train
BASIC5000_0209,data/jsut_ver1.1/basic5000/wav/BASIC5000_0209.wav,87,50,1,6.6,4,train
BASIC5000_0210,data/jsut_ver1.1/basic5000/wav/BASIC5000_0210.wav,31,19,1,3.06,1,train
BASIC5000_0211,data/jsut_ver1.1/basic5000/wav/BASIC5000_0211.wav,47,30,3,3.92,2,train
BASIC5000_0212,data/jsut_ver1.1/basic5000/wav/BASIC5000_0212.wav,29,17,0,2.7,1,train
BASIC5000_0213,data/jsut_ver1.1/basic5000/wav/BASIC5000_0213.wav,32,20,2,2.91,1,train
BASIC5000_0214,data/jsut_ver1.1/basic5000/wav/BASIC5000_0214.wav,67,39,1,5.15,3,train
BASIC5000_0215,data/jsut_ver1.1/basic5000/wav/BASIC5000_0215.wav,56,33,1,4.28,3,train
BASIC5000_0216,data/jsut_ver1.1/basic5000/wav/BASIC5000_0216.wav,56,35,4,4.16,3,train
BASIC5000_0217,data/jsut_ver1.1/basic5000/wav/BASIC5000_0217.wav,54,34,3,4.18,3,test
BASIC5000_0218,data/jsut_ver1.1/basic5000/wav/BASIC5000_0218.wav,33,21,2,3.38,1,train
BASIC5000_0219,data/jsut_ver1.1/basic5000/wav/BASIC5000_0219.wav,39,24,0,3.55,1,train
BASIC5000_0220,data/jsut_ver1.1/basic5000/wav/BASIC5000_0220.wav,46,29,3,3.64,2,test
BASIC5000_0221,data/jsut_ver1.1/basic5000/wav/BASIC5000_0221.wav,43,25,1,3.81,2,val
BASIC5000_0222,data/jsut_ver1.1/basic5000/wav/BASIC5000_0222.wav,40,24,3,3.3,2,train
BASIC5000_0223,data/jsut_ver1.1/basic5000/wav/BASIC5000_0223.wav,34,20,1,2.82,1,val
BASIC5000_0224,data/jsut_ver1.1/basic5000/wav/BASIC5000_0224.wav,39,24,2,3.18,1,train
BASIC5000_0225,data/jsut_ver1.1/basic5000/wav/BASIC5000_0225.wav,39,24,0,3.39,1,train
BASIC5000_0226,data/jsut_ver1.1/basic5000/wav/BASIC5000_0226.wav,43,28,3,3.58,2,train
BASIC5000_0227,data/jsut_ver1.1/basic5000/wav/BASIC5000_0227.wav,38,25,5,3.08,1,train
BASIC5000_0228,data/jsut_ver1.1/basic5000/wav/BASIC5000_0228.wav,34,21,0,3.22,1,val
BASIC5000_0229,data/jsut_ver1.1/basic5000/wav/BASIC5000_0229.wav,39,24,2,3.3,1,train
BASIC5000_0230,data/jsut_ver1.1/basic5000/wav/BASIC5000_0230.wav,42,24,0,3.45,2,train
BASIC5000_0231,data/jsut_ver1.1/basic5000/wav/BASIC5000_0231.wav,39,24,1,3.4,1,train
BASIC5000_0232,data/jsut_ver1.1/basic5000/wav/BASIC5000_0232.wav,34,19,0,3.0,1,train
BASIC5000_0233,data/jsut_ver1.1/basic5000/wav/BASIC5000_0233.wav,51,30,2,3.86,3,train
BASIC5000_0234,data/jsut_ver1.1/basic5000/wav/BASIC5000_0234.wav,37,22,3,4.66,1,val
BASIC5000_0235,data/jsut_ver1.1/basic5000/wav/BASIC5000_0235.wav,57,31,1,3.98,3,test
BASIC5000_0236,data/jsut_ver1.1/basic5000/wav/BASIC5000_0236.wav,33,20,1,2.74,1,train
BASIC5000_0237,data/jsut_ver1.1/basic5000/wav/BASIC5000_0237.wav,33,21,3,2.74,1,train
BASIC5000_0238,data/jsut_ver1.1/basic5000/wav/BASIC5000_0238.wav,68,46,6,5.12,3,train
BASIC5000_0239,data/jsut_ver1.1/basic5000/wav/BASIC5000_0239.wav,43,24,0,3.49,2,train
BASIC5000_0240,data/jsut_ver1.1/basic5000/wav/BASIC5000_0240.wav,91,56,3,7.04,4,train
BASIC5000_0241,data/jsut_ver1.1/basic5000/wav/BASIC5000_0241.wav,35,21,0,3.14,1,val
BASIC5000_0242,data/jsut_ver1.1/basic5000/wav/BASIC5000_0242.wav,44,27,4,3.33,2,train
BASIC5000_0243,data/jsut_ver1.1/basic5000/wav/BASIC5000_0243.wav,37,22,0,3.17,1,train
BASIC5000_0244,data/jsut_ver1.1/basic5000/wav/BASIC5000_0244.wav,30,18,2,2.61,1,train
BASIC5000_0245,data/jsut_ver1.1/basic5000/wav/BASIC5000_0245.wav,39,21,0,2.97,1,train
BASIC5000_0246,data/jsut_ver1.1/basic5000/wav/BASIC5000_0246.wav,33,18,0,2.57,1,train
BASIC5000_0247,data/jsut_ver1.1/basic5000/wav/BASIC5000_0247.wav,51,28,0,4.22,3,train
BASIC5000_0248,data/jsut_ver1.1/basic5000/wav/BASIC5000_0248.wav,35,21,1,2.79,1,test
BASIC5000_0249,data/jsut_ver1.1/basic5000/wav/BASIC5000_0249.wav,37,21,1,3.11,1,train
BASIC5000_0250,data/jsut_ver1.1/basic5000/wav/BASIC5000_0250.wav,35,21,1,4.219291666666667,1,train
BASIC5000_0251,data/jsut_ver1.1/basic5000/wav/BASIC5000_0251.wav,43,29,3,3.53,2,train
BASIC5000_0252,data/jsut_ver1.1/basic5000/wav/BASIC5000_0252.wav,46,26,0,3.64,2,train
BASIC5000_0253,data/jsut_ver1.1/basic5000/wav/BASIC5000_0253.wav,45,29,1,3.76,2,train
BASIC5000_0254,data/jsut_ver1.1/basic5000/wav/BASIC5000_0254.wav,33,20,1,3.09,1,train
BASIC5000_0255,data/jsut_ver1.1/basic5000/wav/BASIC5000_0255.wav,39,24,2,3.04,1,train
BASIC5000_0256,data/jsut_ver1.1/basic5000/wav/BASIC5000_0256.wav,37,20,0,2.9,1,train
BASIC5000_0257,data/jsut_ver1.1/basic5000/wav/BASIC5000_0257.wav,34,22,1,2.64,1,train
BASIC5000_0258,data/jsut_ver1.1/basic5000/wav/BASIC5000_0258.wav,35,25,5,2.8,1,train
BASIC5000_0259,data/jsut_ver1.1/basic5000/wav/BASIC5000_0259.wav,33,20,1,2.96,1,train
BASIC5000_0260,data/jsut_ver1.1/basic5000/wav/BASIC5000_0260.wav,55,31,1,4.15,3,train
BASIC5000_0261,data/jsut_ver1.1/basic5000/wav/BASIC5000_0261.wav,38,23,3,2.96,1,val
BASIC5000_0262,data/jsut_ver1.1/basic5000/wav/BASIC5000_0262.wav,35,20,2,2.69,1,train
BASIC5000_0263,data/jsut_ver1.1/basic5000/wav/BASIC5000_0263.wav,32,17,0,2.51,1,train
BASIC5000_0264,data/jsut_ver1.1/basic5000/wav/BASIC5000_0264.wav,64,41,4,4.98,3,train
BASIC5000_0265,data/jsut_ver1.1/basic5000/wav/BASIC5000_0265.wav,59,36,3,4.38,3,train
BASIC5000_0266,data/jsut_ver1.1/basic5000/wav/BASIC5000_0266.wav,35,20,0,3.3,1,train
BASIC5000_0267,data/jsut_ver1.1/basic5000/wav/BASIC5000_0267.wav,46,30,2,3.81,2,train
BASIC5000_0268,data/jsut_ver1.1/basic5000/wav/BASIC5000_0268.wav,34,20,1,2.82,1,train
BASIC5000_0269,data/jsut_ver1.1/basic5000/wav/BASIC5000_0269.wav,66,39,2,4.98,3,val
BASIC5000_0270,data/jsut_ver1.1/basic5000/wav/BASIC5000_0270.wav,113,64,2,8.49,4,train
BASIC5000_0271,data/jsut_ver1.1/basic5000/wav/BASIC5000_0271.wav,40,24,1,3.2,2,train
BASIC5000_0272,data/jsut_ver1.1/basic5000/wav/BASIC5000_0272.wav,40,24,1,3.31,2,train
BASIC5000_0273,data/jsut_ver1.1/basic5000/wav/BASIC5000_0273.wav,86,51,4,6.38,4,train
BASIC5000_0274,data/jsut_ver1.1/basic5000/wav/BASIC5000_0274.wav,63,38,2,4.66,3,train
BASIC5000_0275,data/jsut_ver1.1/basic5000/wav/BASIC5000_0275.wav,61,37,2,5.06,3,test
BASIC5000_0276,data/jsut_ver1.1/basic5000/wav/BASIC5000_0276.wav,70,43,2,5.19,4,train
BASIC5000_0277,data/jsut_ver1.1/basic5000/wav/BASIC5000_0277.wav,51,30,0,4.41,3,train
BASIC5000_0278,data/jsut_ver1.1/basic5000/wav/BASIC5000_0278.wav,61,35,1,4.56,3,train
BASIC5000_0279,data/jsut_ver1.1/basic5000/wav/BASIC5000_0279.wav,43,26,0,3.59,2,train
BASIC5000_0280,data/jsut_ver1.1/basic5000/wav/BASIC5000_0280.wav,36,22,2,3.78,1,train
BASIC5000_0281,data/jsut_ver1.1/basic5000/wav/BASIC5000_0281.wav,31,19,2,2.75,1,train
BASIC5000_0282,data/jsut_ver1.1/basic5000/wav/BASIC5000_0282.wav,71,42,1,5.74,4,train
BASIC5000_0283,data/jsut_ver1.1/basic5000/wav/BASIC5000_0283.wav,33,18,0,2.77,1,train
BASIC5000_0284,data/jsut_ver1.1/basic5000/wav/BASIC5000_0284.wav,43,26,1,3.41,2,train
BASIC5000_0285,data/jsut_ver1.1/basic5000/wav/BASIC5000_0285.wav,41,24,0,3.36,2,train
BASIC5000_0286,data/jsut_ver1.1/basic5000/wav/BASIC5000_0286.wav,66,37,1,5.1,3,train
BASIC5000_0287,data/jsut_ver1.1/basic5000/wav/BASIC5000_0287.wav,75,44,1,5.72,4,train
BASIC5000_0288,data/jsut_ver1.1/basic5000/wav/BASIC5000_0288.wav,38,26,4,3.07,1,train
BASIC5000_0289,data/jsut_ver1.1/basic5000/wav/BASIC5000_0289.wav,48,27,0,3.91,2,train
BASIC5000_0290,data/jsut_ver1.1/basic5000/wav/BASIC5000_0290.wav,95,56,1,6.79,4,train
BASIC5000_0291,data/jsut_ver1.1/basic5000/wav/BASIC5000_0291.wav,45,26,2,3.36,2,train
BASIC5000_0292,data/jsut_ver1.1/basic5000/wav/BASIC5000_0292.wav,36,21,1,2.76,1,test
BASIC5000_0293,data/jsut_ver1.1/basic5000/wav/BASIC5000_0293.wav,40,23,1,3.24,2,test
BASIC5000_0294,data/jsut_ver1.1/basic5000/wav/BASIC5000_0294.wav,53,31,1,3.9,3,test
BASIC5000_0295,data/jsut_ver1.1/basic5000/wav/BASIC5000_0295.wav,59,36,3,4.23,3,train
BASIC5000_0296,data/jsut_ver1.1/basic5000/wav/BASIC5000_0296.wav,87,48,0,6.69,4,train
BASIC5000_0297,data/jsut_ver1.1/basic5000/wav/BASIC5000_0297.wav,35,22,1,2.78,1,test
BASIC5000_0298,data/jsut_ver1.1/basic5000/wav/BASIC5000_0298.wav,48,26,1,3.8,2,train
BASIC5000_0299,data/jsut_ver1.1/basic5000/wav/BASIC5000_0299.wav,32,19,0,3.05,1,train
BASIC5000_0300,data/jsut_ver1.1/basic5000/wav/BASIC5000_0300.wav,36,23,2,2.96,1,train
BASIC5000_0301,data/jsut_ver1.1/basic5000/wav/BASIC5000_0301.wav,55,35,2,4.3,3,train
BASIC5000_0302,data/jsut_ver1.1/basic5000/wav/BASIC5000_0302.wav,46,27,0,3.67,2,train
BASIC5000_0303,data/jsut_ver1.1/basic5000/wav/BASIC5000_0303.wav,38,23,1,2.96,1,train
BASIC5000_0304,data/jsut_ver1.1/basic5000/wav/BASIC5000_0304.wav,62,37,2,4.69,3,test
BASIC5000_0305,data/jsut_ver1.1/basic5000/wav/BASIC5000_0305.wav,113,72,4,8.63,4,train
BASIC5000_0306,data/jsut_ver1.1/basic5000/wav/BASIC5000_0306.wav,72,48,2,5.73,4,train
BASIC5000_0307,data/jsut_ver1.1/basic5000/wav/BASIC5000_0307.wav,49,29,0,3.72,2,val
BASIC5000_0308,data/jsut_ver1.1/basic5000/wav/BASIC5000_0308.wav,28,17,0,2.53,1,train
BASIC5000_0309,data/jsut_ver1.1/basic5000/wav/BASIC5000_0309.wav,53,35,5,3.99,3,train
BASIC5000_0310,data/jsut_ver1.1/basic5000/wav/BASIC5000_0310.wav,29,17,0,2.38,1,train
BASIC5000_0311,data/jsut_ver1.1/basic5000/wav/BASIC5000_0311.wav,37,22,0,3.28,1,train
BASIC5000_0312,data/jsut_ver1.1/basic5000/wav/BASIC5000_0312.wav,43,25,1,3.38,2,train
BASIC5000_0313,data/jsut_ver1.1/basic5000/wav/BASIC5000_0313.wav,54,31,1,4.03,3,train
BASIC5000_0314,data/jsut_ver1.1/basic5000/wav/BASIC5000_0314.wav,39,25,4,3.18,1,train
BASIC5000_0315,data/jsut_ver1.1/basic5000/wav/BASIC5000_0315.wav,52,31,1,4.15,3,val
BASIC5000_0316,data/jsut_ver1.1/basic5000/wav/BASIC5000_0316.wav,36,21,2,2.88,1,val
BASIC5000_0317,data/jsut_ver1.1/basic5000/wav/BASIC5000_0317.wav,79,46,2,6.66,4,train
BASIC5000_0318,data/jsut_ver1.1/basic5000/wav/BASIC5000_0318.wav,36,21,1,2.97,1,train
BASIC5000_0319,data/jsut_ver1.1/basic5000/wav/BASIC5000_0319.wav,51,31,0,4.12,3,test
BASIC5000_0320,data/jsut_ver1.1/basic5000/wav/BASIC5000_0320.wav,75,42,1,5.64,4,train
BASIC5000_0321,data/jsut_ver1.1/basic5000/wav/BASIC5000_0321.wav,44,26,2,3.15,2,train
BASIC5000_0322,data/jsut_ver1.1/basic5000/wav/BASIC5000_0322.wav,53,31,0,4.23,3,train
BASIC5000_0323,data/jsut_ver1.1/basic5000/wav/BASIC5000_0323.wav,51,32,2,4.2,3,train
BASIC5000_0324,data/jsut_ver1.1/basic5000/wav/BASIC5000_0324.wav,39,22,0,2.92,1,train
BASIC5000_0325,data/jsut_ver1.1/basic5000/wav/BASIC5000_0325.wav,31,19,0,2.68,1,train
BASIC5000_0326,data/jsut_ver1.1/basic5000/wav/BASIC5000_0326.wav,46,29,2,3.5,2,train
BASIC5000_0327,data/jsut_ver1.1/basic5000/wav/BASIC5000_0327.wav,43,28,2,3.5,2,train
BASIC5000_0328,data/jsut_ver1.1/basic5000/wav/BASIC5000_0328.wav,44,27,3,3.35,2,train
BASIC5000_0329,data/jsut_ver1.1/basic5000/wav/BASIC5000_0329.wav,48,29,1,3.66,2,train
BASIC5000_0330,data/jsut_ver1.1/basic5000/wav/BASIC5000_0330.wav,33,21,1,3.06,1,val
BASIC5000_0331,data/jsut_ver1.1/basic5000/wav/BASIC5000_0331.wav,46,26,0,3.73,2,train
BASIC5000_0332,data/jsut_ver1.1/basic5000/wav/BASIC5000_0332.wav,63,37,2,4.88,3,train
BASIC5000_0333,data/jsut_ver1.1/basic5000/wav/BASIC5000_0333.wav,47,27,1,3.56,2,train
BASIC5000_0334,data/jsut_ver1.1/basic5000/wav/BASIC5000_0334.wav,76,43,1,5.38,4,train
BASIC5000_0335,data/jsut_ver1.1/basic5000/wav/BASIC5000_0335.wav,42,27,0,4.18,2,train
BASIC5000_0336,data/jsut_ver1.1/basic5000/wav/BASIC5000_0336.wav,33,18,0,3.43,1,train
BASIC5000_0337,data/jsut_ver1.1/basic5000/wav/BASIC5000_0337.wav,98,58,2,7.62,4,train
BASIC5000_0338,data/jsut_ver1.1/basic5000/wav/BASIC5000_0338.wav,36,22,2,3.12,1,train
BASIC5000_0339,data/jsut_ver1.1/basic5000/wav/BASIC5000_0339.wav,34,23,3,3.64,1,train
BASIC5000_0340,data/jsut_ver1.1/basic5000/wav/BASIC5000_0340.wav,45,26,2,4.07,2,val
BASIC5000_0341,data/jsut_ver1.1/basic5000/wav/BASIC5000_0341.wav,51,31,0,4.49,3,train
BASIC5000_0342,data/jsut_ver1.1/basic5000/wav/BASIC5000_0342.wav,46,28,1,3.77,2,train
BASIC5000_0343,data/jsut_ver1.1/basic5000/wav/BASIC5000_0343.wav,37,23,1,3.32,1,train
BASIC5000_0344,data/jsut_ver1.1/basic5000/wav/BASIC5000_0344.wav,43,26,2,3.3,2,train
BASIC5000_0345,data/jsut_ver1.1/basic5000/wav/BASIC5000_0345.wav,36,23,2,2.73,1,train
BASIC5000_0346,data/jsut_ver1.1/basic5000/wav/BASIC5000_0346.wav,88,51,1,6.81,4,train
BASIC5000_0347,data/jsut_ver1.1/basic5000/wav/BASIC5000_0347.wav,79,46,1,6.08,4,train
BASIC5000_0348,data/jsut_ver1.1/basic5000/wav/BASIC5000_0348.wav,46,27,1,3.88,2,train
BASIC5000_0349,data/jsut_ver1.1/basic5000/wav/BASIC5000_0349.wav,47,27,0,3.96,2,train
BASIC5000_0350,data/jsut_ver1.1/basic5000/wav/BASIC5000_0350.wav,40,22,1,3.38,2,train
BASIC5000_0351,data/jsut_ver1.1/basic5000/wav/BASIC5000_0351.wav,35,20,0,3.11,1,train
BASIC5000_0352,data/jsut_ver1.1/basic5000/wav/BASIC5000_0352.wav,33,21,1,3.03,1,train
BASIC5000_0353,data/jsut_ver1.1/basic5000/wav/BASIC5000_0353.wav,36,24,3,3.15,1,train
BASIC5000_0354,data/jsut_ver1.1/basic5000/wav/BASIC5000_0354.wav,62,39,3,4.85,3,train
BASIC5000_0355,data/jsut_ver1.1/basic5000/wav/BASIC5000_0355.wav,40,26,1,3.44,2,train
BASIC5000_0356,data/jsut_ver1.1/basic5000/wav/BASIC5000_0356.wav,36,22,1,3.09,1,val
BASIC5000_0357,data/jsut_ver1.1/basic5000/wav/BASIC5000_0357.wav,58,36,2,4.47,3,train
BASIC5000_0358,data/jsut_ver1.1/basic5000/wav/BASIC5000_0358.wav,36,23,3,3.18,1,train
BASIC5000_0359,data/jsut_ver1.1/basic5000/wav/BASIC5000_0359.wav,50,27,0,3.99,3,train
BASIC5000_0360,data/jsut_ver1.1/basic5000/wav/BASIC5000_0360.wav,32,18,0,2.65,1,train
BASIC5000_0361,data/jsut_ver1.1/basic5000/wav/BASIC5000_0361.wav,33,21,2,2.87,1,val
BASIC5000_0362,data/jsut_ver1.1/basic5000/wav/BASIC5000_0362.wav,38,24,4,3.32,1,train
BASIC5000_0363,data/jsut_ver1.1/basic5000/wav/BASIC5000_0363.wav,57,33,0,5.199291666666666,3,train
BASIC5000_0364,data/jsut_ver1.1/basic5000/wav/BASIC5000_0364.wav,44,25,0,3.47,2,train
BASIC5000_0365,data/jsut_ver1.1/basic5000/wav/BASIC5000_0365.wav,42,24,2,3.54,2,train
BASIC5000_0366,data/jsut_ver1.1/basic5000/wav/BASIC5000_0366.wav,52,32,2,4.1,3,train
BASIC5000_0367,data/jsut_ver1.1/basic5000/wav/BASIC5000_0367.wav,39,23,1,3.71,1,train
BASIC5000_0368,data/jsut_ver1.1/basic5000/wav/BASIC5000_0368.wav,49,30,2,4.06,2,train
BASIC5000_0369,data/jsut_ver1.1/basic5000/wav/BASIC5000_0369.wav,121,71,5,8.48,4,train
BASIC5000_0370,data/jsut_ver1.1/basic5000/wav/BASIC5000_0370.wav,60,34,0,5.09,3,train
BASIC5000_0371,data/jsut_ver1.1/basic5000/wav/BASIC5000_0371.wav,44,26,0,3.62,2,train
BASIC5000_0372,data/jsut_ver1.1/basic5000/wav/BASIC5000_0372.wav,38,23,1,3.21,1,train
BASIC5000_0373,data/jsut_ver1.1/basic5000/wav/BASIC5000_0373.wav,42,25,1,3.35,2,train
BASIC5000_0374,data/jsut_ver1.1/basic5000/wav/BASIC5000_0374.wav,71,41,2,5.28,4,val
BASIC5000_0375,data/jsut_ver1.1/basic5000/wav/BASIC5000_0375.wav,49,32,2,3.87,2,train
BASIC5000_0376,data/jsut_ver1.1/basic5000/wav/BASIC5000_0376.wav,42,26,2,4.68,2,train
BASIC5000_0377,data/jsut_ver1.1/basic5000/wav/BASIC5000_0377.wav,53,32,2,4.08,3,train
BASIC5000_0378,data/jsut_ver1.1/basic5000/wav/BASIC5000_0378.wav,35,20,1,2.81,1,val
BASIC5000_0379,data/jsut_ver1.1/basic5000/wav/BASIC5000_0379.wav,39,22,1,3.18,1,test
BASIC5000_0380,data/jsut_ver1.1/basic5000/wav/BASIC5000_0380.wav,49,29,2,3.75,2,train
BASIC5000_0381,data/jsut_ver1.1/basic5000/wav/BASIC5000_0381.wav,60,36,3,4.82,3,train
BASIC5000_0382,data/jsut_ver1.1/basic5000/wav/BASIC5000_0382.wav,41,26,3,3.11,2,train
BASIC5000_0383,data/jsut_ver1.1/basic5000/wav/BASIC5000_0383.wav,34,19,0,3.16,1,val
BASIC5000_0384,data/jsut_ver1.1/basic5000/wav/BASIC5000_0384.wav,51,33,2,3.87,3,train
BASIC5000_0385,data/jsut_ver1.1/basic5000/wav/BASIC5000_0385.wav,48,27,0,4.16,2,train
BASIC5000_0386,data/jsut_ver1.1/basic5000/wav/BASIC5000_0386.wav,39,23,1,3.23,1,train
BASIC5000_0387,data/jsut_ver1.1/basic5000/wav/BASIC5000_0387.wav,54,31,3,3.95,3,train
BASIC5000_0388,data/jsut_ver1.1/basic5000/wav/BASIC5000_0388.wav,39,22,1,3.07,1,train
BASIC5000_0389,data/jsut_ver1.1/basic5000/wav/BASIC5000_0389.wav,100,60,1,6.99,4,train
BASIC5000_0390,data/jsut_ver1.1/basic5000/wav/BASIC5000_0390.wav,45,27,1,3.49,2,train
BASIC5000_0391,data/jsut_ver1.1/basic5000/wav/BASIC5000_0391.wav,31,17,0,2.58,1,train
BASIC5000_0392,data/jsut_ver1.1/basic5000/wav/BASIC5000_0392.wav,48,30,2,3.7,2,train
BASIC5000_0393,data/jsut_ver1.1/basic5000/wav/BASIC5000_0393.wav,42,26,3,2.97,2,train
BASIC5000_0394,data/jsut_ver1.1/basic5000/wav/BASIC5000_0394.wav,44,28,2,3.31,2,train
BASIC5000_0395,data/jsut_ver1.1/basic5000/wav/BASIC5000_0395.wav,51,29,0,3.86,3,train
BASIC5000_0396,data/jsut_ver1.1/basic5000/wav/BASIC5000_0396.wav,50,32,2,4.04,3,train
BASIC5000_0397,data/jsut_ver1.1/basic5000/wav/BASIC5000_0397.wav,44,28,2,3.5,2,train
BASIC5000_0398,data/jsut_ver1.1/basic5000/wav/BASIC5000_0398.wav,33,20,1,2.85,1,train
BASIC5000_0399,data/jsut_ver1.1/basic5000/wav/BASIC5000_0399.wav,36,20,0,2.77,1,val
BASIC5000_0400,data/jsut_ver1.1/basic5000/wav/BASIC5000_0400.wav,33,19,1,2.6,1,train
BASIC5000_0401,data/jsut_ver1.1/basic5000/wav/BASIC5000_0401.wav,75,47,1,5.85,4,train
BASIC5000_0402,data/jsut_ver1.1/basic5000/wav/BASIC5000_0402.wav,52,31,2,4.48,3,train
BASIC5000_0403,data/jsut_ver1.1/basic5000/wav/BASIC5000_0403.wav,48,28,1,3.88,2,train
BASIC5000_0404,data/jsut_ver1.1/basic5000/wav/BASIC5000_0404.wav,41,24,0,4.43,2,val
BASIC5000_0405,data/jsut_ver1.1/basic5000/wav/BASIC5000_0405.wav,37,24,2,3.4,1,train
BASIC5000_0406,data/jsut_ver1.1/basic5000/wav/BASIC5000_0406.wav,41,24,1,3.32,2,train
BASIC5000_0407,data/jsut_ver1.1/basic5000/wav/BASIC5000_0407.wav,42,22,0,4.87,2,train
BASIC5000_0408,data/jsut_ver1.1/basic5000/wav/BASIC5000_0408.wav,45,25,1,4.08,2,train
BASIC5000_0409,data/jsut_ver1.1/basic5000/wav/BASIC5000_0409.wav,49,29,1,4.0,2,train
BASIC5000_0410,data/jsut_ver1.1/basic5000/wav/BASIC5000_0410.wav,49,30,2,3.91,2,val
BASIC5000_0411,data/jsut_ver1.1/basic5000/wav/BASIC5000_0411.wav,40,25,1,3.3,2,train
BASIC5000_0412,data/jsut_ver1.1/basic5000/wav/BASIC5000_0412.wav,48,27,1,3.83,2,train
BASIC5000_0413,data/jsut_ver1.1/basic5000/wav/BASIC5000_0413.wav,50,30,1,4.12,3,val
BASIC5000_0414,data/jsut_ver1.1/basic5000/wav/BASIC5000_0414.wav,32,20,0,2.86,1,test
BASIC5000_0415,data/jsut_ver1.1/basic5000/wav/BASIC5000_0415.wav,89,54,0,7.4,4,train
BASIC5000_0416,data/jsut_ver1.1/basic5000/wav/BASIC5000_0416.wav,58,37,5,4.49,3,val
BASIC5000_0417,data/jsut_ver1.1/basic5000/wav/BASIC5000_0417.wav,44,27,1,3.75,2,train
BASIC5000_0418,data/jsut_ver1.1/basic5000/wav/BASIC5000_0418.wav,35,20,0,2.74,1,test
BASIC5000_0419,data/jsut_ver1.1/basic5000/wav/BASIC5000_0419.wav,37,20,0,3.1,1,train
BASIC5000_0420,data/jsut_ver1.1/basic5000/wav/BASIC5000_0420.wav,39,22,0,3.17,1,train
BASIC5000_0421,data/jsut_ver1.1/basic5000/wav/BASIC5000_0421.wav,90,52,3,6.18,4,train
BASIC5000_0422,data/jsut_ver1.1/basic5000/wav/BASIC5000_0422.wav,44,27,2,3.6,2,train
BASIC5000_0423,data/jsut_ver1.1/basic5000/wav/BASIC5000_0423.wav,47,31,4,3.72,2,train
BASIC5000_0424,data/jsut_ver1.1/basic5000/wav/BASIC5000_0424.wav,49,30,1,4.06,2,train
BASIC5000_0425,data/jsut_ver1.1/basic5000/wav/BASIC5000_0425.wav,38,25,3,3.0,1,train
BASIC5000_0426,data/jsut_ver1.1/basic5000/wav/BASIC5000_0426.wav,63,39,3,4.61,3,train
BASIC5000_0427,data/jsut_ver1.1/basic5000/wav/BASIC5000_0427.wav,38,25,3,3.15,1,train
BASIC5000_0428,data/jsut_ver1.1/basic5000/wav/BASIC5000_0428.wav,37,22,1,3.13,1,val
BASIC5000_0429,data/jsut_ver1.1/basic5000/wav/BASIC5000_0429.wav,42,23,0,3.35,2,train
BASIC5000_0430,data/jsut_ver1.1/basic5000/wav/BASIC5000_0430.wav,41,24,0,3.17,2,train
BASIC5000_0431,data/jsut_ver1.1/basic5000/wav/BASIC5000_0431.wav,59,37,2,4.56,3,train
BASIC5000_0432,data/jsut_ver1.1/basic5000/wav/BASIC5000_0432.wav,47,26,0,3.57,2,train
BASIC5000_0433,data/jsut_ver1.1/basic5000/wav/BASIC5000_0433.wav,44,26,2,3.44,2,train
BASIC5000_0434,data/jsut_ver1.1/basic5000/wav/BASIC5000_0434.wav,45,26,1,3.49,2,test
BASIC5000_0435,data/jsut_ver1.1/basic5000/wav/BASIC5000_0435.wav,38,21,1,2.85,1,train
BASIC5000_0436,data/jsut_ver1.1/basic5000/wav/BASIC5000_0436.wav,35,22,2,2.79,1,train
BASIC5000_0437,data/jsut_ver1.1/basic5000/wav/BASIC5000_0437.wav,56,31,1,3.99,3,train
BASIC5000_0438,data/jsut_ver1.1/basic5000/wav/BASIC5000_0438.wav,51,28,0,3.8,3,train
BASIC5000_0439,data/jsut_ver1.1/basic5000/wav/BASIC5000_0439.wav,42,24,1,3.14,2,train
BASIC5000_0440,data/jsut_ver1.1/basic5000/wav/BASIC5000_0440.wav,81,49,1,6.15,4,train
BASIC5000_0441,data/jsut_ver1.1/basic5000/wav/BASIC5000_0441.wav,34,20,1,2.99,1,train
BASIC5000_0442,data/jsut_ver1.1/basic5000/wav/BASIC5000_0442.wav,31,17,0,2.78,1,train
BASIC5000_0443,data/jsut_ver1.1/basic5000/wav/BASIC5000_0443.wav,30,18,1,2.62,1,train
BASIC5000_0444,data/jsut_ver1.1/basic5000/wav/BASIC5000_0444.wav,43,25,1,3.47,2,test
BASIC5000_0445,data/jsut_ver1.1/basic5000/wav/BASIC5000_0445.wav,33,20,0,2.9,1,train
BASIC5000_0446,data/jsut_ver1.1/basic5000/wav/BASIC5000_0446.wav,41,22,0,3.13,2,train
BASIC5000_0447,data/jsut_ver1.1/basic5000/wav/BASIC5000_0447.wav,37,20,0,2.96,1,train
BASIC5000_0448,data/jsut_ver1.1/basic5000/wav/BASIC5000_0448.wav,70,42,1,6.0,4,train
BASIC5000_0449,data/jsut_ver1.1/basic5000/wav/BASIC5000_0449.wav,44,27,2,3.56,2,train
BASIC5000_0450,data/jsut_ver1.1/basic5000/wav/BASIC5000_0450.wav,35,22,2,3.03,1,train
BASIC5000_0451,data/jsut_ver1.1/basic5000/wav/BASIC5000_0451.wav,39,21,0,3.06,1,train
BASIC5000_0452,data/jsut_ver1.1/basic5000/wav/BASIC5000_0452.wav,35,20,0,3.04,1,train
BASIC5000_0453,data/jsut_ver1.1/basic5000/wav/BASIC5000_0453.wav,32,19,1,2.88,1,train
BASIC5000_0454,data/jsut_ver1.1/basic5000/wav/BASIC5000_0454.wav,27,17,0,2.48,1,train
BASIC5000_0455,data/jsut_ver1.1/basic5000/wav/BASIC5000_0455.wav,46,27,1,3.64,2,train
BASIC5000_0456,data/jsut_ver1.1/basic5000/wav/BASIC5000_0456.wav,27,15,0,2.17,1,train
BASIC5000_0457,data/jsut_ver1.1/basic5000/wav/BASIC5000_0457.wav,57,35,3,4.28,3,train
BASIC5000_0458,data/jsut_ver1.1/basic5000/wav/BASIC5000_0458.wav,85,54,4,6.47,4,train
BASIC5000_0459,data/jsut_ver1.1/basic5000/wav/BASIC5000_0459.wav,43,24,1,3.5,2,test
BASIC5000_0460,data/jsut_ver1.1/basic5000/wav/BASIC5000_0460.wav,69,42,1,5.29,3,test
BASIC5000_0461,data/jsut_ver1.1/basic5000/wav/BASIC5000_0461.wav,48,30,3,3.64,2,train
BASIC5000_0462,data/jsut_ver1.1/basic5000/wav/BASIC5000_0462.wav,36,20,0,3.05,1,train
BASIC5000_0463,data/jsut_ver1.1/basic5000/wav/BASIC5000_0463.wav,31,20,1,2.64,1,train
BASIC5000_0464,data/jsut_ver1.1/basic5000/wav/BASIC5000_0464.wav,54,31,0,4.81,3,train
BASIC5000_0465,data/jsut_ver1.1/basic5000/wav/BASIC5000_0465.wav,65,43,3,5.24,3,train
BASIC5000_0466,data/jsut_ver1.1/basic5000/wav/BASIC5000_0466.wav,118,74,3,9.329291666666666,4,test
BASIC5000_0467,data/jsut_ver1.1/basic5000/wav/BASIC5000_0467.wav,48,28,0,4.14,2,train
BASIC5000_0468,data/jsut_ver1.1/basic5000/wav/BASIC5000_0468.wav,74,45,3,5.78,4,train
BASIC5000_0469,data/jsut_ver1.1/basic5000/wav/BASIC5000_0469.wav,70,42,2,5.17,4,train
BASIC5000_0470,data/jsut_ver1.1/basic5000/wav/BASIC5000_0470.wav,49,30,1,3.56,2,train
BASIC5000_0471,data/jsut_ver1.1/basic5000/wav/BASIC5000_0471.wav,42,25,2,3.11,2,train
BASIC5000_0472,data/jsut_ver1.1/basic5000/wav/BASIC5000_0472.wav,38,23,1,3.13,1,train
BASIC5000_0473,data/jsut_ver1.1/basic5000/wav/BASIC5000_0473.wav,46,29,3,3.67,2,train
BASIC5000_0474,data/jsut_ver1.1/basic5000/wav/BASIC5000_0474.wav,48,28,2,3.58,2,train
BASIC5000_0475,data/jsut_ver1.1/basic5000/wav/BASIC5000_0475.wav,40,24,3,3.02,2,train
BASIC5000_0476,data/jsut_ver1.1/basic5000/wav/BASIC5000_0476.wav,60,34,1,4.33,3,train
BASIC5000_0477,data/jsut_ver1.1/basic5000/wav/BASIC5000_0477.wav,69,45,4,5.12,3,train
BASIC5000_0478,data/jsut_ver1.1/basic5000/wav/BASIC5000_0478.wav,37,24,3,3.01,1,train
BASIC5000_0479,data/jsut_ver1.1/basic5000/wav/BASIC5000_0479.wav,41,26,2,3.36,2,train
BASIC5000_0480,data/jsut_ver1.1/basic5000/wav/BASIC5000_0480.wav,68,41,1,5.11,3,train
BASIC5000_0481,data/jsut_ver1.1/basic5000/wav/BASIC5000_0481.wav,34,22,1,3.0,1,train
BASIC5000_0482,data/jsut_ver1.1/basic5000/wav/BASIC5000_0482.wav,55,31,0,4.28,3,train
BASIC5000_0483,data/jsut_ver1.1/basic5000/wav/BASIC5000_0483.wav,43,26,1,3.56,2,val
BASIC5000_0484,data/jsut_ver1.1/basic5000/wav/BASIC5000_0484.wav,53,32,1,5.04,3,train
BASIC5000_0485,data/jsut_ver1.1/basic5000/wav/BASIC5000_0485.wav,34,18,0,2.66,1,train
BASIC5000_0486,data/jsut_ver1.1/basic5000/wav/BASIC5000_0486.wav,42,26,1,3.5,2,train
BASIC5000_0487,data/jsut_ver1.1/basic5000/wav/BASIC5000_0487.wav,52,33,3,4.09,3,train
BASIC5000_0488,data/jsut_ver1.1/basic5000/wav/BASIC5000_0488.wav,46,28,1,3.7,2,train
BASIC5000_0489,data/jsut_ver1.1/basic5000/wav/BASIC5000_0489.wav,45,26,2,3.37,2,train
BASIC5000_0490,data/jsut_ver1.1/basic5000/wav/BASIC5000_0490.wav,76,47,4,5.67,4,test
BASIC5000_0491,data/jsut_ver1.1/basic5000/wav/BASIC5000_0491.wav,94,60,3,7.12,4,train
BASIC5000_0492,data/jsut_ver1.1/basic5000/wav/BASIC5000_0492.wav,61,38,1,4.74,3,test
BASIC5000_0493,data/jsut_ver1.1/basic5000/wav/BASIC5000_0493.wav,37,22,1,3.15,1,val
BASIC5000_0494,data/jsut_ver1.1/basic5000/wav/BASIC5000_0494.wav,32,20,1,2.95,1,test
BASIC5000_0495,data/jsut_ver1.1/basic5000/wav/BASIC5000_0495.wav,41,25,1,3.37,2,train
BASIC5000_0496,data/jsut_ver1.1/basic5000/wav/BASIC5000_0496.wav,27,17,0,2.47,1,train
BASIC5000_0497,data/jsut_ver1.1/basic5000/wav/BASIC5000_0497.wav,55,32,0,4.869291666666666,3,train
BASIC5000_0498,data/jsut_ver1.1/basic5000/wav/BASIC5000_0498.wav,46,27,1,3.83,2,train
BASIC5000_0499,data/jsut_ver1.1/basic5000/wav/BASIC5000_0499.wav,30,18,0,3.67,1,test
BASIC5000_0500,data/jsut_ver1.1/basic5000/wav/BASIC5000_0500.wav,43,25,0,3.96,2,train
BASIC5000_0501,data/jsut_ver1.1/basic5000/wav/BASIC5000_0501.wav,51,30,2,4.04,3,train
BASIC5000_0502,data/jsut_ver1.1/basic5000/wav/BASIC5000_0502.wav,44,30,4,3.93,2,train
BASIC5000_0503,data/jsut_ver1.1/basic5000/wav/BASIC5000_0503.wav,43,25,1,3.68,2,train
BASIC5000_0504,data/jsut_ver1.1/basic5000/wav/BASIC5000_0504.wav,41,25,1,3.48,2,train
BASIC5000_0505,data/jsut_ver1.1/basic5000/wav/BASIC5000_0505.wav,45,26,2,3.57,2,train
BASIC5000_0506,data/jsut_ver1.1/basic5000/wav/BASIC5000_0506.wav,33,20,2,2.81,1,train
BASIC5000_0507,data/jsut_ver1.1/basic5000/wav/BASIC5000_0507.wav,37,22,0,3.54,1,train
BASIC5000_0508,data/jsut_ver1.1/basic5000/wav/BASIC5000_0508.wav,66,38,2,5.34,3,train
BASIC5000_0509,data/jsut_ver1.1/basic5000/wav/BASIC5000_0509.wav,39,27,2,3.7,1,train
BASIC5000_0510,data/jsut_ver1.1/basic5000/wav/BASIC5000_0510.wav,33,19,0,3.12,1,train
BASIC5000_0511,data/jsut_ver1.1/basic5000/wav/BASIC5000_0511.wav,41,25,2,3.59,2,train
BASIC5000_0512,data/jsut_ver1.1/basic5000/wav/BASIC5000_0512.wav,29,16,0,2.8,1,train
BASIC5000_0513,data/jsut_ver1.1/basic5000/wav/BASIC5000_0513.wav,41,24,2,3.43,2,train
BASIC5000_0514,data/jsut_ver1.1/basic5000/wav/BASIC5000_0514.wav,37,25,1,3.51,1,train
BASIC5000_0515,data/jsut_ver1.1/basic5000/wav/BASIC5000_0515.wav,46,30,3,4.0,2,train
BASIC5000_0516,data/jsut_ver1.1/basic5000/wav/BASIC5000_0516.wav,45,28,2,3.78,2,test
BASIC5000_0517,data/jsut_ver1.1/basic5000/wav/BASIC5000_0517.wav,58,33,0,4.6,3,train
BASIC5000_0518,data/jsut_ver1.1/basic5000/wav/BASIC5000_0518.wav,42,25,1,4.15,2,train
BASIC5000_0519,data/jsut_ver1.1/basic5000/wav/BASIC5000_0519.wav,56,29,0,4.33,3,train
BASIC5000_0520,data/jsut_ver1.1/basic5000/wav/BASIC5000_0520.wav,53,33,2,4.26,3,train
BASIC5000_0521,data/jsut_ver1.1/basic5000/wav/BASIC5000_0521.wav,31,19,1,2.81,1,train
BASIC5000_0522,data/jsut_ver1.1/basic5000/wav/BASIC5000_0522.wav,33,20,2,2.72,1,test
BASIC5000_0523,data/jsut_ver1.1/basic5000/wav/BASIC5000_0523.wav,51,30,1,4.2,3,train
BASIC5000_0524,data/jsut_ver1.1/basic5000/wav/BASIC5000_0524.wav,35,22,1,3.09,1,train
BASIC5000_0525,data/jsut_ver1.1/basic5000/wav/BASIC5000_0525.wav,35,21,2,3.18,1,train
BASIC5000_0526,data/jsut_ver1.1/basic5000/wav/BASIC5000_0526.wav,44,28,2,3.71,2,train
BASIC5000_0527,data/jsut_ver1.1/basic5000/wav/BASIC5000_0527.wav,40,24,1,3.61,2,train
BASIC5000_0528,data/jsut_ver1.1/basic5000/wav/BASIC5000_0528.wav,36,23,3,3.27,1,test
BASIC5000_0529,data/jsut_ver1.1/basic5000/wav/BASIC5000_0529.wav,38,23,0,3.3,1,val
BASIC5000_0530,data/jsut_ver1.1/basic5000/wav/BASIC5000_0530.wav,36,21,0,3.13,1,test
BASIC5000_0531,data/jsut_ver1.1/basic5000/wav/BASIC5000_0531.wav,35,22,2,3.35,1,train
BASIC5000_0532,data/jsut_ver1.1/basic5000/wav/BASIC5000_0532.wav,56,36,4,4.76,3,train
BASIC5000_0533,data/jsut_ver1.1/basic5000/wav/BASIC5000_0533.wav,33,19,1,2.89,1,train
BASIC5000_0534,data/jsut_ver1.1/basic5000/wav/BASIC5000_0534.wav,35,25,6,2.85,1,val
BASIC5000_0535,data/jsut_ver1.1/basic5000/wav/BASIC5000_0535.wav,39,24,1,3.51,1,val
BASIC5000_0536,data/jsut_ver1.1/basic5000/wav/BASIC5000_0536.wav,65,38,2,5.31,3,train
BASIC5000_0537,data/jsut_ver1.1/basic5000/wav/BASIC5000_0537.wav,29,18,0,3.05,1,val
BASIC5000_0538,data/jsut_ver1.1/basic5000/wav/BASIC5000_0538.wav,158,101,9,12.92,4,train
BASIC5000_0539,data/jsut_ver1.1/basic5000/wav/BASIC5000_0539.wav,38,21,0,3.4,1,train
BASIC5000_0540,data/jsut_ver1.1/basic5000/wav/BASIC5000_0540.wav,29,17,0,3.65,1,train
BASIC5000_0541,data/jsut_ver1.1/basic5000/wav/BASIC5000_0541.wav,37,23,0,3.26,1,train
BASIC5000_0542,data/jsut_ver1.1/basic5000/wav/BASIC5000_0542.wav,36,22,3,3.34,1,train
BASIC5000_0543,data/jsut_ver1.1/basic5000/wav/BASIC5000_0543.wav,81,47,1,6.62,4,train
BASIC5000_0544,data/jsut_ver1.1/basic5000/wav/BASIC5000_0544.wav,36,23,2,3.01,1,train
BASIC5000_0545,data/jsut_ver1.1/basic5000/wav/BASIC5000_0545.wav,27,18,1,2.83,1,train
BASIC5000_0546,data/jsut_ver1.1/basic5000/wav/BASIC5000_0546.wav,53,31,1,4.29,3,train
BASIC5000_0547,data/jsut_ver1.1/basic5000/wav/BASIC5000_0547.wav,49,29,2,3.8,2,train
BASIC5000_0548,data/jsut_ver1.1/basic5000/wav/BASIC5000_0548.wav,52,31,3,3.82,3,test
BASIC5000_0549,data/jsut_ver1.1/basic5000/wav/BASIC5000_0549.wav,62,35,0,5.68,3,train
BASIC5000_0550,data/jsut_ver1.1/basic5000/wav/BASIC5000_0550.wav,75,41,1,5.97,4,train
BASIC5000_0551,data/jsut_ver1.1/basic5000/wav/BASIC5000_0551.wav,55,34,2,4.1,3,train
BASIC5000_0552,data/jsut_ver1.1/basic5000/wav/BASIC5000_0552.wav,37,22,0,3.11,1,train
BASIC5000_0553,data/jsut_ver1.1/basic5000/wav/BASIC5000_0553.wav,33,21,2,2.89,1,train
BASIC5000_0554,data/jsut_ver1.1/basic5000/wav/BASIC5000_0554.wav,56,34,3,4.38,3,train
BASIC5000_0555,data/jsut_ver1.1/basic5000/wav/BASIC5000_0555.wav,41,26,3,3.13,2,train
BASIC5000_0556,data/jsut_ver1.1/basic5000/wav/BASIC5000_0556.wav,33,18,0,2.81,1,test
BASIC5000_0557,data/jsut_ver1.1/basic5000/wav/BASIC5000_0557.wav,41,24,0,3.59,2,train
BASIC5000_0558,data/jsut_ver1.1/basic5000/wav/BASIC5000_0558.wav,48,29,2,4.07,2,train
BASIC5000_0559,data/jsut_ver1.1/basic5000/wav/BASIC5000_0559.wav,47,30,1,3.95,2,train
BASIC5000_0560,data/jsut_ver1.1/basic5000/wav/BASIC5000_0560.wav,64,37,0,5.04,3,train
BASIC5000_0561,data/jsut_ver1.1/basic5000/wav/BASIC5000_0561.wav,41,25,3,3.72,2,train
BASIC5000_0562,data/jsut_ver1.1/basic5000/wav/BASIC5000_0562.wav,40,26,2,3.72,2,test
BASIC5000_0563,data/jsut_ver1.1/basic5000/wav/BASIC5000_0563.wav,46,26,0,3.81,2,train
BASIC5000_0564,data/jsut_ver1.1/basic5000/wav/BASIC5000_0564.wav,79,46,0,6.18,4,train
BASIC5000_0565,data/jsut_ver1.1/basic5000/wav/BASIC5000_0565.wav,55,29,0,4.24,3,train
BASIC5000_0566,data/jsut_ver1.1/basic5000/wav/BASIC5000_0566.wav,39,25,2,3.43,1,train
BASIC5000_0567,data/jsut_ver1.1/basic5000/wav/BASIC5000_0567.wav,29,18,0,2.8,1,train
BASIC5000_0568,data/jsut_ver1.1/basic5000/wav/BASIC5000_0568.wav,32,19,2,3.199291666666667,1,test
BASIC5000_0569,data/jsut_ver1.1/basic5000/wav/BASIC5000_0569.wav,45,25,1,3.74,2,train
BASIC5000_0570,data/jsut_ver1.1/basic5000/wav/BASIC5000_0570.wav,123,77,5,9.92,4,train
BASIC5000_0571,data/jsut_ver1.1/basic5000/wav/BASIC5000_0571.wav,54,31,1,4.64,3,train
BASIC5000_0572,data/jsut_ver1.1/basic5000/wav/BASIC5000_0572.wav,50,33,6,3.98,3,train
BASIC5000_0573,data/jsut_ver1.1/basic5000/wav/BASIC5000_0573.wav,77,47,4,5.73,4,test
BASIC5000_0574,data/jsut_ver1.1/basic5000/wav/BASIC5000_0574.wav,35,23,3,3.04,1,train
BASIC5000_0575,data/jsut_ver1.1/basic5000/wav/BASIC5000_0575.wav,59,34,0,5.26,3,train
BASIC5000_0576,data/jsut_ver1.1/basic5000/wav/BASIC5000_0576.wav,37,24,3,3.09,1,train
BASIC5000_0577,data/jsut_ver1.1/basic5000/wav/BASIC5000_0577.wav,63,36,0,5.06,3,train
BASIC5000_0578,data/jsut_ver1.1/basic5000/wav/BASIC5000_0578.wav,81,50,3,6.9,4,train
BASIC5000_0579,data/jsut_ver1.1/basic5000/wav/BASIC5000_0579.wav,39,25,1,3.36,1,train
BASIC5000_0580,data/jsut_ver1.1/basic5000/wav/BASIC5000_0580.wav,42,24,0,3.85,2,train
BASIC5000_0581,data/jsut_ver1.1/basic5000/wav/BASIC5000_0581.wav,57,33,1,4.7,3,train
BASIC5000_0582,data/jsut_ver1.1/basic5000/wav/BASIC5000_0582.wav,36,21,0,3.11,1,train
BASIC5000_0583,data/jsut_ver1.1/basic5000/wav/BASIC5000_0583.wav,43,29,5,4.829291666666666,2,train
BASIC5000_0584,data/jsut_ver1.1/basic5000/wav/BASIC5000_0584.wav,48,28,0,4.34,2,train
BASIC5000_0585,data/jsut_ver1.1/basic5000/wav/BASIC5000_0585.wav,34,18,1,3.72,1,train
BASIC5000_0586,data/jsut_ver1.1/basic5000/wav/BASIC5000_0586.wav,45,27,1,3.79,2,train
BASIC5000_0587,data/jsut_ver1.1/basic5000/wav/BASIC5000_0587.wav,39,23,1,3.36,1,val
BASIC5000_0588,data/jsut_ver1.1/basic5000/wav/BASIC5000_0588.wav,49,31,2,4.25,2,train
BASIC5000_0589,data/jsut_ver1.1/basic5000/wav/BASIC5000_0589.wav,45,26,1,4.269291666666667,2,train
BASIC5000_0590,data/jsut_ver1.1/basic5000/wav/BASIC5000_0590.wav,44,29,2,3.65,2,train
BASIC5000_0591,data/jsut_ver1.1/basic5000/wav/BASIC5000_0591.wav,43,26,1,3.52,2,train
BASIC5000_0592,data/jsut_ver1.1/basic5000/wav/BASIC5000_0592.wav,53,29,1,4.17,3,train
BASIC5000_0593,data/jsut_ver1.1/basic5000/wav/BASIC5000_0593.wav,41,23,0,3.31,2,train
BASIC5000_0594,data/jsut_ver1.1/basic5000/wav/BASIC5000_0594.wav,43,26,2,3.51,2,train
BASIC5000_0595,data/jsut_ver1.1/basic5000/wav/BASIC5000_0595.wav,44,28,4,3.8,2,val
BASIC5000_0596,data/jsut_ver1.1/basic5000/wav/BASIC5000_0596.wav,36,22,2,3.16,1,train
BASIC5000_0597,data/jsut_ver1.1/basic5000/wav/BASIC5000_0597.wav,51,27,0,4.17,3,train
BASIC5000_0598,data/jsut_ver1.1/basic5000/wav/BASIC5000_0598.wav,93,54,1,7.33,4,train
BASIC5000_0599,data/jsut_ver1.1/basic5000/wav/BASIC5000_0599.wav,48,30,2,3.98,2,train
BASIC5000_0600,data/jsut_ver1.1/basic5000/wav/BASIC5000_0600.wav,54,34,4,4.59,3,val
BASIC5000_0601,data/jsut_ver1.1/basic5000/wav/BASIC5000_0601.wav,39,22,0,3.56,1,train
BASIC5000_0602,data/jsut_ver1.1/basic5000/wav/BASIC5000_0602.wav,43,25,1,4.159291666666666,2,train
BASIC5000_0603,data/jsut_ver1.1/basic5000/wav/BASIC5000_0603.wav,33,20,0,3.44,1,train
BASIC5000_0604,data/jsut_ver1.1/basic5000/wav/BASIC5000_0604.wav,49,29,1,4.04,2,train
BASIC5000_0605,data/jsut_ver1.1/basic5000/wav/BASIC5000_0605.wav,44,26,1,3.77,2,val
BASIC5000_0606,data/jsut_ver1.1/basic5000/wav/BASIC5000_0606.wav,38,22,2,3.04,1,val
BASIC5000_0607,data/jsut_ver1.1/basic5000/wav/BASIC5000_0607.wav,34,18,0,3.68,1,test
BASIC5000_0608,data/jsut_ver1.1/basic5000/wav/BASIC5000_0608.wav,41,27,2,3.54,2,test
BASIC5000_0609,data/jsut_ver1.1/basic5000/wav/BASIC5000_0609.wav,100,62,4,7.87,4,train
BASIC5000_0610,data/jsut_ver1.1/basic5000/wav/BASIC5000_0610.wav,42,27,3,3.49,2,train
BASIC5000_0611,data/jsut_ver1.1/basic5000/wav/BASIC5000_0611.wav,40,26,3,3.83,2,train
BASIC5000_0612,data/jsut_ver1.1/basic5000/wav/BASIC5000_0612.wav,43,25,0,4.04,2,val
BASIC5000_0613,data/jsut_ver1.1/basic5000/wav/BASIC5000_0613.wav,35,20,0,3.87,1,train
BASIC5000_0614,data/jsut_ver1.1/basic5000/wav/BASIC5000_0614.wav,67,41,4,5.31,3,test
BASIC5000_0615,data/jsut_ver1.1/basic5000/wav/BASIC5000_0615.wav,33,18,1,2.94,1,train
BASIC5000_0616,data/jsut_ver1.1/basic5000/wav/BASIC5000_0616.wav,42,25,1,3.47,2,test
BASIC5000_0617,data/jsut_ver1.1/basic5000/wav/BASIC5000_0617.wav,206,127,8,15.99,4,train
BASIC5000_0618,data/jsut_ver1.1/basic5000/wav/BASIC5000_0618.wav,63,37,1,5.41,3,train
BASIC5000_0619,data/jsut_ver1.1/basic5000/wav/BASIC5000_0619.wav,73,43,2,5.84,4,train
BASIC5000_0620,data/jsut_ver1.1/basic5000/wav/BASIC5000_0620.wav,39,24,1,3.21,1,train
BASIC5000_0621,data/jsut_ver1.1/basic5000/wav/BASIC5000_0621.wav,40,24,2,3.26,2,train
BASIC5000_0622,data/jsut_ver1.1/basic5000/wav/BASIC5000_0622.wav,54,33,2,4.31,3,train
BASIC5000_0623,data/jsut_ver1.1/basic5000/wav/BASIC5000_0623.wav,74,44,0,6.51,4,train
BASIC5000_0624,data/jsut_ver1.1/basic5000/wav/BASIC5000_0624.wav,37,21,0,3.2,1,train
BASIC5000_0625,data/jsut_ver1.1/basic5000/wav/BASIC5000_0625.wav,80,45,0,6.17,4,train
BASIC5000_0626,data/jsut_ver1.1/basic5000/wav/BASIC5000_0626.wav,42,27,1,3.73,2,train
BASIC5000_0627,data/jsut_ver1.1/basic5000/wav/BASIC5000_0627.wav,41,24,0,3.69,2,train
BASIC5000_0628,data/jsut_ver1.1/basic5000/wav/BASIC5000_0628.wav,49,28,0,4.97,2,train
BASIC5000_0629,data/jsut_ver1.1/basic5000/wav/BASIC5000_0629.wav,35,23,2,3.3,1,train
BASIC5000_0630,data/jsut_ver1.1/basic5000/wav/BASIC5000_0630.wav,46,26,0,4.0,2,train
BASIC5000_0631,data/jsut_ver1.1/basic5000/wav/BASIC5000_0631.wav,32,20,1,2.78,1,train
BASIC5000_0632,data/jsut_ver1.1/basic5000/wav/BASIC5000_0632.wav,48,32,3,4.24,2,train
BASIC5000_0633,data/jsut_ver1.1/basic5000/wav/BASIC5000_0633.wav,38,22,0,3.25,1,train
BASIC5000_0634,data/jsut_ver1.1/basic5000/wav/BASIC5000_0634.wav,36,23,2,3.22,1,train
BASIC5000_0635,data/jsut_ver1.1/basic5000/wav/BASIC5000_0635.wav,47,31,5,4.05,2,train
BASIC5000_0636,data/jsut_ver1.1/basic5000/wav/BASIC5000_0636.wav,57,34,1,4.75,3,train
BASIC5000_0637,data/jsut_ver1.1/basic5000/wav/BASIC5000_0637.wav,45,26,1,3.99,2,train
BASIC5000_0638,data/jsut_ver1.1/basic5000/wav/BASIC5000_0638.wav,53,33,1,4.51,3,val
BASIC5000_0639,data/jsut_ver1.1/basic5000/wav/BASIC5000_0639.wav,44,27,1,3.71,2,train
BASIC5000_0640,data/jsut_ver1.1/basic5000/wav/BASIC5000_0640.wav,37,21,2,3.01,1,train
BASIC5000_0641,data/jsut_ver1.1/basic5000/wav/BASIC5000_0641.wav,55,31,1,4.53,3,train
BASIC5000_0642,data/jsut_ver1.1/basic5000/wav/BASIC5000_0642.wav,37,22,1,3.85,1,train
BASIC5000_0643,data/jsut_ver1.1/basic5000/wav/BASIC5000_0643.wav,45,26,2,3.58,2,train
BASIC5000_0644,data/jsut_ver1.1/basic5000/wav/BASIC5000_0644.wav,36,21,0,3.29,1,test
BASIC5000_0645,data/jsut_ver1.1/basic5000/wav/BASIC5000_0645.wav,37,22,1,3.19,1,train
BASIC5000_0646,data/jsut_ver1.1/basic5000/wav/BASIC5000_0646.wav,50,31,3,4.939291666666667,3,train
BASIC5000_0647,data/jsut_ver1.1/basic5000/wav/BASIC5000_0647.wav,68,37,2,6.48,3,train
BASIC5000_0648,data/jsut_ver1.1/basic5000/wav/BASIC5000_0648.wav,59,35,1,5.22,3,train
BASIC5000_0649,data/jsut_ver1.1/basic5000/wav/BASIC5000_0649.wav,39,24,1,3.75,1,train
BASIC5000_0650,data/jsut_ver1.1/basic5000/wav/BASIC5000_0650.wav,28,17,0,2.75,1,train
BASIC5000_0651,data/jsut_ver1.1/basic5000/wav/BASIC5000_0651.wav,77,45,1,6.46,4,train
BASIC5000_0652,data/jsut_ver1.1/basic5000/wav/BASIC5000_0652.wav,40,23,0,3.95,2,train
BASIC5000_0653,data/jsut_ver1.1/basic5000/wav/BASIC5000_0653.wav,63,38,2,5.92,3,train
BASIC5000_0654,data/jsut_ver1.1/basic5000/wav/BASIC5000_0654.wav,32,19,0,2.99,1,train
BASIC5000_0655,data/jsut_ver1.1/basic5000/wav/BASIC5000_0655.wav,34,20,0,3.69,1,test
BASIC5000_0656,data/jsut_ver1.1/basic5000/wav/BASIC5000_0656.wav,40,24,1,3.53,2,train
BASIC5000_0657,data/jsut_ver1.1/basic5000/wav/BASIC5000_0657.wav,30,17,0,3.16,1,train
BASIC5000_0658,data/jsut_ver1.1/basic5000/wav/BASIC5000_0658.wav,73,45,2,6.42,4,train
BASIC5000_0659,data/jsut_ver1.1/basic5000/wav/BASIC5000_0659.wav,42,24,0,4.05,2,train
BASIC5000_0660,data/jsut_ver1.1/basic5000/wav/BASIC5000_0660.wav,56,34,1,4.68,3,train
BASIC5000_0661,data/jsut_ver1.1/basic5000/wav/BASIC5000_0661.wav,56,33,1,4.9,3,train
BASIC5000_0662,data/jsut_ver1.1/basic5000/wav/BASIC5000_0662.wav,44,24,0,4.07,2,train
BASIC5000_0663,data/jsut_ver1.1/basic5000/wav/BASIC5000_0663.wav,32,18,0,2.91,1,train
BASIC5000_0664,data/jsut_ver1.1/basic5000/wav/BASIC5000_0664.wav,41,24,0,3.57,2,train
BASIC5000_0665,data/jsut_ver1.1/basic5000/wav/BASIC5000_0665.wav,68,41,2,5.47,3,train
BASIC5000_0666,data/jsut_ver1.1/basic5000/wav/BASIC5000_0666.wav,52,32,2,4.4,3,train
BASIC5000_0667,data/jsut_ver1.1/basic5000/wav/BASIC5000_0667.wav,37,23,3,3.33,1,train
BASIC5000_0668,data/jsut_ver1.1/basic5000/wav/BASIC5000_0668.wav,46,25,1,3.62,2,train
BASIC5000_0669,data/jsut_ver1.1/basic5000/wav/BASIC5000_0669.wav,32,19,1,2.83,1,train
BASIC5000_0670,data/jsut_ver1.1/basic5000/wav/BASIC5000_0670.wav,39,24,1,3.45,1,train
BASIC5000_0671,data/jsut_ver1.1/basic5000/wav/BASIC5000_0671.wav,37,22,0,3.18,1,test
BASIC5000_0672,data/jsut_ver1.1/basic5000/wav/BASIC5000_0672.wav,46,29,2,3.81,2,train
BASIC5000_0673,data/jsut_ver1.1/basic5000/wav/BASIC5000_0673.wav,39,23,2,3.26,1,val
BASIC5000_0674,data/jsut_ver1.1/basic5000/wav/BASIC5000_0674.wav,39,23,1,3.27,1,train
BASIC5000_0675,data/jsut_ver1.1/basic5000/wav/BASIC5000_0675.wav,53,31,0,4.26,3,train
BASIC5000_0676,data/jsut_ver1.1/basic5000/wav/BASIC5000_0676.wav,39,24,1,3.45,1,train
BASIC5000_0677,data/jsut_ver1.1/basic5000/wav/BASIC5000_0677.wav,44,27,1,3.51,2,val
BASIC5000_0678,data/jsut_ver1.1/basic5000/wav/BASIC5000_0678.wav,48,29,0,4.2,2,train
BASIC5000_0679,data/jsut_ver1.1/basic5000/wav/BASIC5000_0679.wav,49,28,1,4.09,2,train
BASIC5000_0680,data/jsut_ver1.1/basic5000/wav/BASIC5000_0680.wav,29,20,2,2.92,1,train
BASIC5000_0681,data/jsut_ver1.1/basic5000/wav/BASIC5000_0681.wav,56,33,0,5.85,3,train
BASIC5000_0682,data/jsut_ver1.1/basic5000/wav/BASIC5000_0682.wav,39,23,0,3.71,1,train
BASIC5000_0683,data/jsut_ver1.1/basic5000/wav/BASIC5000_0683.wav,32,20,1,2.98,1,train
BASIC5000_0684,data/jsut_ver1.1/basic5000/wav/BASIC5000_0684.wav,39,22,1,3.15,1,train
BASIC5000_0685,data/jsut_ver1.1/basic5000/wav/BASIC5000_0685.wav,34,20,1,3.21,1,train
BASIC5000_0686,data/jsut_ver1.1/basic5000/wav/BASIC5000_0686.wav,42,26,1,3.94,2,train
BASIC5000_0687,data/jsut_ver1.1/basic5000/wav/BASIC5000_0687.wav,31,20,1,2.74,1,train
BASIC5000_0688,data/jsut_ver1.1/basic5000/wav/BASIC5000_0688.wav,41,26,1,3.61,2,train
BASIC5000_0689,data/jsut_ver1.1/basic5000/wav/BASIC5000_0689.wav,39,24,1,3.51,1,val
BASIC5000_0690,data/jsut_ver1.1/basic5000/wav/BASIC5000_0690.wav,42,25,0,3.55,2,train
BASIC5000_0691,data/jsut_ver1.1/basic5000/wav/BASIC5000_0691.wav,52,33,3,4.34,3,test
BASIC5000_0692,data/jsut_ver1.1/basic5000/wav/BASIC5000_0692.wav,43,25,0,3.89,2,test
BASIC5000_0693,data/jsut_ver1.1/basic5000/wav/BASIC5000_0693.wav,39,23,1,3.79,1,train
BASIC5000_0694,data/jsut_ver1.1/basic5000/wav/BASIC5000_0694.wav,41,23,1,3.68,2,train
BASIC5000_0695,data/jsut_ver1.1/basic5000/wav/BASIC5000_0695.wav,40,21,0,3.54,2,val
BASIC5000_0696,data/jsut_ver1.1/basic5000/wav/BASIC5000_0696.wav,77,48,3,6.24,4,train
BASIC5000_0697,data/jsut_ver1.1/basic5000/wav/BASIC5000_0697.wav,120,75,6,9.21,4,train
BASIC5000_0698,data/jsut_ver1.1/basic5000/wav/BASIC5000_0698.wav,43,26,1,3.53,2,train
BASIC5000_0699,data/jsut_ver1.1/basic5000/wav/BASIC5000_0699.wav,36,20,0,2.98,1,train
BASIC5000_0700,data/jsut_ver1.1/basic5000/wav/BASIC5000_0700.wav,74,45,3,6.62,4,train
BASIC5000_0701,data/jsut_ver1.1/basic5000/wav/BASIC5000_0701.wav,40,24,0,3.48,2,train
BASIC5000_0702,data/jsut_ver1.1/basic5000/wav/BASIC5000_0702.wav,19,12,1,5.13,1,train
BASIC5000_0703,data/jsut_ver1.1/basic5000/wav/BASIC5000_0703.wav,35,23,2,3.21,1,train
BASIC5000_0704,data/jsut_ver1.1/basic5000/wav/BASIC5000_0704.wav,37,21,0,3.22,1,train
BASIC5000_0705,data/jsut_ver1.1/basic5000/wav/BASIC5000_0705.wav,29,17,0,2.73,1,train
BASIC5000_0706,data/jsut_ver1.1/basic5000/wav/BASIC5000_0706.wav,35,22,1,3.23,1,test
BASIC5000_0707,data/jsut_ver1.1/basic5000/wav/BASIC5000_0707.wav,72,44,4,5.59,4,train
BASIC5000_0708,data/jsut_ver1.1/basic5000/wav/BASIC5000_0708.wav,44,27,0,3.86,2,train
BASIC5000_0709,data/jsut_ver1.1/basic5000/wav/BASIC5000_0709.wav,40,26,2,3.95,2,train
BASIC5000_0710,data/jsut_ver1.1/basic5000/wav/BASIC5000_0710.wav,43,25,2,3.88,2,train
BASIC5000_0711,data/jsut_ver1.1/basic5000/wav/BASIC5000_0711.wav,42,25,1,3.59,2,test
BASIC5000_0712,data/jsut_ver1.1/basic5000/wav/BASIC5000_0712.wav,60,40,5,5.49,3,train
BASIC5000_0713,data/jsut_ver1.1/basic5000/wav/BASIC5000_0713.wav,34,19,1,2.93,1,train
BASIC5000_0714,data/jsut_ver1.1/basic5000/wav/BASIC5000_0714.wav,50,29,0,4.35,3,train
BASIC5000_0715,data/jsut_ver1.1/basic5000/wav/BASIC5000_0715.wav,35,20,1,2.95,1,train
BASIC5000_0716,data/jsut_ver1.1/basic5000/wav/BASIC5000_0716.wav,84,49,0,6.81,4,train
BASIC5000_0717,data/jsut_ver1.1/basic5000/wav/BASIC5000_0717.wav,31,21,1,3.05,1,train
BASIC5000_0718,data/jsut_ver1.1/basic5000/wav/BASIC5000_0718.wav,50,30,2,4.0,3,train
BASIC5000_0719,data/jsut_ver1.1/basic5000/wav/BASIC5000_0719.wav,41,24,1,4.2,2,train
BASIC5000_0720,data/jsut_ver1.1/basic5000/wav/BASIC5000_0720.wav,38,25,2,3.36,1,train
BASIC5000_0721,data/jsut_ver1.1/basic5000/wav/BASIC5000_0721.wav,37,20,0,3.2,1,train
BASIC5000_0722,data/jsut_ver1.1/basic5000/wav/BASIC5000_0722.wav,42,26,2,3.54,2,val
BASIC5000_0723,data/jsut_ver1.1/basic5000/wav/BASIC5000_0723.wav,31,21,2,2.73,1,train
BASIC5000_0724,data/jsut_ver1.1/basic5000/wav/BASIC5000_0724.wav,55,33,1,4.39,3,train
BASIC5000_0725,data/jsut_ver1.1/basic5000/wav/BASIC5000_0725.wav,47,28,2,3.87,2,test
BASIC5000_0726,data/jsut_ver1.1/basic5000/wav/BASIC5000_0726.wav,103,63,4,7.88,4,val
BASIC5000_0727,data/jsut_ver1.1/basic5000/wav/BASIC5000_0727.wav,33,19,0,2.72,1,test
BASIC5000_0728,data/jsut_ver1.1/basic5000/wav/BASIC5000_0728.wav,54,29,0,4.68,3,test
BASIC5000_0729,data/jsut_ver1.1/basic5000/wav/BASIC5000_0729.wav,47,28,2,3.6,2,train
BASIC5000_0730,data/jsut_ver1.1/basic5000/wav/BASIC5000_0730.wav,42,27,2,3.57,2,train
BASIC5000_0731,data/jsut_ver1.1/basic5000/wav/BASIC5000_0731.wav,59,34,1,4.51,3,train
BASIC5000_0732,data/jsut_ver1.1/basic5000/wav/BASIC5000_0732.wav,61,36,1,5.2,3,test
BASIC5000_0733,data/jsut_ver1.1/basic5000/wav/BASIC5000_0733.wav,76,46,1,6.18,4,train
BASIC5000_0734,data/jsut_ver1.1/basic5000/wav/BASIC5000_0734.wav,37,22,0,3.37,1,train
BASIC5000_0735,data/jsut_ver1.1/basic5000/wav/BASIC5000_0735.wav,48,28,0,4.19,2,train
BASIC5000_0736,data/jsut_ver1.1/basic5000/wav/BASIC5000_0736.wav,35,20,2,2.98,1,train
BASIC5000_0737,data/jsut_ver1.1/basic5000/wav/BASIC5000_0737.wav,86,49,0,6.71,4,train
BASIC5000_0738,data/jsut_ver1.1/basic5000/wav/BASIC5000_0738.wav,38,23,2,3.45,1,test
BASIC5000_0739,data/jsut_ver1.1/basic5000/wav/BASIC5000_0739.wav,45,29,2,4.21,2,train
BASIC5000_0740,data/jsut_ver1.1/basic5000/wav/BASIC5000_0740.wav,71,43,1,5.83,4,train
BASIC5000_0741,data/jsut_ver1.1/basic5000/wav/BASIC5000_0741.wav,46,30,3,3.92,2,train
BASIC5000_0742,data/jsut_ver1.1/basic5000/wav/BASIC5000_0742.wav,50,31,2,3.9,3,test
BASIC5000_0743,data/jsut_ver1.1/basic5000/wav/BASIC5000_0743.wav,59,33,1,4.82,3,val
BASIC5000_0744,data/jsut_ver1.1/basic5000/wav/BASIC5000_0744.wav,45,27,3,3.74,2,train
BASIC5000_0745,data/jsut_ver1.1/basic5000/wav/BASIC5000_0745.wav,37,21,0,3.48,1,train
BASIC5000_0746,data/jsut_ver1.1/basic5000/wav/BASIC5000_0746.wav,91,55,4,7.46,4,train
BASIC5000_0747,data/jsut_ver1.1/basic5000/wav/BASIC5000_0747.wav,50,29,0,3.84,3,test
BASIC5000_0748,data/jsut_ver1.1/basic5000/wav/BASIC5000_0748.wav,46,29,3,3.48,2,train
BASIC5000_0749,data/jsut_ver1.1/basic5000/wav/BASIC5000_0749.wav,33,22,2,2.94,1,train
BASIC5000_0750,data/jsut_ver1.1/basic5000/wav/BASIC5000_0750.wav,42,28,3,3.74,2,train
BASIC5000_0751,data/jsut_ver1.1/basic5000/wav/BASIC5000_0751.wav,35,21,1,2.98,1,train
BASIC5000_0752,data/jsut_ver1.1/basic5000/wav/BASIC5000_0752.wav,41,23,0,3.58,2,train
BASIC5000_0753,data/jsut_ver1.1/basic5000/wav/BASIC5000_0753.wav,37,22,0,3.3,1,test
BASIC5000_0754,data/jsut_ver1.1/basic5000/wav/BASIC5000_0754.wav,49,27,0,3.87,2,train
BASIC5000_0755,data/jsut_ver1.1/basic5000/wav/BASIC5000_0755.wav,37,24,3,2.92,1,train
BASIC5000_0756,data/jsut_ver1.1/basic5000/wav/BASIC5000_0756.wav,43,27,3,3.47,2,train
BASIC5000_0757,data/jsut_ver1.1/basic5000/wav/BASIC5000_0757.wav,49,27,1,4.01,2,train
BASIC5000_0758,data/jsut_ver1.1/basic5000/wav/BASIC5000_0758.wav,51,32,3,4.46,3,val
BASIC5000_0759,data/jsut_ver1.1/basic5000/wav/BASIC5000_0759.wav,38,23,1,3.21,1,train
BASIC5000_0760,data/jsut_ver1.1/basic5000/wav/BASIC5000_0760.wav,43,26,4,3.89,2,train
BASIC5000_0761,data/jsut_ver1.1/basic5000/wav/BASIC5000_0761.wav,36,22,2,3.1,1,train
BASIC5000_0762,data/jsut_ver1.1/basic5000/wav/BASIC5000_0762.wav,55,35,1,4.74,3,train
BASIC5000_0763,data/jsut_ver1.1/basic5000/wav/BASIC5000_0763.wav,38,23,3,2.99,1,train
BASIC5000_0764,data/jsut_ver1.1/basic5000/wav/BASIC5000_0764.wav,44,27,0,3.9,2,train
BASIC5000_0765,data/jsut_ver1.1/basic5000/wav/BASIC5000_0765.wav,31,19,1,3.1,1,val
BASIC5000_0766,data/jsut_ver1.1/basic5000/wav/BASIC5000_0766.wav,45,27,1,4.16,2,val
BASIC5000_0767,data/jsut_ver1.1/basic5000/wav/BASIC5000_0767.wav,46,26,0,3.82,2,train
BASIC5000_0768,data/jsut_ver1.1/basic5000/wav/BASIC5000_0768.wav,51,31,1,4.3,3,train
BASIC5000_0769,data/jsut_ver1.1/basic5000/wav/BASIC5000_0769.wav,45,29,2,3.99,2,train
BASIC5000_0770,data/jsut_ver1.1/basic5000/wav/BASIC5000_0770.wav,42,26,0,3.7,2,val
BASIC5000_0771,data/jsut_ver1.1/basic5000/wav/BASIC5000_0771.wav,63,37,1,5.17,3,train
BASIC5000_0772,data/jsut_ver1.1/basic5000/wav/BASIC5000_0772.wav,33,19,0,3.16,1,train
BASIC5000_0773,data/jsut_ver1.1/basic5000/wav/BASIC5000_0773.wav,53,34,2,4.49,3,train
BASIC5000_0774,data/jsut_ver1.1/basic5000/wav/BASIC5000_0774.wav,51,30,3,3.94,3,train
BASIC5000_0775,data/jsut_ver1.1/basic5000/wav/BASIC5000_0775.wav,36,23,3,2.99,1,train
BASIC5000_0776,data/jsut_ver1.1/basic5000/wav/BASIC5000_0776.wav,45,26,1,5.05,2,train
BASIC5000_0777,data/jsut_ver1.1/basic5000/wav/BASIC5000_0777.wav,44,27,3,3.36,2,train
BASIC5000_0778,data/jsut_ver1.1/basic5000/wav/BASIC5000_0778.wav,27,17,1,2.46,1,train
BASIC5000_0779,data/jsut_ver1.1/basic5000/wav/BASIC5000_0779.wav,46,26,0,3.87,2,train
BASIC5000_0780,data/jsut_ver1.1/basic5000/wav/BASIC5000_0780.wav,39,24,1,3.54,1,train
BASIC5000_0781,data/jsut_ver1.1/basic5000/wav/BASIC5000_0781.wav,37,23,1,3.38,1,val
BASIC5000_0782,data/jsut_ver1.1/basic5000/wav/BASIC5000_0782.wav,40,28,4,3.63,2,train
BASIC5000_0783,data/jsut_ver1.1/basic5000/wav/BASIC5000_0783.wav,31,19,1,2.73,1,train
BASIC5000_0784,data/jsut_ver1.1/basic5000/wav/BASIC5000_0784.wav,47,29,2,4.04,2,test
BASIC5000_0785,data/jsut_ver1.1/basic5000/wav/BASIC5000_0785.wav,50,29,1,3.98,3,train
BASIC5000_0786,data/jsut_ver1.1/basic5000/wav/BASIC5000_0786.wav,55,33,0,4.72,3,train
BASIC5000_0787,data/jsut_ver1.1/basic5000/wav/BASIC5000_0787.wav,31,20,2,2.91,1,test
BASIC5000_0788,data/jsut_ver1.1/basic5000/wav/BASIC5000_0788.wav,30,18,1,2.61,1,train
BASIC5000_0789,data/jsut_ver1.1/basic5000/wav/BASIC5000_0789.wav,47,29,2,4.25,2,val
BASIC5000_0790,data/jsut_ver1.1/basic5000/wav/BASIC5000_0790.wav,61,34,0,4.85,3,train
BASIC5000_0791,data/jsut_ver1.1/basic5000/wav/BASIC5000_0791.wav,45,28,2,3.84,2,train
BASIC5000_0792,data/jsut_ver1.1/basic5000/wav/BASIC5000_0792.wav,82,48,2,6.34,4,train
BASIC5000_0793,data/jsut_ver1.1/basic5000/wav/BASIC5000_0793.wav,29,18,0,2.65,1,train
BASIC5000_0794,data/jsut_ver1.1/basic5000/wav/BASIC5000_0794.wav,46,26,1,3.7,2,train
BASIC5000_0795,data/jsut_ver1.1/basic5000/wav/BASIC5000_0795.wav,42,26,0,3.87,2,train
BASIC5000_0796,data/jsut_ver1.1/basic5000/wav/BASIC5000_0796.wav,46,29,2,4.399291666666667,2,train
BASIC5000_0797,data/jsut_ver1.1/basic5000/wav/BASIC5000_0797.wav,87,54,5,6.59,4,train
BASIC5000_0798,data/jsut_ver1.1/basic5000/wav/BASIC5000_0798.wav,32,19,1,2.75,1,train
BASIC5000_0799,data/jsut_ver1.1/basic5000/wav/BASIC5000_0799.wav,35,20,0,3.03,1,train
BASIC5000_0800,data/jsut_ver1.1/basic5000/wav/BASIC5000_0800.wav,64,35,0,4.49,3,train
BASIC5000_0801,data/jsut_ver1.1/basic5000/wav/BASIC5000_0801.wav,29,18,0,2.52,1,train
BASIC5000_0802,data/jsut_ver1.1/basic5000/wav/BASIC5000_0802.wav,43,24,0,3.59,2,train
BASIC5000_0803,data/jsut_ver1.1/basic5000/wav/BASIC5000_0803.wav,49,28,2,3.96,2,train
BASIC5000_0804,data/jsut_ver1.1/basic5000/wav/BASIC5000_0804.wav,40,23,1,3.26,2,train
BASIC5000_0805,data/jsut_ver1.1/basic5000/wav/BASIC5000_0805.wav,38,24,3,4.03,1,train
BASIC5000_0806,data/jsut_ver1.1/basic5000/wav/BASIC5000_0806.wav,55,32,1,4.43,3,train
BASIC5000_0807,data/jsut_ver1.1/basic5000/wav/BASIC5000_0807.wav,41,24,1,3.51,2,test
BASIC5000_0808,data/jsut_ver1.1/basic5000/wav/BASIC5000_0808.wav,38,23,1,3.25,1,train
BASIC5000_0809,data/jsut_ver1.1/basic5000/wav/BASIC5000_0809.wav,43,25,1,3.44,2,train
BASIC5000_0810,data/jsut_ver1.1/basic5000/wav/BASIC5000_0810.wav,43,25,0,3.69,2,train
BASIC5000_0811,data/jsut_ver1.1/basic5000/wav/BASIC5000_0811.wav,35,21,0,3.46,1,train
BASIC5000_0812,data/jsut_ver1.1/basic5000/wav/BASIC5000_0812.wav,52,35,4,4.58,3,train
BASIC5000_0813,data/jsut_ver1.1/basic5000/wav/BASIC5000_0813.wav,42,27,2,3.62,2,train
BASIC5000_0814,data/jsut_ver1.1/basic5000/wav/BASIC5000_0814.wav,83,50,1,6.28,4,train
BASIC5000_0815,data/jsut_ver1.1/basic5000/wav/BASIC5000_0815.wav,52,29,1,3.86,3,val
BASIC5000_0816,data/jsut_ver1.1/basic5000/wav/BASIC5000_0816.wav,56,31,1,4.44,3,val
BASIC5000_0817,data/jsut_ver1.1/basic5000/wav/BASIC5000_0817.wav,36,20,0,3.64,1,train
BASIC5000_0818,data/jsut_ver1.1/basic5000/wav/BASIC5000_0818.wav,32,21,2,3.11,1,train
BASIC5000_0819,data/jsut_ver1.1/basic5000/wav/BASIC5000_0819.wav,40,23,0,3.46,2,train
BASIC5000_0820,data/jsut_ver1.1/basic5000/wav/BASIC5000_0820.wav,34,18,0,2.74,1,train
BASIC5000_0821,data/jsut_ver1.1/basic5000/wav/BASIC5000_0821.wav,28,19,2,2.29,1,train
BASIC5000_0822,data/jsut_ver1.1/basic5000/wav/BASIC5000_0822.wav,43,26,2,3.62,2,train
BASIC5000_0823,data/jsut_ver1.1/basic5000/wav/BASIC5000_0823.wav,35,21,1,2.92,1,train
BASIC5000_0824,data/jsut_ver1.1/basic5000/wav/BASIC5000_0824.wav,42,23,0,3.57,2,train
BASIC5000_0825,data/jsut_ver1.1/basic5000/wav/BASIC5000_0825.wav,37,23,1,3.14,1,train
BASIC5000_0826,data/jsut_ver1.1/basic5000/wav/BASIC5000_0826.wav,61,37,1,5.25,3,train
BASIC5000_0827,data/jsut_ver1.1/basic5000/wav/BASIC5000_0827.wav,42,26,2,3.52,2,test
BASIC5000_0828,data/jsut_ver1.1/basic5000/wav/BASIC5000_0828.wav,70,40,1,5.26,4,val
BASIC5000_0829,data/jsut_ver1.1/basic5000/wav/BASIC5000_0829.wav,36,21,1,3.09,1,train
BASIC5000_0830,data/jsut_ver1.1/basic5000/wav/BASIC5000_0830.wav,33,22,2,3.02,1,train
BASIC5000_0831,data/jsut_ver1.1/basic5000/wav/BASIC5000_0831.wav,44,25,1,3.74,2,train
BASIC5000_0832,data/jsut_ver1.1/basic5000/wav/BASIC5000_0832.wav,84,51,1,6.68,4,val
BASIC5000_0833,data/jsut_ver1.1/basic5000/wav/BASIC5000_0833.wav,53,32,3,4.06,3,train
BASIC5000_0834,data/jsut_ver1.1/basic5000/wav/BASIC5000_0834.wav,37,20,0,2.99,1,train
BASIC5000_0835,data/jsut_ver1.1/basic5000/wav/BASIC5000_0835.wav,50,30,1,4.1,3,train
BASIC5000_0836,data/jsut_ver1.1/basic5000/wav/BASIC5000_0836.wav,65,38,1,5.03,3,train
BASIC5000_0837,data/jsut_ver1.1/basic5000/wav/BASIC5000_0837.wav,62,38,4,4.4,3,test
BASIC5000_0838,data/jsut_ver1.1/basic5000/wav/BASIC5000_0838.wav,37,21,0,3.03,1,train
BASIC5000_0839,data/jsut_ver1.1/basic5000/wav/BASIC5000_0839.wav,51,30,2,3.85,3,train
BASIC5000_0840,data/jsut_ver1.1/basic5000/wav/BASIC5000_0840.wav,63,37,1,5.05,3,train
BASIC5000_0841,data/jsut_ver1.1/basic5000/wav/BASIC5000_0841.wav,43,23,0,3.57,2,train
BASIC5000_0842,data/jsut_ver1.1/basic5000/wav/BASIC5000_0842.wav,50,28,0,4.01,3,train
BASIC5000_0843,data/jsut_ver1.1/basic5000/wav/BASIC5000_0843.wav,57,35,2,5.06,3,train
BASIC5000_0844,data/jsut_ver1.1/basic5000/wav/BASIC5000_0844.wav,37,20,0,2.75,1,train
BASIC5000_0845,data/jsut_ver1.1/basic5000/wav/BASIC5000_0845.wav,41,26,3,3.43,2,train
BASIC5000_0846,data/jsut_ver1.1/basic5000/wav/BASIC5000_0846.wav,44,24,0,3.67,2,test
BASIC5000_0847,data/jsut_ver1.1/basic5000/wav/BASIC5000_0847.wav,56,32,1,4.55,3,test
BASIC5000_0848,data/jsut_ver1.1/basic5000/wav/BASIC5000_0848.wav,48,30,2,3.73,2,train
BASIC5000_0849,data/jsut_ver1.1/basic5000/wav/BASIC5000_0849.wav,57,32,1,4.4,3,train
BASIC5000_0850,data/jsut_ver1.1/basic5000/wav/BASIC5000_0850.wav,34,21,1,3.25,1,val
BASIC5000_0851,data/jsut_ver1.1/basic5000/wav/BASIC5000_0851.wav,33,22,2,2.84,1,train
BASIC5000_0852,data/jsut_ver1.1/basic5000/wav/BASIC5000_0852.wav,37,23,2,3.0,1,val
BASIC5000_0853,data/jsut_ver1.1/basic5000/wav/BASIC5000_0853.wav,46,27,2,3.79,2,val
BASIC5000_0854,data/jsut_ver1.1/basic5000/wav/BASIC5000_0854.wav,46,27,1,3.98,2,train
BASIC5000_0855,data/jsut_ver1.1/basic5000/wav/BASIC5000_0855.wav,54,33,2,4.32,3,train
BASIC5000_0856,data/jsut_ver1.1/basic5000/wav/BASIC5000_0856.wav,49,28,2,3.71,2,train
BASIC5000_0857,data/jsut_ver1.1/basic5000/wav/BASIC5000_0857.wav,40,24,2,3.45,2,train
BASIC5000_0858,data/jsut_ver1.1/basic5000/wav/BASIC5000_0858.wav,67,39,1,5.31,3,train
BASIC5000_0859,data/jsut_ver1.1/basic5000/wav/BASIC5000_0859.wav,46,28,2,3.71,2,train
BASIC5000_0860,data/jsut_ver1.1/basic5000/wav/BASIC5000_0860.wav,48,26,0,4.33,2,train
BASIC5000_0861,data/jsut_ver1.1/basic5000/wav/BASIC5000_0861.wav,51,32,3,3.98,3,train
BASIC5000_0862,data/jsut_ver1.1/basic5000/wav/BASIC5000_0862.wav,107,65,2,9.28,4,train
BASIC5000_0863,data/jsut_ver1.1/basic5000/wav/BASIC5000_0863.wav,42,26,1,3.65,2,val
BASIC5000_0864,data/jsut_ver1.1/basic5000/wav/BASIC5000_0864.wav,49,30,2,4.19,2,train
BASIC5000_0865,data/jsut_ver1.1/basic5000/wav/BASIC5000_0865.wav,48,28,1,3.89,2,train
BASIC5000_0866,data/jsut_ver1.1/basic5000/wav/BASIC5000_0866.wav,45,28,1,4.1,2,train
BASIC5000_0867,data/jsut_ver1.1/basic5000/wav/BASIC5000_0867.wav,60,35,1,4.61,3,train
BASIC5000_0868,data/jsut_ver1.1/basic5000/wav/BASIC5000_0868.wav,53,32,2,4.16,3,train
BASIC5000_0869,data/jsut_ver1.1/basic5000/wav/BASIC5000_0869.wav,38,22,0,3.44,1,train
BASIC5000_0870,data/jsut_ver1.1/basic5000/wav/BASIC5000_0870.wav,31,18,2,2.82,1,train
BASIC5000_0871,data/jsut_ver1.1/basic5000/wav/BASIC5000_0871.wav,33,19,0,3.02,1,train
BASIC5000_0872,data/jsut_ver1.1/basic5000/wav/BASIC5000_0872.wav,54,32,1,4.2,3,train
BASIC5000_0873,data/jsut_ver1.1/basic5000/wav/BASIC5000_0873.wav,32,19,1,2.6,1,train
BASIC5000_0874,data/jsut_ver1.1/basic5000/wav/BASIC5000_0874.wav,46,25,0,4.24,2,train
BASIC5000_0875,data/jsut_ver1.1/basic5000/wav/BASIC5000_0875.wav,30,17,0,2.8,1,train
BASIC5000_0876,data/jsut_ver1.1/basic5000/wav/BASIC5000_0876.wav,30,16,0,2.67,1,train
BASIC5000_0877,data/jsut_ver1.1/basic5000/wav/BASIC5000_0877.wav,38,23,0,3.7,1,train
BASIC5000_0878,data/jsut_ver1.1/basic5000/wav/BASIC5000_0878.wav,38,22,2,3.12,1,train
BASIC5000_0879,data/jsut_ver1.1/basic5000/wav/BASIC5000_0879.wav,71,41,0,5.67,4,train
BASIC5000_0880,data/jsut_ver1.1/basic5000/wav/BASIC5000_0880.wav,42,24,1,3.84,2,train
BASIC5000_0881,data/jsut_ver1.1/basic5000/wav/BASIC5000_0881.wav,34,19,0,3.05,1,train
BASIC5000_0882,data/jsut_ver1.1/basic5000/wav/BASIC5000_0882.wav,48,27,1,4.0,2,train
BASIC5000_0883,data/jsut_ver1.1/basic5000/wav/BASIC5000_0883.wav,32,20,1,2.83,1,train
BASIC5000_0884,data/jsut_ver1.1/basic5000/wav/BASIC5000_0884.wav,106,61,1,7.79,4,train
BASIC5000_0885,data/jsut_ver1.1/basic5000/wav/BASIC5000_0885.wav,109,69,5,8.36,4,test
BASIC5000_0886,data/jsut_ver1.1/basic5000/wav/BASIC5000_0886.wav,57,34,0,4.86,3,test
BASIC5000_0887,data/jsut_ver1.1/basic5000/wav/BASIC5000_0887.wav,87,50,2,6.96,4,train
BASIC5000_0888,data/jsut_ver1.1/basic5000/wav/BASIC5000_0888.wav,40,23,2,3.32,2,val
BASIC5000_0889,data/jsut_ver1.1/basic5000/wav/BASIC5000_0889.wav,33,19,1,2.9,1,train
BASIC5000_0890,data/jsut_ver1.1/basic5000/wav/BASIC5000_0890.wav,59,34,1,5.03,3,train
BASIC5000_0891,data/jsut_ver1.1/basic5000/wav/BASIC5000_0891.wav,36,22,1,3.01,1,train
BASIC5000_0892,data/jsut_ver1.1/basic5000/wav/BASIC5000_0892.wav,45,25,0,3.77,2,train
BASIC5000_0893,data/jsut_ver1.1/basic5000/wav/BASIC5000_0893.wav,37,22,1,3.25,1,test
BASIC5000_0894,data/jsut_ver1.1/basic5000/wav/BASIC5000_0894.wav,48,28,1,3.97,2,train
BASIC5000_0895,data/jsut_ver1.1/basic5000/wav/BASIC5000_0895.wav,34,20,0,2.68,1,train
BASIC5000_0896,data/jsut_ver1.1/basic5000/wav/BASIC5000_0896.wav,31,19,0,3.0,1,train
BASIC5000_0897,data/jsut_ver1.1/basic5000/wav/BASIC5000_0897.wav,33,22,4,2.91,1,train
BASIC5000_0898,data/jsut_ver1.1/basic5000/wav/BASIC5000_0898.wav,74,43,0,5.77,4,train
BASIC5000_0899,data/jsut_ver1.1/basic5000/wav/BASIC5000_0899.wav,51,29,0,4.65,3,test
BASIC5000_0900,data/jsut_ver1.1/basic5000/wav/BASIC5000_0900.wav,48,27,1,3.43,2,train
BASIC5000_0901,data/jsut_ver1.1/basic5000/wav/BASIC5000_0901.wav,62,38,0,5.84,3,val
BASIC5000_0902,data/jsut_ver1.1/basic5000/wav/BASIC5000_0902.wav,51,28,0,4.46,3,train
BASIC5000_0903,data/jsut_ver1.1/basic5000/wav/BASIC5000_0903.wav,39,24,1,3.41,1,train
BASIC5000_0904,data/jsut_ver1.1/basic5000/wav/BASIC5000_0904.wav,33,18,0,2.7,1,train
BASIC5000_0905,data/jsut_ver1.1/basic5000/wav/BASIC5000_0905.wav,39,21,0,3.71,1,train
BASIC5000_0906,data/jsut_ver1.1/basic5000/wav/BASIC5000_0906.wav,41,26,2,3.61,2,train
BASIC5000_0907,data/jsut_ver1.1/basic5000/wav/BASIC5000_0907.wav,43,24,0,3.68,2,train
BASIC5000_0908,data/jsut_ver1.1/basic5000/wav/BASIC5000_0908.wav,62,41,5,5.19,3,train
BASIC5000_0909,data/jsut_ver1.1/basic5000/wav/BASIC5000_0909.wav,35,22,1,3.19,1,test
BASIC5000_0910,data/jsut_ver1.1/basic5000/wav/BASIC5000_0910.wav,47,29,3,4.71,2,train
BASIC5000_0911,data/jsut_ver1.1/basic5000/wav/BASIC5000_0911.wav,64,38,3,5.02,3,test
BASIC5000_0912,data/jsut_ver1.1/basic5000/wav/BASIC5000_0912.wav,50,31,3,5.07,3,train
BASIC5000_0913,data/jsut_ver1.1/basic5000/wav/BASIC5000_0913.wav,47,31,4,3.86,2,train
BASIC5000_0914,data/jsut_ver1.1/basic5000/wav/BASIC5000_0914.wav,31,19,0,2.91,1,train
BASIC5000_0915,data/jsut_ver1.1/basic5000/wav/BASIC5000_0915.wav,38,23,1,3.31,1,train
BASIC5000_0916,data/jsut_ver1.1/basic5000/wav/BASIC5000_0916.wav,40,25,2,3.77,2,val
BASIC5000_0917,data/jsut_ver1.1/basic5000/wav/BASIC5000_0917.wav,32,19,0,2.99,1,train
BASIC5000_0918,data/jsut_ver1.1/basic5000/wav/BASIC5000_0918.wav,31,18,1,2.85,1,train
BASIC5000_0919,data/jsut_ver1.1/basic5000/wav/BASIC5000_0919.wav,29,18,2,3.2692916666666667,1,train
BASIC5000_0920,data/jsut_ver1.1/basic5000/wav/BASIC5000_0920.wav,61,33,1,4.94,3,train
BASIC5000_0921,data/jsut_ver1.1/basic5000/wav/BASIC5000_0921.wav,54,33,3,4.44,3,val
BASIC5000_0922,data/jsut_ver1.1/basic5000/wav/BASIC5000_0922.wav,51,29,1,4.34,3,train
BASIC5000_0923,data/jsut_ver1.1/basic5000/wav/BASIC5000_0923.wav,47,27,1,3.62,2,train
BASIC5000_0924,data/jsut_ver1.1/basic5000/wav/BASIC5000_0924.wav,49,29,1,4.31,2,test
BASIC5000_0925,data/jsut_ver1.1/basic5000/wav/BASIC5000_0925.wav,43,24,1,5.07,2,train
BASIC5000_0926,data/jsut_ver1.1/basic5000/wav/BASIC5000_0926.wav,42,23,1,3.69,2,train
BASIC5000_0927,data/jsut_ver1.1/basic5000/wav/BASIC5000_0927.wav,38,24,2,3.46,1,test
BASIC5000_0928,data/jsut_ver1.1/basic5000/wav/BASIC5000_0928.wav,34,23,2,3.48,1,train
BASIC5000_0929,data/jsut_ver1.1/basic5000/wav/BASIC5000_0929.wav,58,33,0,4.74,3,train
BASIC5000_0930,data/jsut_ver1.1/basic5000/wav/BASIC5000_0930.wav,46,26,1,5.0,2,train
BASIC5000_0931,data/jsut_ver1.1/basic5000/wav/BASIC5000_0931.wav,39,22,1,3.4,1,val
BASIC5000_0932,data/jsut_ver1.1/basic5000/wav/BASIC5000_0932.wav,33,20,1,3.02,1,train
BASIC5000_0933,data/jsut_ver1.1/basic5000/wav/BASIC5000_0933.wav,64,38,2,5.12,3,train
BASIC5000_0934,data/jsut_ver1.1/basic5000/wav/BASIC5000_0934.wav,55,33,1,4.59,3,train
BASIC5000_0935,data/jsut_ver1.1/basic5000/wav/BASIC5000_0935.wav,117,69,3,9.51,4,train
BASIC5000_0936,data/jsut_ver1.1/basic5000/wav/BASIC5000_0936.wav,55,34,2,4.51,3,val
BASIC5000_0937,data/jsut_ver1.1/basic5000/wav/BASIC5000_0937.wav,47,28,0,3.99,2,train
BASIC5000_0938,data/jsut_ver1.1/basic5000/wav/BASIC5000_0938.wav,40,25,2,3.37,2,train
BASIC5000_0939,data/jsut_ver1.1/basic5000/wav/BASIC5000_0939.wav,46,27,1,4.67,2,train
BASIC5000_0940,data/jsut_ver1.1/basic5000/wav/BASIC5000_0940.wav,47,29,3,3.95,2,train
BASIC5000_0941,data/jsut_ver1.1/basic5000/wav/BASIC5000_0941.wav,42,25,1,3.48,2,train
BASIC5000_0942,data/jsut_ver1.1/basic5000/wav/BASIC5000_0942.wav,36,21,1,3.07,1,train
BASIC5000_0943,data/jsut_ver1.1/basic5000/wav/BASIC5000_0943.wav,44,29,0,4.2,2,train
BASIC5000_0944,data/jsut_ver1.1/basic5000/wav/BASIC5000_0944.wav,55,32,1,5.16,3,test
BASIC5000_0945,data/jsut_ver1.1/basic5000/wav/BASIC5000_0945.wav,31,20,1,2.93,1,train
BASIC5000_0946,data/jsut_ver1.1/basic5000/wav/BASIC5000_0946.wav,38,22,0,3.53,1,train
BASIC5000_0947,data/jsut_ver1.1/basic5000/wav/BASIC5000_0947.wav,89,56,4,7.15,4,train
BASIC5000_0948,data/jsut_ver1.1/basic5000/wav/BASIC5000_0948.wav,31,18,0,2.77,1,train
BASIC5000_0949,data/jsut_ver1.1/basic5000/wav/BASIC5000_0949.wav,76,44,1,6.17,4,train
BASIC5000_0950,data/jsut_ver1.1/basic5000/wav/BASIC5000_0950.wav,35,20,0,2.91,1,train
BASIC5000_0951,data/jsut_ver1.1/basic5000/wav/BASIC5000_0951.wav,157,93,5,12.37,4,test
BASIC5000_0952,data/jsut_ver1.1/basic5000/wav/BASIC5000_0952.wav,33,20,2,2.84,1,train
BASIC5000_0953,data/jsut_ver1.1/basic5000/wav/BASIC5000_0953.wav,35,21,2,3.0,1,train
BASIC5000_0954,data/jsut_ver1.1/basic5000/wav/BASIC5000_0954.wav,32,19,1,2.81,1,train
BASIC5000_0955,data/jsut_ver1.1/basic5000/wav/BASIC5000_0955.wav,48,29,1,4.16,2,train
BASIC5000_0956,data/jsut_ver1.1/basic5000/wav/BASIC5000_0956.wav,46,27,0,3.74,2,test
BASIC5000_0957,data/jsut_ver1.1/basic5000/wav/BASIC5000_0957.wav,32,20,1,2.77,1,train
BASIC5000_0958,data/jsut_ver1.1/basic5000/wav/BASIC5000_0958.wav,50,30,3,4.48,3,train
BASIC5000_0959,data/jsut_ver1.1/basic5000/wav/BASIC5000_0959.wav,89,57,7,7.03,4,train
BASIC5000_0960,data/jsut_ver1.1/basic5000/wav/BASIC5000_0960.wav,53,35,3,5.11,3,val
BASIC5000_0961,data/jsut_ver1.1/basic5000/wav/BASIC5000_0961.wav,58,34,2,4.57,3,val
BASIC5000_0962,data/jsut_ver1.1/basic5000/wav/BASIC5000_0962.wav,44,26,1,3.57,2,train
BASIC5000_0963,data/jsut_ver1.1/basic5000/wav/BASIC5000_0963.wav,45,24,0,3.71,2,train
BASIC5000_0964,data/jsut_ver1.1/basic5000/wav/BASIC5000_0964.wav,56,33,3,4.28,3,train
BASIC5000_0965,data/jsut_ver1.1/basic5000/wav/BASIC5000_0965.wav,35,22,3,3.16,1,train
BASIC5000_0966,data/jsut_ver1.1/basic5000/wav/BASIC5000_0966.wav,48,29,0,3.93,2,train
BASIC5000_0967,data/jsut_ver1.1/basic5000/wav/BASIC5000_0967.wav,111,65,1,8.99,4,test
BASIC5000_0968,data/jsut_ver1.1/basic5000/wav/BASIC5000_0968.wav,30,18,0,3.03,1,train
BASIC5000_0969,data/jsut_ver1.1/basic5000/wav/BASIC5000_0969.wav,33,21,0,3.18,1,train
BASIC5000_0970,data/jsut_ver1.1/basic5000/wav/BASIC5000_0970.wav,34,22,1,3.47,1,train
BASIC5000_0971,data/jsut_ver1.1/basic5000/wav/BASIC5000_0971.wav,61,37,1,5.2,3,train
BASIC5000_0972,data/jsut_ver1.1/basic5000/wav/BASIC5000_0972.wav,46,26,0,3.78,2,train
BASIC5000_0973,data/jsut_ver1.1/basic5000/wav/BASIC5000_0973.wav,37,22,2,3.12,1,train
BASIC5000_0974,data/jsut_ver1.1/basic5000/wav/BASIC5000_0974.wav,53,32,2,4.08,3,train
BASIC5000_0975,data/jsut_ver1.1/basic5000/wav/BASIC5000_0975.wav,43,26,0,3.95,2,test
BASIC5000_0976,data/jsut_ver1.1/basic5000/wav/BASIC5000_0976.wav,47,29,2,4.05,2,train
BASIC5000_0977,data/jsut_ver1.1/basic5000/wav/BASIC5000_0977.wav,38,22,1,3.4,1,train
BASIC5000_0978,data/jsut_ver1.1/basic5000/wav/BASIC5000_0978.wav,40,25,1,3.34,2,train
BASIC5000_0979,data/jsut_ver1.1/basic5000/wav/BASIC5000_0979.wav,38,21,0,3.31,1,train
BASIC5000_0980,data/jsut_ver1.1/basic5000/wav/BASIC5000_0980.wav,40,25,3,3.21,2,train
BASIC5000_0981,data/jsut_ver1.1/basic5000/wav/BASIC5000_0981.wav,36,21,0,3.37,1,train
BASIC5000_0982,data/jsut_ver1.1/basic5000/wav/BASIC5000_0982.wav,43,25,1,3.57,2,train
BASIC5000_0983,data/jsut_ver1.1/basic5000/wav/BASIC5000_0983.wav,43,26,2,3.39,2,train
BASIC5000_0984,data/jsut_ver1.1/basic5000/wav/BASIC5000_0984.wav,38,22,0,3.73,1,train
BASIC5000_0985,data/jsut_ver1.1/basic5000/wav/BASIC5000_0985.wav,34,22,0,3.35,1,train
BASIC5000_0986,data/jsut_ver1.1/basic5000/wav/BASIC5000_0986.wav,47,28,1,3.9,2,train
BASIC5000_0987,data/jsut_ver1.1/basic5000/wav/BASIC5000_0987.wav,48,29,1,4.57,2,test
BASIC5000_0988,data/jsut_ver1.1/basic5000/wav/BASIC5000_0988.wav,43,25,1,3.77,2,train
BASIC5000_0989,data/jsut_ver1.1/basic5000/wav/BASIC5000_0989.wav,46,28,1,4.67,2,train
BASIC5000_0990,data/jsut_ver1.1/basic5000/wav/BASIC5000_0990.wav,46,28,1,3.84,2,train
BASIC5000_0991,data/jsut_ver1.1/basic5000/wav/BASIC5000_0991.wav,52,31,1,4.83,3,train
BASIC5000_0992,data/jsut_ver1.1/basic5000/wav/BASIC5000_0992.wav,36,20,0,3.6,1,train
BASIC5000_0993,data/jsut_ver1.1/basic5000/wav/BASIC5000_0993.wav,60,34,1,4.88,3,train
BASIC5000_0994,data/jsut_ver1.1/basic5000/wav/BASIC5000_0994.wav,48,27,0,4.43,2,train
BASIC5000_0995,data/jsut_ver1.1/basic5000/wav/BASIC5000_0995.wav,40,25,2,3.69,2,train
BASIC5000_0996,data/jsut_ver1.1/basic5000/wav/BASIC5000_0996.wav,41,26,2,3.69,2,test
BASIC5000_0997,data/jsut_ver1.1/basic5000/wav/BASIC5000_0997.wav,71,41,1,5.46,4,train
BASIC5000_0998,data/jsut_ver1.1/basic5000/wav/BASIC5000_0998.wav,46,26,1,3.82,2,train
BASIC5000_0999,data/jsut_ver1.1/basic5000/wav/BASIC5000_0999.wav,36,21,0,3.24,1,train
BASIC5000_1000,data/jsut_ver1.1/basic5000/wav/BASIC5000_1000.wav,45,26,1,3.79,2,train
BASIC5000_1001,data/jsut_ver1.1/basic5000/wav/BASIC5000_1001.wav,63,39,3,5.0,3,train
BASIC5000_1002,data/jsut_ver1.1/basic5000/wav/BASIC5000_1002.wav,116,69,3,9.1,4,train
BASIC5000_1003,data/jsut_ver1.1/basic5000/wav/BASIC5000_1003.wav,48,26,0,3.92,2,train
BASIC5000_1004,data/jsut_ver1.1/basic5000/wav/BASIC5000_1004.wav,94,55,2,8.25,4,train
BASIC5000_1005,data/jsut_ver1.1/basic5000/wav/BASIC5000_1005.wav,50,29,2,3.96,3,train
BASIC5000_1006,data/jsut_ver1.1/basic5000/wav/BASIC5000_1006.wav,153,92,7,12.24,4,train
BASIC5000_1007,data/jsut_ver1.1/basic5000/wav/BASIC5000_1007.wav,41,25,2,3.62,2,test
BASIC5000_1008,data/jsut_ver1.1/basic5000/wav/BASIC5000_1008.wav,40,23,0,3.9992916666666667,2,val
BASIC5000_1009,data/jsut_ver1.1/basic5000/wav/BASIC5000_1009.wav,37,23,2,3.06,1,train
BASIC5000_1010,data/jsut_ver1.1/basic5000/wav/BASIC5000_1010.wav,31,19,0,2.87,1,train
BASIC5000_1011,data/jsut_ver1.1/basic5000/wav/BASIC5000_1011.wav,37,22,0,3.42,1,train
BASIC5000_1012,data/jsut_ver1.1/basic5000/wav/BASIC5000_1012.wav,31,18,0,2.71,1,train
BASIC5000_1013,data/jsut_ver1.1/basic5000/wav/BASIC5000_1013.wav,30,19,0,2.84,1,train
BASIC5000_1014,data/jsut_ver1.1/basic5000/wav/BASIC5000_1014.wav,77,48,2,6.01,4,train
BASIC5000_1015,data/jsut_ver1.1/basic5000/wav/BASIC5000_1015.wav,46,26,1,3.67,2,train
BASIC5000_1016,data/jsut_ver1.1/basic5000/wav/BASIC5000_1016.wav,75,44,2,5.92,4,train
BASIC5000_1017,data/jsut_ver1.1/basic5000/wav/BASIC5000_1017.wav,57,33,1,4.41,3,train
BASIC5000_1018,data/jsut_ver1.1/basic5000/wav/BASIC5000_1018.wav,38,22,1,3.85,1,train
BASIC5000_1019,data/jsut_ver1.1/basic5000/wav/BASIC5000_1019.wav,49,30,1,4.0,2,train
BASIC5000_1020,data/jsut_ver1.1/basic5000/wav/BASIC5000_1020.wav,46,27,1,4.1,2,train
BASIC5000_1021,data/jsut_ver1.1/basic5000/wav/BASIC5000_1021.wav,65,38,1,5.09,3,train
BASIC5000_1022,data/jsut_ver1.1/basic5000/wav/BASIC5000_1022.wav,42,25,0,3.56,2,train
BASIC5000_1023,data/jsut_ver1.1/basic5000/wav/BASIC5000_1023.wav,83,50,2,7.08,4,test
BASIC5000_1024,data/jsut_ver1.1/basic5000/wav/BASIC5000_1024.wav,38,23,1,3.18,1,train
BASIC5000_1025,data/jsut_ver1.1/basic5000/wav/BASIC5000_1025.wav,37,22,0,3.16,1,train
BASIC5000_1026,data/jsut_ver1.1/basic5000/wav/BASIC5000_1026.wav,51,35,5,4.4,3,train
BASIC5000_1027,data/jsut_ver1.1/basic5000/wav/BASIC5000_1027.wav,34,19,0,3.22,1,train
BASIC5000_1028,data/jsut_ver1.1/basic5000/wav/BASIC5000_1028.wav,35,20,1,2.92,1,train
BASIC5000_1029,data/jsut_ver1.1/basic5000/wav/BASIC5000_1029.wav,52,32,4,4.23,3,train
BASIC5000_1030,data/jsut_ver1.1/basic5000/wav/BASIC5000_1030.wav,47,26,0,4.17,2,train
BASIC5000_1031,data/jsut_ver1.1/basic5000/wav/BASIC5000_1031.wav,106,71,7,8.23,4,train
BASIC5000_1032,data/jsut_ver1.1/basic5000/wav/BASIC5000_1032.wav,41,27,4,3.41,2,val
BASIC5000_1033,data/jsut_ver1.1/basic5000/wav/BASIC5000_1033.wav,46,27,1,3.64,2,test
BASIC5000_1034,data/jsut_ver1.1/basic5000/wav/BASIC5000_1034.wav,56,31,0,4.4,3,train
BASIC5000_1035,data/jsut_ver1.1/basic5000/wav/BASIC5000_1035.wav,45,27,0,3.73,2,train
BASIC5000_1036,data/jsut_ver1.1/basic5000/wav/BASIC5000_1036.wav,68,40,3,5.7,3,val
BASIC5000_1037,data/jsut_ver1.1/basic5000/wav/BASIC5000_1037.wav,39,23,1,3.11,1,val
BASIC5000_1038,data/jsut_ver1.1/basic5000/wav/BASIC5000_1038.wav,40,25,3,3.68,2,train
BASIC5000_1039,data/jsut_ver1.1/basic5000/wav/BASIC5000_1039.wav,53,34,5,4.67,3,train
BASIC5000_1040,data/jsut_ver1.1/basic5000/wav/BASIC5000_1040.wav,43,26,2,3.49,2,val
BASIC5000_1041,data/jsut_ver1.1/basic5000/wav/BASIC5000_1041.wav,65,38,1,4.78,3,train
BASIC5000_1042,data/jsut_ver1.1/basic5000/wav/BASIC5000_1042.wav,63,43,4,5.14,3,train
BASIC5000_1043,data/jsut_ver1.1/basic5000/wav/BASIC5000_1043.wav,40,23,1,3.4,2,val
BASIC5000_1044,data/jsut_ver1.1/basic5000/wav/BASIC5000_1044.wav,40,23,1,3.43,2,train
BASIC5000_1045,data/jsut_ver1.1/basic5000/wav/BASIC5000_1045.wav,59,34,2,4.59,3,train
BASIC5000_1046,data/jsut_ver1.1/basic5000/wav/BASIC5000_1046.wav,65,38,1,5.13,3,train
BASIC5000_1047,data/jsut_ver1.1/basic5000/wav/BASIC5000_1047.wav,47,31,3,4.46,2,train
BASIC5000_1048,data/jsut_ver1.1/basic5000/wav/BASIC5000_1048.wav,44,28,3,3.92,2,train
BASIC5000_1049,data/jsut_ver1.1/basic5000/wav/BASIC5000_1049.wav,69,45,5,5.75,3,train
BASIC5000_1050,data/jsut_ver1.1/basic5000/wav/BASIC5000_1050.wav,49,31,2,5.06,2,train
BASIC5000_1051,data/jsut_ver1.1/basic5000/wav/BASIC5000_1051.wav,116,66,4,8.96,4,train
BASIC5000_1052,data/jsut_ver1.1/basic5000/wav/BASIC5000_1052.wav,49,30,3,4.1,2,train
BASIC5000_1053,data/jsut_ver1.1/basic5000/wav/BASIC5000_1053.wav,36,21,1,3.17,1,val
BASIC5000_1054,data/jsut_ver1.1/basic5000/wav/BASIC5000_1054.wav,75,46,4,5.75,4,train
BASIC5000_1055,data/jsut_ver1.1/basic5000/wav/BASIC5000_1055.wav,39,24,0,3.26,1,train
BASIC5000_1056,data/jsut_ver1.1/basic5000/wav/BASIC5000_1056.wav,32,18,0,2.78,1,train
BASIC5000_1057,data/jsut_ver1.1/basic5000/wav/BASIC5000_1057.wav,36,24,3,2.99,1,train
BASIC5000_1058,data/jsut_ver1.1/basic5000/wav/BASIC5000_1058.wav,46,29,2,4.01,2,train
BASIC5000_1059,data/jsut_ver1.1/basic5000/wav/BASIC5000_1059.wav,51,29,1,4.21,3,train
BASIC5000_1060,data/jsut_ver1.1/basic5000/wav/BASIC5000_1060.wav,36,22,1,3.41,1,train
BASIC5000_1061,data/jsut_ver1.1/basic5000/wav/BASIC5000_1061.wav,41,23,1,3.81,2,train
BASIC5000_1062,data/jsut_ver1.1/basic5000/wav/BASIC5000_1062.wav,35,21,1,3.3,1,test
BASIC5000_1063,data/jsut_ver1.1/basic5000/wav/BASIC5000_1063.wav,44,25,0,3.68,2,train
BASIC5000_1064,data/jsut_ver1.1/basic5000/wav/BASIC5000_1064.wav,33,20,2,3.29,1,test
BASIC5000_1065,data/jsut_ver1.1/basic5000/wav/BASIC5000_1065.wav,77,45,2,6.01,4,train
BASIC5000_1066,data/jsut_ver1.1/basic5000/wav/BASIC5000_1066.wav,32,19,1,3.47,1,train
BASIC5000_1067,data/jsut_ver1.1/basic5000/wav/BASIC5000_1067.wav,39,22,1,3.51,1,test
BASIC5000_1068,data/jsut_ver1.1/basic5000/wav/BASIC5000_1068.wav,44,27,1,3.88,2,val
BASIC5000_1069,data/jsut_ver1.1/basic5000/wav/BASIC5000_1069.wav,59,38,4,4.91,3,train
BASIC5000_1070,data/jsut_ver1.1/basic5000/wav/BASIC5000_1070.wav,39,22,1,3.21,1,train
BASIC5000_1071,data/jsut_ver1.1/basic5000/wav/BASIC5000_1071.wav,66,39,3,5.65,3,train
BASIC5000_1072,data/jsut_ver1.1/basic5000/wav/BASIC5000_1072.wav,36,22,1,3.599291666666667,1,train
BASIC5000_1073,data/jsut_ver1.1/basic5000/wav/BASIC5000_1073.wav,60,33,0,5.62,3,train
BASIC5000_1074,data/jsut_ver1.1/basic5000/wav/BASIC5000_1074.wav,45,27,2,4.05,2,train
BASIC5000_1075,data/jsut_ver1.1/basic5000/wav/BASIC5000_1075.wav,39,24,2,3.17,1,train
BASIC5000_1076,data/jsut_ver1.1/basic5000/wav/BASIC5000_1076.wav,41,26,1,3.82,2,train
BASIC5000_1077,data/jsut_ver1.1/basic5000/wav/BASIC5000_1077.wav,61,34,0,4.96,3,val
BASIC5000_1078,data/jsut_ver1.1/basic5000/wav/BASIC5000_1078.wav,46,27,1,3.74,2,train
BASIC5000_1079,data/jsut_ver1.1/basic5000/wav/BASIC5000_1079.wav,45,28,2,3.94,2,test
BASIC5000_1080,data/jsut_ver1.1/basic5000/wav/BASIC5000_1080.wav,67,41,4,5.01,3,train
BASIC5000_1081,data/jsut_ver1.1/basic5000/wav/BASIC5000_1081.wav,38,22,1,3.23,1,test
BASIC5000_1082,data/jsut_ver1.1/basic5000/wav/BASIC5000_1082.wav,40,25,2,3.45,2,train
BASIC5000_1083,data/jsut_ver1.1/basic5000/wav/BASIC5000_1083.wav,48,28,1,3.88,2,train
BASIC5000_1084,data/jsut_ver1.1/basic5000/wav/BASIC5000_1084.wav,48,30,2,4.16,2,val
BASIC5000_1085,data/jsut_ver1.1/basic5000/wav/BASIC5000_1085.wav,81,46,1,6.05,4,train
BASIC5000_1086,data/jsut_ver1.1/basic5000/wav/BASIC5000_1086.wav,35,21,0,3.33,1,val
BASIC5000_1087,data/jsut_ver1.1/basic5000/wav/BASIC5000_1087.wav,94,59,4,7.14,4,test
BASIC5000_1088,data/jsut_ver1.1/basic5000/wav/BASIC5000_1088.wav,62,35,2,5.01,3,train
BASIC5000_1089,data/jsut_ver1.1/basic5000/wav/BASIC5000_1089.wav,71,44,3,5.42,4,train
BASIC5000_1090,data/jsut_ver1.1/basic5000/wav/BASIC5000_1090.wav,54,34,3,4.35,3,train
BASIC5000_1091,data/jsut_ver1.1/basic5000/wav/BASIC5000_1091.wav,42,27,2,4.21,2,train
BASIC5000_1092,data/jsut_ver1.1/basic5000/wav/BASIC5000_1092.wav,41,24,2,3.39,2,train
BASIC5000_1093,data/jsut_ver1.1/basic5000/wav/BASIC5000_1093.wav,47,28,1,3.83,2,train
BASIC5000_1094,data/jsut_ver1.1/basic5000/wav/BASIC5000_1094.wav,36,20,0,3.07,1,train
BASIC5000_1095,data/jsut_ver1.1/basic5000/wav/BASIC5000_1095.wav,78,49,5,6.13,4,train
BASIC5000_1096,data/jsut_ver1.1/basic5000/wav/BASIC5000_1096.wav,67,41,2,6.16,3,train
BASIC5000_1097,data/jsut_ver1.1/basic5000/wav/BASIC5000_1097.wav,41,23,1,3.3,2,val
BASIC5000_1098,data/jsut_ver1.1/basic5000/wav/BASIC5000_1098.wav,46,29,1,3.89,2,train
BASIC5000_1099,data/jsut_ver1.1/basic5000/wav/BASIC5000_1099.wav,53,33,1,4.09,3,test
BASIC5000_1100,data/jsut_ver1.1/basic5000/wav/BASIC5000_1100.wav,62,44,6,4.81,3,train
BASIC5000_1101,data/jsut_ver1.1/basic5000/wav/BASIC5000_1101.wav,56,32,1,4.6,3,train
BASIC5000_1102,data/jsut_ver1.1/basic5000/wav/BASIC5000_1102.wav,43,27,2,3.22,2,train
BASIC5000_1103,data/jsut_ver1.1/basic5000/wav/BASIC5000_1103.wav,51,29,0,4.16,3,train
BASIC5000_1104,data/jsut_ver1.1/basic5000/wav/BASIC5000_1104.wav,66,39,1,5.06,3,train
BASIC5000_1105,data/jsut_ver1.1/basic5000/wav/BASIC5000_1105.wav,45,28,1,4.07,2,test
BASIC5000_1106,data/jsut_ver1.1/basic5000/wav/BASIC5000_1106.wav,42,24,0,3.54,2,val
BASIC5000_1107,data/jsut_ver1.1/basic5000/wav/BASIC5000_1107.wav,47,31,4,3.89,2,test
BASIC5000_1108,data/jsut_ver1.1/basic5000/wav/BASIC5000_1108.wav,39,24,3,3.16,1,train
BASIC5000_1109,data/jsut_ver1.1/basic5000/wav/BASIC5000_1109.wav,111,66,4,8.49,4,train
BASIC5000_1110,data/jsut_ver1.1/basic5000/wav/BASIC5000_1110.wav,33,19,0,3.52,1,train
BASIC5000_1111,data/jsut_ver1.1/basic5000/wav/BASIC5000_1111.wav,43,27,3,3.85,2,train
BASIC5000_1112,data/jsut_ver1.1/basic5000/wav/BASIC5000_1112.wav,43,26,2,3.39,2,train
BASIC5000_1113,data/jsut_ver1.1/basic5000/wav/BASIC5000_1113.wav,31,18,1,2.67,1,train
BASIC5000_1114,data/jsut_ver1.1/basic5000/wav/BASIC5000_1114.wav,67,42,1,5.24,3,train
BASIC5000_1115,data/jsut_ver1.1/basic5000/wav/BASIC5000_1115.wav,62,35,1,5.99,3,train
BASIC5000_1116,data/jsut_ver1.1/basic5000/wav/BASIC5000_1116.wav,69,42,4,6.22,3,val
BASIC5000_1117,data/jsut_ver1.1/basic5000/wav/BASIC5000_1117.wav,28,20,4,3.29,1,test
BASIC5000_1118,data/jsut_ver1.1/basic5000/wav/BASIC5000_1118.wav,42,27,0,3.87,2,train
BASIC5000_1119,data/jsut_ver1.1/basic5000/wav/BASIC5000_1119.wav,101,61,1,8.12,4,train
BASIC5000_1120,data/jsut_ver1.1/basic5000/wav/BASIC5000_1120.wav,75,46,3,7.0,4,test
BASIC5000_1121,data/jsut_ver1.1/basic5000/wav/BASIC5000_1121.wav,30,21,2,3.07,1,train
BASIC5000_1122,data/jsut_ver1.1/basic5000/wav/BASIC5000_1122.wav,38,22,2,4.16,1,train
BASIC5000_1123,data/jsut_ver1.1/basic5000/wav/BASIC5000_1123.wav,46,27,1,5.51,2,train
BASIC5000_1124,data/jsut_ver1.1/basic5000/wav/BASIC5000_1124.wav,56,34,1,6.15,3,train
BASIC5000_1125,data/jsut_ver1.1/basic5000/wav/BASIC5000_1125.wav,47,26,1,3.65,2,train
BASIC5000_1126,data/jsut_ver1.1/basic5000/wav/BASIC5000_1126.wav,43,27,3,3.57,2,train
BASIC5000_1127,data/jsut_ver1.1/basic5000/wav/BASIC5000_1127.wav,38,21,0,3.45,1,test
BASIC5000_1128,data/jsut_ver1.1/basic5000/wav/BASIC5000_1128.wav,42,25,1,3.74,2,test
BASIC5000_1129,data/jsut_ver1.1/basic5000/wav/BASIC5000_1129.wav,29,17,1,3.2,1,val
BASIC5000_1130,data/jsut_ver1.1/basic5000/wav/BASIC5000_1130.wav,46,29,1,3.94,2,train
BASIC5000_1131,data/jsut_ver1.1/basic5000/wav/BASIC5000_1131.wav,41,24,1,3.84,2,val
BASIC5000_1132,data/jsut_ver1.1/basic5000/wav/BASIC5000_1132.wav,76,45,1,6.66,4,test
BASIC5000_1133,data/jsut_ver1.1/basic5000/wav/BASIC5000_1133.wav,102,60,3,7.54,4,train
BASIC5000_1134,data/jsut_ver1.1/basic5000/wav/BASIC5000_1134.wav,41,22,1,3.17,2,train
BASIC5000_1135,data/jsut_ver1.1/basic5000/wav/BASIC5000_1135.wav,38,21,1,3.25,1,test
BASIC5000_1136,data/jsut_ver1.1/basic5000/wav/BASIC5000_1136.wav,39,23,1,3.32,1,val
BASIC5000_1137,data/jsut_ver1.1/basic5000/wav/BASIC5000_1137.wav,36,20,0,3.13,1,train
BASIC5000_1138,data/jsut_ver1.1/basic5000/wav/BASIC5000_1138.wav,35,22,2,2.9,1,train
BASIC5000_1139,data/jsut_ver1.1/basic5000/wav/BASIC5000_1139.wav,37,20,0,3.04,1,val
BASIC5000_1140,data/jsut_ver1.1/basic5000/wav/BASIC5000_1140.wav,31,17,0,2.52,1,train
BASIC5000_1141,data/jsut_ver1.1/basic5000/wav/BASIC5000_1141.wav,49,30,1,3.72,2,test
BASIC5000_1142,data/jsut_ver1.1/basic5000/wav/BASIC5000_1142.wav,62,37,2,4.82,3,train
BASIC5000_1143,data/jsut_ver1.1/basic5000/wav/BASIC5000_1143.wav,51,31,1,4.2,3,train
BASIC5000_1144,data/jsut_ver1.1/basic5000/wav/BASIC5000_1144.wav,46,27,2,3.67,2,val
BASIC5000_1145,data/jsut_ver1.1/basic5000/wav/BASIC5000_1145.wav,69,43,3,5.62,3,test
BASIC5000_1146,data/jsut_ver1.1/basic5000/wav/BASIC5000_1146.wav,39,25,3,3.53,1,train
BASIC5000_1147,data/jsut_ver1.1/basic5000/wav/BASIC5000_1147.wav,47,27,1,4.06,2,train
BASIC5000_1148,data/jsut_ver1.1/basic5000/wav/BASIC5000_1148.wav,46,27,0,3.79,2,train
BASIC5000_1149,data/jsut_ver1.1/basic5000/wav/BASIC5000_1149.wav,49,28,1,3.77,2,train
BASIC5000_1150,data/jsut_ver1.1/basic5000/wav/BASIC5000_1150.wav,48,29,2,4.499291666666666,2,val
BASIC5000_1151,data/jsut_ver1.1/basic5000/wav/BASIC5000_1151.wav,38,22,2,3.34,1,train
BASIC5000_1152,data/jsut_ver1.1/basic5000/wav/BASIC5000_1152.wav,57,33,0,5.02,3,train
BASIC5000_1153,data/jsut_ver1.1/basic5000/wav/BASIC5000_1153.wav,42,29,5,3.26,2,train
BASIC5000_1154,data/jsut_ver1.1/basic5000/wav/BASIC5000_1154.wav,43,27,1,3.55,2,train
BASIC5000_1155,data/jsut_ver1.1/basic5000/wav/BASIC5000_1155.wav,43,27,2,3.56,2,train
BASIC5000_1156,data/jsut_ver1.1/basic5000/wav/BASIC5000_1156.wav,38,22,1,2.99,1,train
BASIC5000_1157,data/jsut_ver1.1/basic5000/wav/BASIC5000_1157.wav,36,22,1,3.07,1,train
BASIC5000_1158,data/jsut_ver1.1/basic5000/wav/BASIC5000_1158.wav,52,29,0,4.52,3,train
BASIC5000_1159,data/jsut_ver1.1/basic5000/wav/BASIC5000_1159.wav,38,23,1,3.3,1,train
BASIC5000_1160,data/jsut_ver1.1/basic5000/wav/BASIC5000_1160.wav,36,22,2,2.92,1,train
BASIC5000_1161,data/jsut_ver1.1/basic5000/wav/BASIC5000_1161.wav,28,17,1,2.62,1,train
BASIC5000_1162,data/jsut_ver1.1/basic5000/wav/BASIC5000_1162.wav,54,35,5,3.96,3,train
BASIC5000_1163,data/jsut_ver1.1/basic5000/wav/BASIC5000_1163.wav,34,21,0,3.2,1,train
BASIC5000_1164,data/jsut_ver1.1/basic5000/wav/BASIC5000_1164.wav,75,41,0,6.17,4,train
BASIC5000_1165,data/jsut_ver1.1/basic5000/wav/BASIC5000_1165.wav,44,26,0,3.36,2,train
BASIC5000_1166,data/jsut_ver1.1/basic5000/wav/BASIC5000_1166.wav,46,28,2,3.63,2,train
BASIC5000_1167,data/jsut_ver1.1/basic5000/wav/BASIC5000_1167.wav,39,26,3,3.32,1,train
BASIC5000_1168,data/jsut_ver1.1/basic5000/wav/BASIC5000_1168.wav,41,25,0,3.62,2,train
BASIC5000_1169,data/jsut_ver1.1/basic5000/wav/BASIC5000_1169.wav,95,55,1,7.19,4,train
BASIC5000_1170,data/jsut_ver1.1/basic5000/wav/BASIC5000_1170.wav,43,27,3,3.28,2,train
BASIC5000_1171,data/jsut_ver1.1/basic5000/wav/BASIC5000_1171.wav,42,26,2,4.48,2,val
BASIC5000_1172,data/jsut_ver1.1/basic5000/wav/BASIC5000_1172.wav,33,21,1,3.2792916666666665,1,train
BASIC5000_1173,data/jsut_ver1.1/basic5000/wav/BASIC5000_1173.wav,34,22,2,2.93,1,test
BASIC5000_1174,data/jsut_ver1.1/basic5000/wav/BASIC5000_1174.wav,56,34,3,4.63,3,train
BASIC5000_1175,data/jsut_ver1.1/basic5000/wav/BASIC5000_1175.wav,37,22,2,3.14,1,train
BASIC5000_1176,data/jsut_ver1.1/basic5000/wav/BASIC5000_1176.wav,40,24,1,3.6,2,train
BASIC5000_1177,data/jsut_ver1.1/basic5000/wav/BASIC5000_1177.wav,41,25,2,5.02,2,test
BASIC5000_1178,data/jsut_ver1.1/basic5000/wav/BASIC5000_1178.wav,61,40,5,4.08,3,train
BASIC5000_1179,data/jsut_ver1.1/basic5000/wav/BASIC5000_1179.wav,51,28,0,3.93,3,train
BASIC5000_1180,data/jsut_ver1.1/basic5000/wav/BASIC5000_1180.wav,35,22,0,3.97,1,train
BASIC5000_1181,data/jsut_ver1.1/basic5000/wav/BASIC5000_1181.wav,46,29,1,4.07,2,train
BASIC5000_1182,data/jsut_ver1.1/basic5000/wav/BASIC5000_1182.wav,41,24,0,3.49,2,train
BASIC5000_1183,data/jsut_ver1.1/basic5000/wav/BASIC5000_1183.wav,37,21,0,3.3,1,train
BASIC5000_1184,data/jsut_ver1.1/basic5000/wav/BASIC5000_1184.wav,36,21,1,3.08,1,train
BASIC5000_1185,data/jsut_ver1.1/basic5000/wav/BASIC5000_1185.wav,45,27,0,3.84,2,train
BASIC5000_1186,data/jsut_ver1.1/basic5000/wav/BASIC5000_1186.wav,53,33,4,3.89,3,test
BASIC5000_1187,data/jsut_ver1.1/basic5000/wav/BASIC5000_1187.wav,43,26,2,3.59,2,train
BASIC5000_1188,data/jsut_ver1.1/basic5000/wav/BASIC5000_1188.wav,47,29,4,3.7,2,train
BASIC5000_1189,data/jsut_ver1.1/basic5000/wav/BASIC5000_1189.wav,30,18,1,2.9,1,train
BASIC5000_1190,data/jsut_ver1.1/basic5000/wav/BASIC5000_1190.wav,45,27,1,3.44,2,train
BASIC5000_1191,data/jsut_ver1.1/basic5000/wav/BASIC5000_1191.wav,62,38,4,4.57,3,train
BASIC5000_1192,data/jsut_ver1.1/basic5000/wav/BASIC5000_1192.wav,75,48,3,5.71,4,test
BASIC5000_1193,data/jsut_ver1.1/basic5000/wav/BASIC5000_1193.wav,61,39,2,4.64,3,train
BASIC5000_1194,data/jsut_ver1.1/basic5000/wav/BASIC5000_1194.wav,46,27,0,4.29,2,train
BASIC5000_1195,data/jsut_ver1.1/basic5000/wav/BASIC5000_1195.wav,55,35,5,4.37,3,train
BASIC5000_1196,data/jsut_ver1.1/basic5000/wav/BASIC5000_1196.wav,39,22,1,3.14,1,train
BASIC5000_1197,data/jsut_ver1.1/basic5000/wav/BASIC5000_1197.wav,37,21,0,3.19,1,train
BASIC5000_1198,data/jsut_ver1.1/basic5000/wav/BASIC5000_1198.wav,49,27,0,3.78,2,test
BASIC5000_1199,data/jsut_ver1.1/basic5000/wav/BASIC5000_1199.wav,44,25,1,3.62,2,train
BASIC5000_1200,data/jsut_ver1.1/basic5000/wav/BASIC5000_1200.wav,38,21,0,2.92,1,train
BASIC5000_1201,data/jsut_ver1.1/basic5000/wav/BASIC5000_1201.wav,36,21,0,2.9,1,train
BASIC5000_1202,data/jsut_ver1.1/basic5000/wav/BASIC5000_1202.wav,36,19,0,3.11,1,train
BASIC5000_1203,data/jsut_ver1.1/basic5000/wav/BASIC5000_1203.wav,37,22,1,3.26,1,train
BASIC5000_1204,data/jsut_ver1.1/basic5000/wav/BASIC5000_1204.wav,34,20,1,2.95,1,train
BASIC5000_1205,data/jsut_ver1.1/basic5000/wav/BASIC5000_1205.wav,38,23,1,3.18,1,train
BASIC5000_1206,data/jsut_ver1.1/basic5000/wav/BASIC5000_1206.wav,42,24,1,3.41,2,test
BASIC5000_1207,data/jsut_ver1.1/basic5000/wav/BASIC5000_1207.wav,42,24,1,3.55,2,test
BASIC5000_1208,data/jsut_ver1.1/basic5000/wav/BASIC5000_1208.wav,41,26,3,3.49,2,train
BASIC5000_1209,data/jsut_ver1.1/basic5000/wav/BASIC5000_1209.wav,38,25,1,3.28,1,train
BASIC5000_1210,data/jsut_ver1.1/basic5000/wav/BASIC5000_1210.wav,42,25,1,3.45,2,train
BASIC5000_1211,data/jsut_ver1.1/basic5000/wav/BASIC5000_1211.wav,57,34,3,4.27,3,train
BASIC5000_1212,data/jsut_ver1.1/basic5000/wav/BASIC5000_1212.wav,37,22,1,3.54,1,train
BASIC5000_1213,data/jsut_ver1.1/basic5000/wav/BASIC5000_1213.wav,87,57,7,6.71,4,train
BASIC5000_1214,data/jsut_ver1.1/basic5000/wav/BASIC5000_1214.wav,49,27,0,3.76,2,train
BASIC5000_1215,data/jsut_ver1.1/basic5000/wav/BASIC5000_1215.wav,34,19,0,3.0,1,train
BASIC5000_1216,data/jsut_ver1.1/basic5000/wav/BASIC5000_1216.wav,30,18,1,2.92,1,train
BASIC5000_1217,data/jsut_ver1.1/basic5000/wav/BASIC5000_1217.wav,86,52,3,7.3,4,train
BASIC5000_1218,data/jsut_ver1.1/basic5000/wav/BASIC5000_1218.wav,31,18,0,2.64,1,train
BASIC5000_1219,data/jsut_ver1.1/basic5000/wav/BASIC5000_1219.wav,35,20,0,3.07,1,val
BASIC5000_1220,data/jsut_ver1.1/basic5000/wav/BASIC5000_1220.wav,45,26,1,3.77,2,train
BASIC5000_1221,data/jsut_ver1.1/basic5000/wav/BASIC5000_1221.wav,53,31,1,4.1,3,train
BASIC5000_1222,data/jsut_ver1.1/basic5000/wav/BASIC5000_1222.wav,34,18,0,3.04,1,train
BASIC5000_1223,data/jsut_ver1.1/basic5000/wav/BASIC5000_1223.wav,65,37,1,4.99,3,train
BASIC5000_1224,data/jsut_ver1.1/basic5000/wav/BASIC5000_1224.wav,45,27,2,3.8,2,train
BASIC5000_1225,data/jsut_ver1.1/basic5000/wav/BASIC5000_1225.wav,35,19,0,3.05,1,train
BASIC5000_1226,data/jsut_ver1.1/basic5000/wav/BASIC5000_1226.wav,40,23,0,3.41,2,train
BASIC5000_1227,data/jsut_ver1.1/basic5000/wav/BASIC5000_1227.wav,51,30,1,4.61,3,test
BASIC5000_1228,data/jsut_ver1.1/basic5000/wav/BASIC5000_1228.wav,31,20,0,3.39,1,train
BASIC5000_1229,data/jsut_ver1.1/basic5000/wav/BASIC5000_1229.wav,62,36,1,4.67,3,train
BASIC5000_1230,data/jsut_ver1.1/basic5000/wav/BASIC5000_1230.wav,40,25,1,3.64,2,train
BASIC5000_1231,data/jsut_ver1.1/basic5000/wav/BASIC5000_1231.wav,36,21,1,3.33,1,test
BASIC5000_1232,data/jsut_ver1.1/basic5000/wav/BASIC5000_1232.wav,44,29,2,3.72,2,train
BASIC5000_1233,data/jsut_ver1.1/basic5000/wav/BASIC5000_1233.wav,40,24,2,3.23,2,train
BASIC5000_1234,data/jsut_ver1.1/basic5000/wav/BASIC5000_1234.wav,52,33,1,6.13,3,test
BASIC5000_1235,data/jsut_ver1.1/basic5000/wav/BASIC5000_1235.wav,44,27,1,3.67,2,train
BASIC5000_1236,data/jsut_ver1.1/basic5000/wav/BASIC5000_1236.wav,55,31,0,4.2,3,train
BASIC5000_1237,data/jsut_ver1.1/basic5000/wav/BASIC5000_1237.wav,41,25,2,3.76,2,train
BASIC5000_1238,data/jsut_ver1.1/basic5000/wav/BASIC5000_1238.wav,33,23,5,2.68,1,train
BASIC5000_1239,data/jsut_ver1.1/basic5000/wav/BASIC5000_1239.wav,39,24,0,3.92,1,train
BASIC5000_1240,data/jsut_ver1.1/basic5000/wav/BASIC5000_1240.wav,32,19,1,2.55,1,train
BASIC5000_1241,data/jsut_ver1.1/basic5000/wav/BASIC5000_1241.wav,36,19,0,2.88,1,train
BASIC5000_1242,data/jsut_ver1.1/basic5000/wav/BASIC5000_1242.wav,64,41,3,4.78,3,train
BASIC5000_1243,data/jsut_ver1.1/basic5000/wav/BASIC5000_1243.wav,39,25,3,3.46,1,train
BASIC5000_1244,data/jsut_ver1.1/basic5000/wav/BASIC5000_1244.wav,37,26,3,4.14,1,train
BASIC5000_1245,data/jsut_ver1.1/basic5000/wav/BASIC5000_1245.wav,44,28,3,3.6,2,test
BASIC5000_1246,data/jsut_ver1.1/basic5000/wav/BASIC5000_1246.wav,48,27,1,3.65,2,train
BASIC5000_1247,data/jsut_ver1.1/basic5000/wav/BASIC5000_1247.wav,38,22,0,3.17,1,train
BASIC5000_1248,data/jsut_ver1.1/basic5000/wav/BASIC5000_1248.wav,45,27,2,3.53,2,train
BASIC5000_1249,data/jsut_ver1.1/basic5000/wav/BASIC5000_1249.wav,32,20,2,2.82,1,train
BASIC5000_1250,data/jsut_ver1.1/basic5000/wav/BASIC5000_1250.wav,77,48,4,5.88,4,test
BASIC5000_1251,data/jsut_ver1.1/basic5000/wav/BASIC5000_1251.wav,28,18,1,2.52,1,train
BASIC5000_1252,data/jsut_ver1.1/basic5000/wav/BASIC5000_1252.wav,48,28,1,3.9,2,train
BASIC5000_1253,data/jsut_ver1.1/basic5000/wav/BASIC5000_1253.wav,46,29,3,3.54,2,train
BASIC5000_1254,data/jsut_ver1.1/basic5000/wav/BASIC5000_1254.wav,71,41,1,5.39,4,train
BASIC5000_1255,data/jsut_ver1.1/basic5000/wav/BASIC5000_1255.wav,33,20,1,2.65,1,train
BASIC5000_1256,data/jsut_ver1.1/basic5000/wav/BASIC5000_1256.wav,78,47,4,6.389291666666667,4,test
BASIC5000_1257,data/jsut_ver1.1/basic5000/wav/BASIC5000_1257.wav,45,26,1,3.77,2,test
BASIC5000_1258,data/jsut_ver1.1/basic5000/wav/BASIC5000_1258.wav,33,19,1,2.5,1,test
BASIC5000_1259,data/jsut_ver1.1/basic5000/wav/BASIC5000_1259.wav,60,37,2,4.6,3,val
BASIC5000_1260,data/jsut_ver1.1/basic5000/wav/BASIC5000_1260.wav,39,21,0,3.17,1,train
BASIC5000_1261,data/jsut_ver1.1/basic5000/wav/BASIC5000_1261.wav,38,24,3,3.12,1,train
BASIC5000_1262,data/jsut_ver1.1/basic5000/wav/BASIC5000_1262.wav,52,32,4,3.75,3,train
BASIC5000_1263,data/jsut_ver1.1/basic5000/wav/BASIC5000_1263.wav,43,25,2,3.34,2,train
BASIC5000_1264,data/jsut_ver1.1/basic5000/wav/BASIC5000_1264.wav,69,42,3,5.11,3,train
BASIC5000_1265,data/jsut_ver1.1/basic5000/wav/BASIC5000_1265.wav,53,33,2,4.52,3,train
BASIC5000_1266,data/jsut_ver1.1/basic5000/wav/BASIC5000_1266.wav,60,35,2,4.38,3,test
BASIC5000_1267,data/jsut_ver1.1/basic5000/wav/BASIC5000_1267.wav,55,34,1,4.46,3,train
BASIC5000_1268,data/jsut_ver1.1/basic5000/wav/BASIC5000_1268.wav,34,20,0,2.93,1,val
BASIC5000_1269,data/jsut_ver1.1/basic5000/wav/BASIC5000_1269.wav,47,31,3,4.54,2,train
BASIC5000_1270,data/jsut_ver1.1/basic5000/wav/BASIC5000_1270.wav,103,63,2,8.0,4,train
BASIC5000_1271,data/jsut_ver1.1/basic5000/wav/BASIC5000_1271.wav,39,23,1,3.08,1,train
BASIC5000_1272,data/jsut_ver1.1/basic5000/wav/BASIC5000_1272.wav,37,20,0,3.14,1,train
BASIC5000_1273,data/jsut_ver1.1/basic5000/wav/BASIC5000_1273.wav,37,22,0,2.98,1,train
BASIC5000_1274,data/jsut_ver1.1/basic5000/wav/BASIC5000_1274.wav,34,21,2,2.86,1,val
BASIC5000_1275,data/jsut_ver1.1/basic5000/wav/BASIC5000_1275.wav,41,25,1,3.34,2,test
BASIC5000_1276,data/jsut_ver1.1/basic5000/wav/BASIC5000_1276.wav,48,29,2,4.12,2,train
BASIC5000_1277,data/jsut_ver1.1/basic5000/wav/BASIC5000_1277.wav,42,26,1,3.52,2,train
BASIC5000_1278,data/jsut_ver1.1/basic5000/wav/BASIC5000_1278.wav,38,22,0,3.29,1,train
BASIC5000_1279,data/jsut_ver1.1/basic5000/wav/BASIC5000_1279.wav,40,27,1,3.71,2,train
BASIC5000_1280,data/jsut_ver1.1/basic5000/wav/BASIC5000_1280.wav,41,23,2,3.27,2,val
BASIC5000_1281,data/jsut_ver1.1/basic5000/wav/BASIC5000_1281.wav,59,34,1,4.75,3,train
BASIC5000_1282,data/jsut_ver1.1/basic5000/wav/BASIC5000_1282.wav,35,22,0,3.16,1,train
BASIC5000_1283,data/jsut_ver1.1/basic5000/wav/BASIC5000_1283.wav,41,28,4,3.39,2,train
BASIC5000_1284,data/jsut_ver1.1/basic5000/wav/BASIC5000_1284.wav,51,27,0,3.81,3,train
BASIC5000_1285,data/jsut_ver1.1/basic5000/wav/BASIC5000_1285.wav,46,27,1,3.76,2,train
BASIC5000_1286,data/jsut_ver1.1/basic5000/wav/BASIC5000_1286.wav,72,42,3,5.0,4,val
BASIC5000_1287,data/jsut_ver1.1/basic5000/wav/BASIC5000_1287.wav,29,19,1,2.54,1,train
BASIC5000_1288,data/jsut_ver1.1/basic5000/wav/BASIC5000_1288.wav,61,38,1,4.73,3,train
BASIC5000_1289,data/jsut_ver1.1/basic5000/wav/BASIC5000_1289.wav,56,32,0,4.64,3,train
BASIC5000_1290,data/jsut_ver1.1/basic5000/wav/BASIC5000_1290.wav,65,37,1,5.04,3,train
BASIC5000_1291,data/jsut_ver1.1/basic5000/wav/BASIC5000_1291.wav,37,22,0,3.15,1,val
BASIC5000_1292,data/jsut_ver1.1/basic5000/wav/BASIC5000_1292.wav,67,41,3,4.93,3,train
BASIC5000_1293,data/jsut_ver1.1/basic5000/wav/BASIC5000_1293.wav,40,23,1,3.26,2,train
BASIC5000_1294,data/jsut_ver1.1/basic5000/wav/BASIC5000_1294.wav,62,39,5,4.64,3,train
BASIC5000_1295,data/jsut_ver1.1/basic5000/wav/BASIC5000_1295.wav,59,34,1,4.56,3,train
BASIC5000_1296,data/jsut_ver1.1/basic5000/wav/BASIC5000_1296.wav,42,25,2,3.34,2,val
BASIC5000_1297,data/jsut_ver1.1/basic5000/wav/BASIC5000_1297.wav,41,27,2,3.32,2,train
BASIC5000_1298,data/jsut_ver1.1/basic5000/wav/BASIC5000_1298.wav,50,29,1,3.9,3,train
BASIC5000_1299,data/jsut_ver1.1/basic5000/wav/BASIC5000_1299.wav,32,19,1,3.42,1,train
BASIC5000_1300,data/jsut_ver1.1/basic5000/wav/BASIC5000_1300.wav,34,23,3,3.1,1,train
BASIC5000_1301,data/jsut_ver1.1/basic5000/wav/BASIC5000_1301.wav,37,22,3,3.06,1,val
BASIC5000_1302,data/jsut_ver1.1/basic5000/wav/BASIC5000_1302.wav,72,46,4,5.77,4,train
BASIC5000_1303,data/jsut_ver1.1/basic5000/wav/BASIC5000_1303.wav,63,37,1,4.8,3,train
BASIC5000_1304,data/jsut_ver1.1/basic5000/wav/BASIC5000_1304.wav,69,43,3,5.8,3,test
BASIC5000_1305,data/jsut_ver1.1/basic5000/wav/BASIC5000_1305.wav,53,32,1,4.2,3,train
BASIC5000_1306,data/jsut_ver1.1/basic5000/wav/BASIC5000_1306.wav,43,24,0,3.74,2,val
BASIC5000_1307,data/jsut_ver1.1/basic5000/wav/BASIC5000_1307.wav,39,22,0,3.71,1,train
BASIC5000_1308,data/jsut_ver1.1/basic5000/wav/BASIC5000_1308.wav,54,32,3,4.05,3,train
BASIC5000_1309,data/jsut_ver1.1/basic5000/wav/BASIC5000_1309.wav,45,28,1,4.02,2,train
BASIC5000_1310,data/jsut_ver1.1/basic5000/wav/BASIC5000_1310.wav,49,26,0,3.61,2,train
BASIC5000_1311,data/jsut_ver1.1/basic5000/wav/BASIC5000_1311.wav,43,26,2,3.28,2,train
BASIC5000_1312,data/jsut_ver1.1/basic5000/wav/BASIC5000_1312.wav,73,47,6,5.7,4,train
BASIC5000_1313,data/jsut_ver1.1/basic5000/wav/BASIC5000_1313.wav,35,21,0,3.13,1,train
BASIC5000_1314,data/jsut_ver1.1/basic5000/wav/BASIC5000_1314.wav,49,30,1,3.66,2,train
BASIC5000_1315,data/jsut_ver1.1/basic5000/wav/BASIC5000_1315.wav,37,21,1,2.97,1,val
BASIC5000_1316,data/jsut_ver1.1/basic5000/wav/BASIC5000_1316.wav,35,23,2,2.93,1,train
BASIC5000_1317,data/jsut_ver1.1/basic5000/wav/BASIC5000_1317.wav,47,29,2,3.63,2,train
BASIC5000_1318,data/jsut_ver1.1/basic5000/wav/BASIC5000_1318.wav,41,24,0,3.2,2,train
BASIC5000_1319,data/jsut_ver1.1/basic5000/wav/BASIC5000_1319.wav,44,27,2,3.37,2,train
BASIC5000_1320,data/jsut_ver1.1/basic5000/wav/BASIC5000_1320.wav,30,17,0,3.88,1,train
BASIC5000_1321,data/jsut_ver1.1/basic5000/wav/BASIC5000_1321.wav,62,38,1,4.76,3,train
BASIC5000_1322,data/jsut_ver1.1/basic5000/wav/BASIC5000_1322.wav,46,30,0,4.04,2,train
BASIC5000_1323,data/jsut_ver1.1/basic5000/wav/BASIC5000_1323.wav,69,45,5,5.1,3,train
BASIC5000_1324,data/jsut_ver1.1/basic5000/wav/BASIC5000_1324.wav,38,24,2,2.93,1,test
BASIC5000_1325,data/jsut_ver1.1/basic5000/wav/BASIC5000_1325.wav,38,23,2,3.14,1,train
BASIC5000_1326,data/jsut_ver1.1/basic5000/wav/BASIC5000_1326.wav,28,17,0,3.39,1,val
BASIC5000_1327,data/jsut_ver1.1/basic5000/wav/BASIC5000_1327.wav,52,32,2,4.04,3,train
BASIC5000_1328,data/jsut_ver1.1/basic5000/wav/BASIC5000_1328.wav,48,29,2,3.66,2,train
BASIC5000_1329,data/jsut_ver1.1/basic5000/wav/BASIC5000_1329.wav,34,21,1,2.76,1,train
BASIC5000_1330,data/jsut_ver1.1/basic5000/wav/BASIC5000_1330.wav,37,23,1,2.95,1,val
BASIC5000_1331,data/jsut_ver1.1/basic5000/wav/BASIC5000_1331.wav,32,20,1,3.15,1,train
BASIC5000_1332,data/jsut_ver1.1/basic5000/wav/BASIC5000_1332.wav,48,30,4,3.55,2,train
BASIC5000_1333,data/jsut_ver1.1/basic5000/wav/BASIC5000_1333.wav,52,30,3,3.81,3,train
BASIC5000_1334,data/jsut_ver1.1/basic5000/wav/BASIC5000_1334.wav,38,22,1,3.12,1,train
BASIC5000_1335,data/jsut_ver1.1/basic5000/wav/BASIC5000_1335.wav,43,28,2,3.47,2,train
BASIC5000_1336,data/jsut_ver1.1/basic5000/wav/BASIC5000_1336.wav,47,30,3,3.63,2,train
BASIC5000_1337,data/jsut_ver1.1/basic5000/wav/BASIC5000_1337.wav,50,29,1,3.84,3,train
BASIC5000_1338,data/jsut_ver1.1/basic5000/wav/BASIC5000_1338.wav,48,30,1,3.85,2,train
BASIC5000_1339,data/jsut_ver1.1/basic5000/wav/BASIC5000_1339.wav,62,39,0,4.98,3,test
BASIC5000_1340,data/jsut_ver1.1/basic5000/wav/BASIC5000_1340.wav,51,30,2,3.82,3,train
BASIC5000_1341,data/jsut_ver1.1/basic5000/wav/BASIC5000_1341.wav,79,48,3,5.89,4,train
BASIC5000_1342,data/jsut_ver1.1/basic5000/wav/BASIC5000_1342.wav,60,35,2,4.26,3,train
BASIC5000_1343,data/jsut_ver1.1/basic5000/wav/BASIC5000_1343.wav,34,20,2,2.99,1,train
BASIC5000_1344,data/jsut_ver1.1/basic5000/wav/BASIC5000_1344.wav,35,21,3,2.93,1,train
BASIC5000_1345,data/jsut_ver1.1/basic5000/wav/BASIC5000_1345.wav,43,28,3,3.76,2,train
BASIC5000_1346,data/jsut_ver1.1/basic5000/wav/BASIC5000_1346.wav,55,32,1,4.51,3,train
BASIC5000_1347,data/jsut_ver1.1/basic5000/wav/BASIC5000_1347.wav,56,40,7,4.72,3,train
BASIC5000_1348,data/jsut_ver1.1/basic5000/wav/BASIC5000_1348.wav,56,32,3,4.21,3,train
BASIC5000_1349,data/jsut_ver1.1/basic5000/wav/BASIC5000_1349.wav,39,23,0,3.24,1,train
BASIC5000_1350,data/jsut_ver1.1/basic5000/wav/BASIC5000_1350.wav,37,23,1,3.15,1,train
BASIC5000_1351,data/jsut_ver1.1/basic5000/wav/BASIC5000_1351.wav,37,21,1,3.21,1,train
BASIC5000_1352,data/jsut_ver1.1/basic5000/wav/BASIC5000_1352.wav,33,19,1,2.51,1,test
BASIC5000_1353,data/jsut_ver1.1/basic5000/wav/BASIC5000_1353.wav,42,24,0,3.3,2,train
BASIC5000_1354,data/jsut_ver1.1/basic5000/wav/BASIC5000_1354.wav,34,20,1,2.91,1,train
BASIC5000_1355,data/jsut_ver1.1/basic5000/wav/BASIC5000_1355.wav,44,27,1,3.76,2,test
BASIC5000_1356,data/jsut_ver1.1/basic5000/wav/BASIC5000_1356.wav,48,29,2,3.86,2,train
BASIC5000_1357,data/jsut_ver1.1/basic5000/wav/BASIC5000_1357.wav,35,21,1,2.81,1,train
BASIC5000_1358,data/jsut_ver1.1/basic5000/wav/BASIC5000_1358.wav,114,69,4,8.91,4,train
BASIC5000_1359,data/jsut_ver1.1/basic5000/wav/BASIC5000_1359.wav,63,36,2,4.68,3,train
BASIC5000_1360,data/jsut_ver1.1/basic5000/wav/BASIC5000_1360.wav,42,24,0,3.4,2,train
BASIC5000_1361,data/jsut_ver1.1/basic5000/wav/BASIC5000_1361.wav,43,25,0,3.39,2,train
BASIC5000_1362,data/jsut_ver1.1/basic5000/wav/BASIC5000_1362.wav,29,20,2,3.6,1,train
BASIC5000_1363,data/jsut_ver1.1/basic5000/wav/BASIC5000_1363.wav,39,24,3,2.97,1,val
BASIC5000_1364,data/jsut_ver1.1/basic5000/wav/BASIC5000_1364.wav,44,26,2,3.54,2,train
BASIC5000_1365,data/jsut_ver1.1/basic5000/wav/BASIC5000_1365.wav,65,38,1,5.23,3,train
BASIC5000_1366,data/jsut_ver1.1/basic5000/wav/BASIC5000_1366.wav,47,28,1,3.6,2,train
BASIC5000_1367,data/jsut_ver1.1/basic5000/wav/BASIC5000_1367.wav,64,38,2,5.0,3,test
BASIC5000_1368,data/jsut_ver1.1/basic5000/wav/BASIC5000_1368.wav,49,28,1,3.85,2,val
BASIC5000_1369,data/jsut_ver1.1/basic5000/wav/BASIC5000_1369.wav,38,24,2,3.26,1,train
BASIC5000_1370,data/jsut_ver1.1/basic5000/wav/BASIC5000_1370.wav,55,35,2,4.61,3,train
BASIC5000_1371,data/jsut_ver1.1/basic5000/wav/BASIC5000_1371.wav,40,27,1,3.67,2,train
BASIC5000_1372,data/jsut_ver1.1/basic5000/wav/BASIC5000_1372.wav,80,47,1,6.11,4,train
BASIC5000_1373,data/jsut_ver1.1/basic5000/wav/BASIC5000_1373.wav,53,30,1,3.91,3,val
BASIC5000_1374,data/jsut_ver1.1/basic5000/wav/BASIC5000_1374.wav,50,31,1,4.15,3,train
BASIC5000_1375,data/jsut_ver1.1/basic5000/wav/BASIC5000_1375.wav,58,35,1,4.5,3,train
BASIC5000_1376,data/jsut_ver1.1/basic5000/wav/BASIC5000_1376.wav,44,24,0,3.65,2,train
BASIC5000_1377,data/jsut_ver1.1/basic5000/wav/BASIC5000_1377.wav,45,27,0,3.66,2,train
BASIC5000_1378,data/jsut_ver1.1/basic5000/wav/BASIC5000_1378.wav,101,61,3,6.9,4,train
BASIC5000_1379,data/jsut_ver1.1/basic5000/wav/BASIC5000_1379.wav,47,27,3,3.34,2,train
BASIC5000_1380,data/jsut_ver1.1/basic5000/wav/BASIC5000_1380.wav,43,27,3,3.26,2,val
BASIC5000_1381,data/jsut_ver1.1/basic5000/wav/BASIC5000_1381.wav,79,50,5,5.7,4,train
BASIC5000_1382,data/jsut_ver1.1/basic5000/wav/BASIC5000_1382.wav,34,20,0,2.78,1,train
BASIC5000_1383,data/jsut_ver1.1/basic5000/wav/BASIC5000_1383.wav,44,24,0,3.35,2,val
BASIC5000_1384,data/jsut_ver1.1/basic5000/wav/BASIC5000_1384.wav,32,19,1,2.47,1,train
BASIC5000_1385,data/jsut_ver1.1/basic5000/wav/BASIC5000_1385.wav,35,19,1,2.61,1,test
BASIC5000_1386,data/jsut_ver1.1/basic5000/wav/BASIC5000_1386.wav,43,24,1,3.66,2,train
BASIC5000_1387,data/jsut_ver1.1/basic5000/wav/BASIC5000_1387.wav,35,20,0,3.1,1,train
BASIC5000_1388,data/jsut_ver1.1/basic5000/wav/BASIC5000_1388.wav,50,30,2,3.7,3,train
BASIC5000_1389,data/jsut_ver1.1/basic5000/wav/BASIC5000_1389.wav,44,28,2,3.77,2,train
BASIC5000_1390,data/jsut_ver1.1/basic5000/wav/BASIC5000_1390.wav,37,20,0,3.05,1,train
BASIC5000_1391,data/jsut_ver1.1/basic5000/wav/BASIC5000_1391.wav,41,28,4,3.28,2,train
BASIC5000_1392,data/jsut_ver1.1/basic5000/wav/BASIC5000_1392.wav,36,23,1,3.28,1,train
BASIC5000_1393,data/jsut_ver1.1/basic5000/wav/BASIC5000_1393.wav,80,46,0,6.69,4,train
BASIC5000_1394,data/jsut_ver1.1/basic5000/wav/BASIC5000_1394.wav,41,22,0,3.23,2,train
BASIC5000_1395,data/jsut_ver1.1/basic5000/wav/BASIC5000_1395.wav,63,35,1,4.47,3,train
BASIC5000_1396,data/jsut_ver1.1/basic5000/wav/BASIC5000_1396.wav,75,47,4,5.61,4,test
BASIC5000_1397,data/jsut_ver1.1/basic5000/wav/BASIC5000_1397.wav,38,23,0,3.92,1,train
BASIC5000_1398,data/jsut_ver1.1/basic5000/wav/BASIC5000_1398.wav,47,28,0,4.06,2,train
BASIC5000_1399,data/jsut_ver1.1/basic5000/wav/BASIC5000_1399.wav,58,34,1,5.18,3,train
BASIC5000_1400,data/jsut_ver1.1/basic5000/wav/BASIC5000_1400.wav,40,22,0,3.52,2,val
BASIC5000_1401,data/jsut_ver1.1/basic5000/wav/BASIC5000_1401.wav,45,28,1,4.04,2,val
BASIC5000_1402,data/jsut_ver1.1/basic5000/wav/BASIC5000_1402.wav,48,29,2,4.12,2,train
BASIC5000_1403,data/jsut_ver1.1/basic5000/wav/BASIC5000_1403.wav,26,16,1,3.07,1,train
BASIC5000_1404,data/jsut_ver1.1/basic5000/wav/BASIC5000_1404.wav,56,33,1,4.74,3,train
BASIC5000_1405,data/jsut_ver1.1/basic5000/wav/BASIC5000_1405.wav,47,26,1,3.79,2,train
BASIC5000_1406,data/jsut_ver1.1/basic5000/wav/BASIC5000_1406.wav,64,38,2,5.91,3,test
BASIC5000_1407,data/jsut_ver1.1/basic5000/wav/BASIC5000_1407.wav,107,67,7,10.35,4,train
BASIC5000_1408,data/jsut_ver1.1/basic5000/wav/BASIC5000_1408.wav,47,27,0,3.89,2,train
BASIC5000_1409,data/jsut_ver1.1/basic5000/wav/BASIC5000_1409.wav,42,25,2,3.62,2,train
BASIC5000_1410,data/jsut_ver1.1/basic5000/wav/BASIC5000_1410.wav,81,51,2,6.99,4,train
BASIC5000_1411,data/jsut_ver1.1/basic5000/wav/BASIC5000_1411.wav,38,22,1,3.42,1,train
BASIC5000_1412,data/jsut_ver1.1/basic5000/wav/BASIC5000_1412.wav,38,22,1,3.37,1,train
BASIC5000_1413,data/jsut_ver1.1/basic5000/wav/BASIC5000_1413.wav,50,28,1,4.19,3,train
BASIC5000_1414,data/jsut_ver1.1/basic5000/wav/BASIC5000_1414.wav,64,39,2,5.25,3,train
BASIC5000_1415,data/jsut_ver1.1/basic5000/wav/BASIC5000_1415.wav,82,51,3,6.71,4,train
BASIC5000_1416,data/jsut_ver1.1/basic5000/wav/BASIC5000_1416.wav,28,17,0,2.72,1,train
BASIC5000_1417,data/jsut_ver1.1/basic5000/wav/BASIC5000_1417.wav,41,25,0,3.61,2,train
BASIC5000_1418,data/jsut_ver1.1/basic5000/wav/BASIC5000_1418.wav,51,30,3,3.97,3,train
BASIC5000_1419,data/jsut_ver1.1/basic5000/wav/BASIC5000_1419.wav,68,40,2,5.34,3,train
BASIC5000_1420,data/jsut_ver1.1/basic5000/wav/BASIC5000_1420.wav,47,26,1,3.69,2,train
BASIC5000_1421,data/jsut_ver1.1/basic5000/wav/BASIC5000_1421.wav,55,32,0,4.83,3,train
BASIC5000_1422,data/jsut_ver1.1/basic5000/wav/BASIC5000_1422.wav,31,18,0,3.2392916666666665,1,train
BASIC5000_1423,data/jsut_ver1.1/basic5000/wav/BASIC5000_1423.wav,45,24,0,3.73,2,val
BASIC5000_1424,data/jsut_ver1.1/basic5000/wav/BASIC5000_1424.wav,36,24,4,3.16,1,test
BASIC5000_1425,data/jsut_ver1.1/basic5000/wav/BASIC5000_1425.wav,35,19,0,3.03,1,train
BASIC5000_1426,data/jsut_ver1.1/basic5000/wav/BASIC5000_1426.wav,38,24,1,3.19,1,train
BASIC5000_1427,data/jsut_ver1.1/basic5000/wav/BASIC5000_1427.wav,39,21,0,3.21,1,train
BASIC5000_1428,data/jsut_ver1.1/basic5000/wav/BASIC5000_1428.wav,108,65,4,7.94,4,test
BASIC5000_1429,data/jsut_ver1.1/basic5000/wav/BASIC5000_1429.wav,43,29,3,3.69,2,train
BASIC5000_1430,data/jsut_ver1.1/basic5000/wav/BASIC5000_1430.wav,46,27,2,3.68,2,train
BASIC5000_1431,data/jsut_ver1.1/basic5000/wav/BASIC5000_1431.wav,80,47,2,7.2,4,train
BASIC5000_1432,data/jsut_ver1.1/basic5000/wav/BASIC5000_1432.wav,37,20,0,3.0,1,train
BASIC5000_1433,data/jsut_ver1.1/basic5000/wav/BASIC5000_1433.wav,34,19,0,2.73,1,train
BASIC5000_1434,data/jsut_ver1.1/basic5000/wav/BASIC5000_1434.wav,41,25,2,3.55,2,val
BASIC5000_1435,data/jsut_ver1.1/basic5000/wav/BASIC5000_1435.wav,45,25,2,3.63,2,train
BASIC5000_1436,data/jsut_ver1.1/basic5000/wav/BASIC5000_1436.wav,46,29,4,3.87,2,train
BASIC5000_1437,data/jsut_ver1.1/basic5000/wav/BASIC5000_1437.wav,34,21,1,2.99,1,val
BASIC5000_1438,data/jsut_ver1.1/basic5000/wav/BASIC5000_1438.wav,52,31,1,4.22,3,train
BASIC5000_1439,data/jsut_ver1.1/basic5000/wav/BASIC5000_1439.wav,64,37,2,5.28,3,train
BASIC5000_1440,data/jsut_ver1.1/basic5000/wav/BASIC5000_1440.wav,53,34,3,4.22,3,train
BASIC5000_1441,data/jsut_ver1.1/basic5000/wav/BASIC5000_1441.wav,59,35,0,4.76,3,train
BASIC5000_1442,data/jsut_ver1.1/basic5000/wav/BASIC5000_1442.wav,57,35,2,4.66,3,train
BASIC5000_1443,data/jsut_ver1.1/basic5000/wav/BASIC5000_1443.wav,46,28,2,3.83,2,train
BASIC5000_1444,data/jsut_ver1.1/basic5000/wav/BASIC5000_1444.wav,37,21,0,2.96,1,val
BASIC5000_1445,data/jsut_ver1.1/basic5000/wav/BASIC5000_1445.wav,42,26,2,3.38,2,train
BASIC5000_1446,data/jsut_ver1.1/basic5000/wav/BASIC5000_1446.wav,40,26,3,3.49,2,val
BASIC5000_1447,data/jsut_ver1.1/basic5000/wav/BASIC5000_1447.wav,53,31,2,5.13,3,train
BASIC5000_1448,data/jsut_ver1.1/basic5000/wav/BASIC5000_1448.wav,33,20,0,3.09,1,test
BASIC5000_1449,data/jsut_ver1.1/basic5000/wav/BASIC5000_1449.wav,48,29,1,3.74,2,train
BASIC5000_1450,data/jsut_ver1.1/basic5000/wav/BASIC5000_1450.wav,56,33,1,4.33,3,train
BASIC5000_1451,data/jsut_ver1.1/basic5000/wav/BASIC5000_1451.wav,41,24,1,3.51,2,val
BASIC5000_1452,data/jsut_ver1.1/basic5000/wav/BASIC5000_1452.wav,41,26,2,3.36,2,train
BASIC5000_1453,data/jsut_ver1.1/basic5000/wav/BASIC5000_1453.wav,49,29,1,4.98,2,train
BASIC5000_1454,data/jsut_ver1.1/basic5000/wav/BASIC5000_1454.wav,44,28,2,3.95,2,train
BASIC5000_1455,data/jsut_ver1.1/basic5000/wav/BASIC5000_1455.wav,42,26,2,3.85,2,train
BASIC5000_1456,data/jsut_ver1.1/basic5000/wav/BASIC5000_1456.wav,48,28,2,3.97,2,test
BASIC5000_1457,data/jsut_ver1.1/basic5000/wav/BASIC5000_1457.wav,53,31,3,4.46,3,val
BASIC5000_1458,data/jsut_ver1.1/basic5000/wav/BASIC5000_1458.wav,24,16,1,2.85,1,train
BASIC5000_1459,data/jsut_ver1.1/basic5000/wav/BASIC5000_1459.wav,32,17,0,3.92,1,train
BASIC5000_1460,data/jsut_ver1.1/basic5000/wav/BASIC5000_1460.wav,43,28,2,5.19,2,train
BASIC5000_1461,data/jsut_ver1.1/basic5000/wav/BASIC5000_1461.wav,36,23,2,4.23,1,train
BASIC5000_1462,data/jsut_ver1.1/basic5000/wav/BASIC5000_1462.wav,48,31,2,4.46,2,train
BASIC5000_1463,data/jsut_ver1.1/basic5000/wav/BASIC5000_1463.wav,38,24,0,3.58,1,train
BASIC5000_1464,data/jsut_ver1.1/basic5000/wav/BASIC5000_1464.wav,57,36,1,4.67,3,train
BASIC5000_1465,data/jsut_ver1.1/basic5000/wav/BASIC5000_1465.wav,59,36,2,4.71,3,train
BASIC5000_1466,data/jsut_ver1.1/basic5000/wav/BASIC5000_1466.wav,34,21,1,3.16,1,train
BASIC5000_1467,data/jsut_ver1.1/basic5000/wav/BASIC5000_1467.wav,45,28,2,3.77,2,train
BASIC5000_1468,data/jsut_ver1.1/basic5000/wav/BASIC5000_1468.wav,84,48,0,7.31,4,train
BASIC5000_1469,data/jsut_ver1.1/basic5000/wav/BASIC5000_1469.wav,32,21,2,3.09,1,train
BASIC5000_1470,data/jsut_ver1.1/basic5000/wav/BASIC5000_1470.wav,42,24,0,3.84,2,test
BASIC5000_1471,data/jsut_ver1.1/basic5000/wav/BASIC5000_1471.wav,39,21,0,3.45,1,train
BASIC5000_1472,data/jsut_ver1.1/basic5000/wav/BASIC5000_1472.wav,56,31,2,4.39,3,train
BASIC5000_1473,data/jsut_ver1.1/basic5000/wav/BASIC5000_1473.wav,35,22,3,2.94,1,train
BASIC5000_1474,data/jsut_ver1.1/basic5000/wav/BASIC5000_1474.wav,46,25,1,3.62,2,train
BASIC5000_1475,data/jsut_ver1.1/basic5000/wav/BASIC5000_1475.wav,45,26,0,3.85,2,train
BASIC5000_1476,data/jsut_ver1.1/basic5000/wav/BASIC5000_1476.wav,44,28,2,3.73,2,train
BASIC5000_1477,data/jsut_ver1.1/basic5000/wav/BASIC5000_1477.wav,52,31,1,5.45,3,train
BASIC5000_1478,data/jsut_ver1.1/basic5000/wav/BASIC5000_1478.wav,37,23,1,3.31,1,train
BASIC5000_1479,data/jsut_ver1.1/basic5000/wav/BASIC5000_1479.wav,47,26,0,3.82,2,test
BASIC5000_1480,data/jsut_ver1.1/basic5000/wav/BASIC5000_1480.wav,66,40,1,5.48,3,train
BASIC5000_1481,data/jsut_ver1.1/basic5000/wav/BASIC5000_1481.wav,36,22,2,2.93,1,val
BASIC5000_1482,data/jsut_ver1.1/basic5000/wav/BASIC5000_1482.wav,50,33,4,4.02,3,train
BASIC5000_1483,data/jsut_ver1.1/basic5000/wav/BASIC5000_1483.wav,43,25,2,3.48,2,train
BASIC5000_1484,data/jsut_ver1.1/basic5000/wav/BASIC5000_1484.wav,42,26,0,3.63,2,train
BASIC5000_1485,data/jsut_ver1.1/basic5000/wav/BASIC5000_1485.wav,60,37,0,4.99,3,train
BASIC5000_1486,data/jsut_ver1.1/basic5000/wav/BASIC5000_1486.wav,101,61,5,7.91,4,val
BASIC5000_1487,data/jsut_ver1.1/basic5000/wav/BASIC5000_1487.wav,43,27,1,3.79,2,train
BASIC5000_1488,data/jsut_ver1.1/basic5000/wav/BASIC5000_1488.wav,77,46,3,6.15,4,train
BASIC5000_1489,data/jsut_ver1.1/basic5000/wav/BASIC5000_1489.wav,31,18,1,2.58,1,train
BASIC5000_1490,data/jsut_ver1.1/basic5000/wav/BASIC5000_1490.wav,43,25,0,3.78,2,train
BASIC5000_1491,data/jsut_ver1.1/basic5000/wav/BASIC5000_1491.wav,38,23,2,3.27,1,train
BASIC5000_1492,data/jsut_ver1.1/basic5000/wav/BASIC5000_1492.wav,58,37,4,4.85,3,train
BASIC5000_1493,data/jsut_ver1.1/basic5000/wav/BASIC5000_1493.wav,53,32,2,4.51,3,test
BASIC5000_1494,data/jsut_ver1.1/basic5000/wav/BASIC5000_1494.wav,29,17,0,2.66,1,train
BASIC5000_1495,data/jsut_ver1.1/basic5000/wav/BASIC5000_1495.wav,69,41,2,5.84,3,train
BASIC5000_1496,data/jsut_ver1.1/basic5000/wav/BASIC5000_1496.wav,52,29,0,4.07,3,train
BASIC5000_1497,data/jsut_ver1.1/basic5000/wav/BASIC5000_1497.wav,52,32,1,4.38,3,train
BASIC5000_1498,data/jsut_ver1.1/basic5000/wav/BASIC5000_1498.wav,32,19,0,3.16,1,test
BASIC5000_1499,data/jsut_ver1.1/basic5000/wav/BASIC5000_1499.wav,41,25,2,3.39,2,train
BASIC5000_1500,data/jsut_ver1.1/basic5000/wav/BASIC5000_1500.wav,29,18,0,3.35,1,train
BASIC5000_1501,data/jsut_ver1.1/basic5000/wav/BASIC5000_1501.wav,39,21,0,3.29,1,train
BASIC5000_1502,data/jsut_ver1.1/basic5000/wav/BASIC5000_1502.wav,48,28,0,4.17,2,train
BASIC5000_1503,data/jsut_ver1.1/basic5000/wav/BASIC5000_1503.wav,43,25,1,3.36,2,train
BASIC5000_1504,data/jsut_ver1.1/basic5000/wav/BASIC5000_1504.wav,43,27,1,3.66,2,train
BASIC5000_1505,data/jsut_ver1.1/basic5000/wav/BASIC5000_1505.wav,63,38,2,4.81,3,train
BASIC5000_1506,data/jsut_ver1.1/basic5000/wav/BASIC5000_1506.wav,69,41,2,5.4,3,train
BASIC5000_1507,data/jsut_ver1.1/basic5000/wav/BASIC5000_1507.wav,48,27,1,4.12,2,test
BASIC5000_1508,data/jsut_ver1.1/basic5000/wav/BASIC5000_1508.wav,47,29,4,3.76,2,train
BASIC5000_1509,data/jsut_ver1.1/basic5000/wav/BASIC5000_1509.wav,99,62,3,7.88,4,train
BASIC5000_1510,data/jsut_ver1.1/basic5000/wav/BASIC5000_1510.wav,43,27,2,3.8,2,train
BASIC5000_1511,data/jsut_ver1.1/basic5000/wav/BASIC5000_1511.wav,39,24,0,3.57,1,train
BASIC5000_1512,data/jsut_ver1.1/basic5000/wav/BASIC5000_1512.wav,43,29,5,3.51,2,train
BASIC5000_1513,data/jsut_ver1.1/basic5000/wav/BASIC5000_1513.wav,35,20,0,3.09,1,train
BASIC5000_1514,data/jsut_ver1.1/basic5000/wav/BASIC5000_1514.wav,32,19,1,2.84,1,train
BASIC5000_1515,data/jsut_ver1.1/basic5000/wav/BASIC5000_1515.wav,30,19,1,2.72,1,train
BASIC5000_1516,data/jsut_ver1.1/basic5000/wav/BASIC5000_1516.wav,42,26,0,3.84,2,train
BASIC5000_1517,data/jsut_ver1.1/basic5000/wav/BASIC5000_1517.wav,39,24,0,3.66,1,train
BASIC5000_1518,data/jsut_ver1.1/basic5000/wav/BASIC5000_1518.wav,45,29,2,3.94,2,train
BASIC5000_1519,data/jsut_ver1.1/basic5000/wav/BASIC5000_1519.wav,47,29,2,3.95,2,train
BASIC5000_1520,data/jsut_ver1.1/basic5000/wav/BASIC5000_1520.wav,42,28,3,3.66,2,train
BASIC5000_1521,data/jsut_ver1.1/basic5000/wav/BASIC5000_1521.wav,53,31,0,4.56,3,train
BASIC5000_1522,data/jsut_ver1.1/basic5000/wav/BASIC5000_1522.wav,40,22,0,3.5,2,train
BASIC5000_1523,data/jsut_ver1.1/basic5000/wav/BASIC5000_1523.wav,47,28,2,3.84,2,train
BASIC5000_1524,data/jsut_ver1.1/basic5000/wav/BASIC5000_1524.wav,48,30,1,3.98,2,train
BASIC5000_1525,data/jsut_ver1.1/basic5000/wav/BASIC5000_1525.wav,55,33,3,3.95,3,train
BASIC5000_1526,data/jsut_ver1.1/basic5000/wav/BASIC5000_1526.wav,58,32,1,4.82,3,val
BASIC5000_1527,data/jsut_ver1.1/basic5000/wav/BASIC5000_1527.wav,55,31,2,4.44,3,train
BASIC5000_1528,data/jsut_ver1.1/basic5000/wav/BASIC5000_1528.wav,33,20,1,2.94,1,train
BASIC5000_1529,data/jsut_ver1.1/basic5000/wav/BASIC5000_1529.wav,37,24,1,3.44,1,train
BASIC5000_1530,data/jsut_ver1.1/basic5000/wav/BASIC5000_1530.wav,51,32,1,4.36,3,train
BASIC5000_1531,data/jsut_ver1.1/basic5000/wav/BASIC5000_1531.wav,45,26,1,3.72,2,train
BASIC5000_1532,data/jsut_ver1.1/basic5000/wav/BASIC5000_1532.wav,39,23,2,3.49,1,train
BASIC5000_1533,data/jsut_ver1.1/basic5000/wav/BASIC5000_1533.wav,37,21,0,3.25,1,train
BASIC5000_1534,data/jsut_ver1.1/basic5000/wav/BASIC5000_1534.wav,60,37,1,5.03,3,train
BASIC5000_1535,data/jsut_ver1.1/basic5000/wav/BASIC5000_1535.wav,39,21,0,3.3,1,train
BASIC5000_1536,data/jsut_ver1.1/basic5000/wav/BASIC5000_1536.wav,30,17,1,2.52,1,train
BASIC5000_1537,data/jsut_ver1.1/basic5000/wav/BASIC5000_1537.wav,49,28,0,3.88,2,train
BASIC5000_1538,data/jsut_ver1.1/basic5000/wav/BASIC5000_1538.wav,43,26,2,4.51,2,train
BASIC5000_1539,data/jsut_ver1.1/basic5000/wav/BASIC5000_1539.wav,48,27,0,3.71,2,train
BASIC5000_1540,data/jsut_ver1.1/basic5000/wav/BASIC5000_1540.wav,59,34,2,4.86,3,train
BASIC5000_1541,data/jsut_ver1.1/basic5000/wav/BASIC5000_1541.wav,44,32,7,3.51,2,test
BASIC5000_1542,data/jsut_ver1.1/basic5000/wav/BASIC5000_1542.wav,41,23,0,4.23,2,train
BASIC5000_1543,data/jsut_ver1.1/basic5000/wav/BASIC5000_1543.wav,43,25,0,3.71,2,train
BASIC5000_1544,data/jsut_ver1.1/basic5000/wav/BASIC5000_1544.wav,32,18,0,2.75,1,train
BASIC5000_1545,data/jsut_ver1.1/basic5000/wav/BASIC5000_1545.wav,36,22,2,3.07,1,train
BASIC5000_1546,data/jsut_ver1.1/basic5000/wav/BASIC5000_1546.wav,38,23,0,3.12,1,test
BASIC5000_1547,data/jsut_ver1.1/basic5000/wav/BASIC5000_1547.wav,39,25,3,3.35,1,train
BASIC5000_1548,data/jsut_ver1.1/basic5000/wav/BASIC5000_1548.wav,36,21,0,3.47,1,train
BASIC5000_1549,data/jsut_ver1.1/basic5000/wav/BASIC5000_1549.wav,49,30,1,3.85,2,val
BASIC5000_1550,data/jsut_ver1.1/basic5000/wav/BASIC5000_1550.wav,68,39,1,5.18,3,train
BASIC5000_1551,data/jsut_ver1.1/basic5000/wav/BASIC5000_1551.wav,32,20,1,3.57,1,train
BASIC5000_1552,data/jsut_ver1.1/basic5000/wav/BASIC5000_1552.wav,55,35,4,4.6,3,train
BASIC5000_1553,data/jsut_ver1.1/basic5000/wav/BASIC5000_1553.wav,49,31,1,4.04,2,train
BASIC5000_1554,data/jsut_ver1.1/basic5000/wav/BASIC5000_1554.wav,53,32,2,4.18,3,train
BASIC5000_1555,data/jsut_ver1.1/basic5000/wav/BASIC5000_1555.wav,38,21,0,3.11,1,train
BASIC5000_1556,data/jsut_ver1.1/basic5000/wav/BASIC5000_1556.wav,59,35,1,4.81,3,train
BASIC5000_1557,data/jsut_ver1.1/basic5000/wav/BASIC5000_1557.wav,44,28,2,3.28,2,train
BASIC5000_1558,data/jsut_ver1.1/basic5000/wav/BASIC5000_1558.wav,35,20,0,3.25,1,train
BASIC5000_1559,data/jsut_ver1.1/basic5000/wav/BASIC5000_1559.wav,81,52,2,6.38,4,train
BASIC5000_1560,data/jsut_ver1.1/basic5000/wav/BASIC5000_1560.wav,72,43,1,6.98,4,train
BASIC5000_1561,data/jsut_ver1.1/basic5000/wav/BASIC5000_1561.wav,61,35,1,4.54,3,train
BASIC5000_1562,data/jsut_ver1.1/basic5000/wav/BASIC5000_1562.wav,42,25,0,3.35,2,train
BASIC5000_1563,data/jsut_ver1.1/basic5000/wav/BASIC5000_1563.wav,40,25,3,3.22,2,train
BASIC5000_1564,data/jsut_ver1.1/basic5000/wav/BASIC5000_1564.wav,43,28,1,4.09,2,train
BASIC5000_1565,data/jsut_ver1.1/basic5000/wav/BASIC5000_1565.wav,51,32,3,4.09,3,train
BASIC5000_1566,data/jsut_ver1.1/basic5000/wav/BASIC5000_1566.wav,38,25,3,3.01,1,test
BASIC5000_1567,data/jsut_ver1.1/basic5000/wav/BASIC5000_1567.wav,53,34,3,3.94,3,train
BASIC5000_1568,data/jsut_ver1.1/basic5000/wav/BASIC5000_1568.wav,35,19,0,2.83,1,train
BASIC5000_1569,data/jsut_ver1.1/basic5000/wav/BASIC5000_1569.wav,46,27,2,4.11,2,train
BASIC5000_1570,data/jsut_ver1.1/basic5000/wav/BASIC5000_1570.wav,15,9,0,4.25,1,train
BASIC5000_1571,data/jsut_ver1.1/basic5000/wav/BASIC5000_1571.wav,40,22,1,4.03,2,train
BASIC5000_1572,data/jsut_ver1.1/basic5000/wav/BASIC5000_1572.wav,74,43,1,5.63,4,val
BASIC5000_1573,data/jsut_ver1.1/basic5000/wav/BASIC5000_1573.wav,41,25,1,3.46,2,train
BASIC5000_1574,data/jsut_ver1.1/basic5000/wav/BASIC5000_1574.wav,33,22,4,2.87,1,train
BASIC5000_1575,data/jsut_ver1.1/basic5000/wav/BASIC5000_1575.wav,36,20,0,3.01,1,val
BASIC5000_1576,data/jsut_ver1.1/basic5000/wav/BASIC5000_1576.wav,31,19,1,2.77,1,train
BASIC5000_1577,data/jsut_ver1.1/basic5000/wav/BASIC5000_1577.wav,29,18,1,2.97,1,train
BASIC5000_1578,data/jsut_ver1.1/basic5000/wav/BASIC5000_1578.wav,94,56,2,7.82,4,train
BASIC5000_1579,data/jsut_ver1.1/basic5000/wav/BASIC5000_1579.wav,51,31,1,4.1,3,test
BASIC5000_1580,data/jsut_ver1.1/basic5000/wav/BASIC5000_1580.wav,44,25,0,4.29,2,train
BASIC5000_1581,data/jsut_ver1.1/basic5000/wav/BASIC5000_1581.wav,46,26,1,3.63,2,train
BASIC5000_1582,data/jsut_ver1.1/basic5000/wav/BASIC5000_1582.wav,65,40,2,5.2,3,train
BASIC5000_1583,data/jsut_ver1.1/basic5000/wav/BASIC5000_1583.wav,86,51,4,5.96,4,train
BASIC5000_1584,data/jsut_ver1.1/basic5000/wav/BASIC5000_1584.wav,46,26,1,3.51,2,val
BASIC5000_1585,data/jsut_ver1.1/basic5000/wav/BASIC5000_1585.wav,37,23,2,2.98,1,train
BASIC5000_1586,data/jsut_ver1.1/basic5000/wav/BASIC5000_1586.wav,40,22,1,3.32,2,train
BASIC5000_1587,data/jsut_ver1.1/basic5000/wav/BASIC5000_1587.wav,47,28,2,4.04,2,train
BASIC5000_1588,data/jsut_ver1.1/basic5000/wav/BASIC5000_1588.wav,42,25,0,3.67,2,test
BASIC5000_1589,data/jsut_ver1.1/basic5000/wav/BASIC5000_1589.wav,39,24,1,3.12,1,train
BASIC5000_1590,data/jsut_ver1.1/basic5000/wav/BASIC5000_1590.wav,44,25,1,3.88,2,train
BASIC5000_1591,data/jsut_ver1.1/basic5000/wav/BASIC5000_1591.wav,54,32,2,4.4,3,train
BASIC5000_1592,data/jsut_ver1.1/basic5000/wav/BASIC5000_1592.wav,87,55,0,7.26,4,train
BASIC5000_1593,data/jsut_ver1.1/basic5000/wav/BASIC5000_1593.wav,28,17,0,2.37,1,train
BASIC5000_1594,data/jsut_ver1.1/basic5000/wav/BASIC5000_1594.wav,43,27,2,3.52,2,train
BASIC5000_1595,data/jsut_ver1.1/basic5000/wav/BASIC5000_1595.wav,42,28,4,3.19,2,train
BASIC5000_1596,data/jsut_ver1.1/basic5000/wav/BASIC5000_1596.wav,72,45,3,5.2,4,train
BASIC5000_1597,data/jsut_ver1.1/basic5000/wav/BASIC5000_1597.wav,43,26,3,3.61,2,train
BASIC5000_1598,data/jsut_ver1.1/basic5000/wav/BASIC5000_1598.wav,42,26,2,3.21,2,train
BASIC5000_1599,data/jsut_ver1.1/basic5000/wav/BASIC5000_1599.wav,116,69,3,8.52,4,train
BASIC5000_1600,data/jsut_ver1.1/basic5000/wav/BASIC5000_1600.wav,52,33,4,4.01,3,train
BASIC5000_1601,data/jsut_ver1.1/basic5000/wav/BASIC5000_1601.wav,35,22,1,3.12,1,val
BASIC5000_1602,data/jsut_ver1.1/basic5000/wav/BASIC5000_1602.wav,39,25,2,3.84,1,train
BASIC5000_1603,data/jsut_ver1.1/basic5000/wav/BASIC5000_1603.wav,56,35,2,4.23,3,train
BASIC5000_1604,data/jsut_ver1.1/basic5000/wav/BASIC5000_1604.wav,29,17,0,2.53,1,train
BASIC5000_1605,data/jsut_ver1.1/basic5000/wav/BASIC5000_1605.wav,45,27,3,3.53,2,train
BASIC5000_1606,data/jsut_ver1.1/basic5000/wav/BASIC5000_1606.wav,42,25,0,3.52,2,train
BASIC5000_1607,data/jsut_ver1.1/basic5000/wav/BASIC5000_1607.wav,33,19,1,2.9,1,train
BASIC5000_1608,data/jsut_ver1.1/basic5000/wav/BASIC5000_1608.wav,34,20,1,2.77,1,train
BASIC5000_1609,data/jsut_ver1.1/basic5000/wav/BASIC5000_1609.wav,28,17,1,2.29,1,train
BASIC5000_1610,data/jsut_ver1.1/basic5000/wav/BASIC5000_1610.wav,41,24,1,3.47,2,test
BASIC5000_1611,data/jsut_ver1.1/basic5000/wav/BASIC5000_1611.wav,47,29,1,3.79,2,train
BASIC5000_1612,data/jsut_ver1.1/basic5000/wav/BASIC5000_1612.wav,41,23,0,3.39,2,train
BASIC5000_1613,data/jsut_ver1.1/basic5000/wav/BASIC5000_1613.wav,34,20,0,2.9,1,test
BASIC5000_1614,data/jsut_ver1.1/basic5000/wav/BASIC5000_1614.wav,31,18,0,2.68,1,test
BASIC5000_1615,data/jsut_ver1.1/basic5000/wav/BASIC5000_1615.wav,48,31,2,4.14,2,train
BASIC5000_1616,data/jsut_ver1.1/basic5000/wav/BASIC5000_1616.wav,39,24,3,3.17,1,val
BASIC5000_1617,data/jsut_ver1.1/basic5000/wav/BASIC5000_1617.wav,122,74,4,8.94,4,train
BASIC5000_1618,data/jsut_ver1.1/basic5000/wav/BASIC5000_1618.wav,42,25,2,3.38,2,train
BASIC5000_1619,data/jsut_ver1.1/basic5000/wav/BASIC5000_1619.wav,44,29,5,3.56,2,train
BASIC5000_1620,data/jsut_ver1.1/basic5000/wav/BASIC5000_1620.wav,32,19,0,2.87,1,val
BASIC5000_1621,data/jsut_ver1.1/basic5000/wav/BASIC5000_1621.wav,126,78,5,9.43,4,train
BASIC5000_1622,data/jsut_ver1.1/basic5000/wav/BASIC5000_1622.wav,109,63,2,8.36,4,train
BASIC5000_1623,data/jsut_ver1.1/basic5000/wav/BASIC5000_1623.wav,43,27,2,3.73,2,train
BASIC5000_1624,data/jsut_ver1.1/basic5000/wav/BASIC5000_1624.wav,39,23,3,3.31,1,train
BASIC5000_1625,data/jsut_ver1.1/basic5000/wav/BASIC5000_1625.wav,90,54,3,6.63,4,train
BASIC5000_1626,data/jsut_ver1.1/basic5000/wav/BASIC5000_1626.wav,38,22,0,2.97,1,train
BASIC5000_1627,data/jsut_ver1.1/basic5000/wav/BASIC5000_1627.wav,44,25,0,3.53,2,train
BASIC5000_1628,data/jsut_ver1.1/basic5000/wav/BASIC5000_1628.wav,40,24,0,4.01,2,train
BASIC5000_1629,data/jsut_ver1.1/basic5000/wav/BASIC5000_1629.wav,37,25,2,3.42,1,train
BASIC5000_1630,data/jsut_ver1.1/basic5000/wav/BASIC5000_1630.wav,53,32,0,4.36,3,train
BASIC5000_1631,data/jsut_ver1.1/basic5000/wav/BASIC5000_1631.wav,36,22,1,3.05,1,train
BASIC5000_1632,data/jsut_ver1.1/basic5000/wav/BASIC5000_1632.wav,51,32,2,3.99,3,train
BASIC5000_1633,data/jsut_ver1.1/basic5000/wav/BASIC5000_1633.wav,38,21,1,3.14,1,train
BASIC5000_1634,data/jsut_ver1.1/basic5000/wav/BASIC5000_1634.wav,45,26,1,3.73,2,train
BASIC5000_1635,data/jsut_ver1.1/basic5000/wav/BASIC5000_1635.wav,47,27,0,3.77,2,train
BASIC5000_1636,data/jsut_ver1.1/basic5000/wav/BASIC5000_1636.wav,52,31,2,4.02,3,train
BASIC5000_1637,data/jsut_ver1.1/basic5000/wav/BASIC5000_1637.wav,43,26,3,3.41,2,test
BASIC5000_1638,data/jsut_ver1.1/basic5000/wav/BASIC5000_1638.wav,50,31,1,4.3,3,train
BASIC5000_1639,data/jsut_ver1.1/basic5000/wav/BASIC5000_1639.wav,45,28,3,3.69,2,train
BASIC5000_1640,data/jsut_ver1.1/basic5000/wav/BASIC5000_1640.wav,44,26,1,3.48,2,train
BASIC5000_1641,data/jsut_ver1.1/basic5000/wav/BASIC5000_1641.wav,37,21,0,3.65,1,train
BASIC5000_1642,data/jsut_ver1.1/basic5000/wav/BASIC5000_1642.wav,45,26,0,3.62,2,train
BASIC5000_1643,data/jsut_ver1.1/basic5000/wav/BASIC5000_1643.wav,54,33,2,4.3,3,train
BASIC5000_1644,data/jsut_ver1.1/basic5000/wav/BASIC5000_1644.wav,43,25,1,3.64,2,train
BASIC5000_1645,data/jsut_ver1.1/basic5000/wav/BASIC5000_1645.wav,62,34,1,4.74,3,train
BASIC5000_1646,data/jsut_ver1.1/basic5000/wav/BASIC5000_1646.wav,42,26,2,3.62,2,train
BASIC5000_1647,data/jsut_ver1.1/basic5000/wav/BASIC5000_1647.wav,53,31,3,4.15,3,train
BASIC5000_1648,data/jsut_ver1.1/basic5000/wav/BASIC5000_1648.wav,45,30,4,3.76,2,train
BASIC5000_1649,data/jsut_ver1.1/basic5000/wav/BASIC5000_1649.wav,76,49,4,5.65,4,train
BASIC5000_1650,data/jsut_ver1.1/basic5000/wav/BASIC5000_1650.wav,35,21,0,2.86,1,train
BASIC5000_1651,data/jsut_ver1.1/basic5000/wav/BASIC5000_1651.wav,55,36,4,4.23,3,train
BASIC5000_1652,data/jsut_ver1.1/basic5000/wav/BASIC5000_1652.wav,44,28,2,4.09,2,val
BASIC5000_1653,data/jsut_ver1.1/basic5000/wav/BASIC5000_1653.wav,60,36,3,4.71,3,train
BASIC5000_1654,data/jsut_ver1.1/basic5000/wav/BASIC5000_1654.wav,32,22,3,3.14,1,train
BASIC5000_1655,data/jsut_ver1.1/basic5000/wav/BASIC5000_1655.wav,37,22,0,3.37,1,train
BASIC5000_1656,data/jsut_ver1.1/basic5000/wav/BASIC5000_1656.wav,48,29,1,3.69,2,train
BASIC5000_1657,data/jsut_ver1.1/basic5000/wav/BASIC5000_1657.wav,43,27,2,3.59,2,train
BASIC5000_1658,data/jsut_ver1.1/basic5000/wav/BASIC5000_1658.wav,49,31,3,3.92,2,train
BASIC5000_1659,data/jsut_ver1.1/basic5000/wav/BASIC5000_1659.wav,34,23,3,2.81,1,train
BASIC5000_1660,data/jsut_ver1.1/basic5000/wav/BASIC5000_1660.wav,34,21,0,2.74,1,train
BASIC5000_1661,data/jsut_ver1.1/basic5000/wav/BASIC5000_1661.wav,42,28,4,3.69,2,train
BASIC5000_1662,data/jsut_ver1.1/basic5000/wav/BASIC5000_1662.wav,36,21,1,3.22,1,val
BASIC5000_1663,data/jsut_ver1.1/basic5000/wav/BASIC5000_1663.wav,54,29,0,4.1,3,train
BASIC5000_1664,data/jsut_ver1.1/basic5000/wav/BASIC5000_1664.wav,28,17,2,3.69,1,train
BASIC5000_1665,data/jsut_ver1.1/basic5000/wav/BASIC5000_1665.wav,32,18,1,2.87,1,train
BASIC5000_1666,data/jsut_ver1.1/basic5000/wav/BASIC5000_1666.wav,36,23,1,3.3,1,train
BASIC5000_1667,data/jsut_ver1.1/basic5000/wav/BASIC5000_1667.wav,36,20,0,3.08,1,train
BASIC5000_1668,data/jsut_ver1.1/basic5000/wav/BASIC5000_1668.wav,40,22,0,3.14,2,train
BASIC5000_1669,data/jsut_ver1.1/basic5000/wav/BASIC5000_1669.wav,53,27,0,4.07,3,val
BASIC5000_1670,data/jsut_ver1.1/basic5000/wav/BASIC5000_1670.wav,49,28,0,3.73,2,val
BASIC5000_1671,data/jsut_ver1.1/basic5000/wav/BASIC5000_1671.wav,44,29,3,3.62,2,val
BASIC5000_1672,data/jsut_ver1.1/basic5000/wav/BASIC5000_1672.wav,31,18,1,2.63,1,train
BASIC5000_1673,data/jsut_ver1.1/basic5000/wav/BASIC5000_1673.wav,43,26,2,3.52,2,test
BASIC5000_1674,data/jsut_ver1.1/basic5000/wav/BASIC5000_1674.wav,34,21,2,2.82,1,train
BASIC5000_1675,data/jsut_ver1.1/basic5000/wav/BASIC5000_1675.wav,49,28,0,4.14,2,train
BASIC5000_1676,data/jsut_ver1.1/basic5000/wav/BASIC5000_1676.wav,38,25,1,3.16,1,train
BASIC5000_1677,data/jsut_ver1.1/basic5000/wav/BASIC5000_1677.wav,53,32,3,3.86,3,train
BASIC5000_1678,data/jsut_ver1.1/basic5000/wav/BASIC5000_1678.wav,50,32,2,4.02,3,train
BASIC5000_1679,data/jsut_ver1.1/basic5000/wav/BASIC5000_1679.wav,32,19,2,2.65,1,train
BASIC5000_1680,data/jsut_ver1.1/basic5000/wav/BASIC5000_1680.wav,89,51,2,6.31,4,train
BASIC5000_1681,data/jsut_ver1.1/basic5000/wav/BASIC5000_1681.wav,34,22,2,3.18,1,val
BASIC5000_1682,data/jsut_ver1.1/basic5000/wav/BASIC5000_1682.wav,28,18,0,2.72,1,train
BASIC5000_1683,data/jsut_ver1.1/basic5000/wav/BASIC5000_1683.wav,49,30,3,4.27,2,train
BASIC5000_1684,data/jsut_ver1.1/basic5000/wav/BASIC5000_1684.wav,37,22,1,2.95,1,train
BASIC5000_1685,data/jsut_ver1.1/basic5000/wav/BASIC5000_1685.wav,34,23,4,3.22,1,train
BASIC5000_1686,data/jsut_ver1.1/basic5000/wav/BASIC5000_1686.wav,35,21,1,2.76,1,train
BASIC5000_1687,data/jsut_ver1.1/basic5000/wav/BASIC5000_1687.wav,38,24,2,3.1,1,train
BASIC5000_1688,data/jsut_ver1.1/basic5000/wav/BASIC5000_1688.wav,45,24,0,3.44,2,train
BASIC5000_1689,data/jsut_ver1.1/basic5000/wav/BASIC5000_1689.wav,39,25,2,3.17,1,val
BASIC5000_1690,data/jsut_ver1.1/basic5000/wav/BASIC5000_1690.wav,49,28,0,3.85,2,train
BASIC5000_1691,data/jsut_ver1.1/basic5000/wav/BASIC5000_1691.wav,55,32,1,4.84,3,train
BASIC5000_1692,data/jsut_ver1.1/basic5000/wav/BASIC5000_1692.wav,57,32,0,4.26,3,train
BASIC5000_1693,data/jsut_ver1.1/basic5000/wav/BASIC5000_1693.wav,68,40,2,4.93,3,val
BASIC5000_1694,data/jsut_ver1.1/basic5000/wav/BASIC5000_1694.wav,36,20,0,2.8,1,train
BASIC5000_1695,data/jsut_ver1.1/basic5000/wav/BASIC5000_1695.wav,52,29,0,4.04,3,train
BASIC5000_1696,data/jsut_ver1.1/basic5000/wav/BASIC5000_1696.wav,36,22,1,3.18,1,train
BASIC5000_1697,data/jsut_ver1.1/basic5000/wav/BASIC5000_1697.wav,37,23,2,2.98,1,train
BASIC5000_1698,data/jsut_ver1.1/basic5000/wav/BASIC5000_1698.wav,53,30,1,3.86,3,train
BASIC5000_1699,data/jsut_ver1.1/basic5000/wav/BASIC5000_1699.wav,50,31,2,3.73,3,val
BASIC5000_1700,data/jsut_ver1.1/basic5000/wav/BASIC5000_1700.wav,34,22,3,2.83,1,train
BASIC5000_1701,data/jsut_ver1.1/basic5000/wav/BASIC5000_1701.wav,54,32,1,4.22,3,train
BASIC5000_1702,data/jsut_ver1.1/basic5000/wav/BASIC5000_1702.wav,32,21,2,2.7,1,train
BASIC5000_1703,data/jsut_ver1.1/basic5000/wav/BASIC5000_1703.wav,84,50,2,7.1,4,train
BASIC5000_1704,data/jsut_ver1.1/basic5000/wav/BASIC5000_1704.wav,36,21,0,3.09,1,train
BASIC5000_1705,data/jsut_ver1.1/basic5000/wav/BASIC5000_1705.wav,56,36,2,4.43,3,val
BASIC5000_1706,data/jsut_ver1.1/basic5000/wav/BASIC5000_1706.wav,43,26,2,3.31,2,val
BASIC5000_1707,data/jsut_ver1.1/basic5000/wav/BASIC5000_1707.wav,44,27,3,3.49,2,train
BASIC5000_1708,data/jsut_ver1.1/basic5000/wav/BASIC5000_1708.wav,52,29,0,4.26,3,train
BASIC5000_1709,data/jsut_ver1.1/basic5000/wav/BASIC5000_1709.wav,37,23,1,3.75,1,train
BASIC5000_1710,data/jsut_ver1.1/basic5000/wav/BASIC5000_1710.wav,39,23,1,3.25,1,test
BASIC5000_1711,data/jsut_ver1.1/basic5000/wav/BASIC5000_1711.wav,44,27,1,3.74,2,train
BASIC5000_1712,data/jsut_ver1.1/basic5000/wav/BASIC5000_1712.wav,49,28,1,3.66,2,val
BASIC5000_1713,data/jsut_ver1.1/basic5000/wav/BASIC5000_1713.wav,50,31,3,4.1,3,val
BASIC5000_1714,data/jsut_ver1.1/basic5000/wav/BASIC5000_1714.wav,58,33,0,4.45,3,val
BASIC5000_1715,data/jsut_ver1.1/basic5000/wav/BASIC5000_1715.wav,43,26,2,3.53,2,train
BASIC5000_1716,data/jsut_ver1.1/basic5000/wav/BASIC5000_1716.wav,65,39,2,5.32,3,train
BASIC5000_1717,data/jsut_ver1.1/basic5000/wav/BASIC5000_1717.wav,66,37,0,6.05,3,train
BASIC5000_1718,data/jsut_ver1.1/basic5000/wav/BASIC5000_1718.wav,37,21,0,2.95,1,train
BASIC5000_1719,data/jsut_ver1.1/basic5000/wav/BASIC5000_1719.wav,40,23,2,3.23,2,train
BASIC5000_1720,data/jsut_ver1.1/basic5000/wav/BASIC5000_1720.wav,27,16,1,2.66,1,train
BASIC5000_1721,data/jsut_ver1.1/basic5000/wav/BASIC5000_1721.wav,45,26,1,3.71,2,train
BASIC5000_1722,data/jsut_ver1.1/basic5000/wav/BASIC5000_1722.wav,61,34,1,4.88,3,train
BASIC5000_1723,data/jsut_ver1.1/basic5000/wav/BASIC5000_1723.wav,44,25,0,3.65,2,train
BASIC5000_1724,data/jsut_ver1.1/basic5000/wav/BASIC5000_1724.wav,58,37,4,4.44,3,train
BASIC5000_1725,data/jsut_ver1.1/basic5000/wav/BASIC5000_1725.wav,40,24,0,3.36,2,test
BASIC5000_1726,data/jsut_ver1.1/basic5000/wav/BASIC5000_1726.wav,51,30,2,3.82,3,train
BASIC5000_1727,data/jsut_ver1.1/basic5000/wav/BASIC5000_1727.wav,60,36,2,4.72,3,train
BASIC5000_1728,data/jsut_ver1.1/basic5000/wav/BASIC5000_1728.wav,41,25,0,3.6,2,test
BASIC5000_1729,data/jsut_ver1.1/basic5000/wav/BASIC5000_1729.wav,56,34,1,4.5,3,test
BASIC5000_1730,data/jsut_ver1.1/basic5000/wav/BASIC5000_1730.wav,41,24,0,3.29,2,train
BASIC5000_1731,data/jsut_ver1.1/basic5000/wav/BASIC5000_1731.wav,43,25,3,3.39,2,train
BASIC5000_1732,data/jsut_ver1.1/basic5000/wav/BASIC5000_1732.wav,71,40,0,5.56,4,train
BASIC5000_1733,data/jsut_ver1.1/basic5000/wav/BASIC5000_1733.wav,53,33,2,3.98,3,train
BASIC5000_1734,data/jsut_ver1.1/basic5000/wav/BASIC5000_1734.wav,53,33,2,4.12,3,train
BASIC5000_1735,data/jsut_ver1.1/basic5000/wav/BASIC5000_1735.wav,47,27,1,3.64,2,val
BASIC5000_1736,data/jsut_ver1.1/basic5000/wav/BASIC5000_1736.wav,42,26,2,3.7,2,train
BASIC5000_1737,data/jsut_ver1.1/basic5000/wav/BASIC5000_1737.wav,66,42,3,5.83,3,train
BASIC5000_1738,data/jsut_ver1.1/basic5000/wav/BASIC5000_1738.wav,32,19,1,2.81,1,train
BASIC5000_1739,data/jsut_ver1.1/basic5000/wav/BASIC5000_1739.wav,41,23,0,3.37,2,train
BASIC5000_1740,data/jsut_ver1.1/basic5000/wav/BASIC5000_1740.wav,47,29,1,3.95,2,train
BASIC5000_1741,data/jsut_ver1.1/basic5000/wav/BASIC5000_1741.wav,33,21,2,3.849291666666667,1,train
BASIC5000_1742,data/jsut_ver1.1/basic5000/wav/BASIC5000_1742.wav,45,29,5,3.36,2,test
BASIC5000_1743,data/jsut_ver1.1/basic5000/wav/BASIC5000_1743.wav,54,28,0,4.15,3,train
BASIC5000_1744,data/jsut_ver1.1/basic5000/wav/BASIC5000_1744.wav,55,30,1,4.36,3,train
BASIC5000_1745,data/jsut_ver1.1/basic5000/wav/BASIC5000_1745.wav,52,30,0,4.28,3,train
BASIC5000_1746,data/jsut_ver1.1/basic5000/wav/BASIC5000_1746.wav,41,23,1,3.31,2,test
BASIC5000_1747,data/jsut_ver1.1/basic5000/wav/BASIC5000_1747.wav,55,33,1,4.5,3,train
BASIC5000_1748,data/jsut_ver1.1/basic5000/wav/BASIC5000_1748.wav,32,19,1,2.56,1,train
BASIC5000_1749,data/jsut_ver1.1/basic5000/wav/BASIC5000_1749.wav,31,18,1,2.49,1,train
BASIC5000_1750,data/jsut_ver1.1/basic5000/wav/BASIC5000_1750.wav,37,22,1,3.04,1,train
BASIC5000_1751,data/jsut_ver1.1/basic5000/wav/BASIC5000_1751.wav,54,32,2,4.45,3,test
BASIC5000_1752,data/jsut_ver1.1/basic5000/wav/BASIC5000_1752.wav,70,46,5,5.09,4,train
BASIC5000_1753,data/jsut_ver1.1/basic5000/wav/BASIC5000_1753.wav,33,19,0,2.69,1,val
BASIC5000_1754,data/jsut_ver1.1/basic5000/wav/BASIC5000_1754.wav,44,25,2,3.45,2,train
BASIC5000_1755,data/jsut_ver1.1/basic5000/wav/BASIC5000_1755.wav,43,25,0,3.62,2,train
BASIC5000_1756,data/jsut_ver1.1/basic5000/wav/BASIC5000_1756.wav,59,37,3,4.5,3,train
BASIC5000_1757,data/jsut_ver1.1/basic5000/wav/BASIC5000_1757.wav,37,23,1,3.06,1,train
BASIC5000_1758,data/jsut_ver1.1/basic5000/wav/BASIC5000_1758.wav,58,37,3,4.72,3,val
BASIC5000_1759,data/jsut_ver1.1/basic5000/wav/BASIC5000_1759.wav,34,20,1,3.21,1,train
BASIC5000_1760,data/jsut_ver1.1/basic5000/wav/BASIC5000_1760.wav,50,29,0,3.85,3,train
BASIC5000_1761,data/jsut_ver1.1/basic5000/wav/BASIC5000_1761.wav,38,22,1,2.89,1,train
BASIC5000_1762,data/jsut_ver1.1/basic5000/wav/BASIC5000_1762.wav,32,19,0,2.65,1,val
BASIC5000_1763,data/jsut_ver1.1/basic5000/wav/BASIC5000_1763.wav,38,21,1,3.01,1,train
BASIC5000_1764,data/jsut_ver1.1/basic5000/wav/BASIC5000_1764.wav,42,26,2,3.64,2,train
BASIC5000_1765,data/jsut_ver1.1/basic5000/wav/BASIC5000_1765.wav,34,20,1,2.78,1,train
BASIC5000_1766,data/jsut_ver1.1/basic5000/wav/BASIC5000_1766.wav,57,33,1,4.53,3,train
BASIC5000_1767,data/jsut_ver1.1/basic5000/wav/BASIC5000_1767.wav,34,21,0,2.98,1,train
BASIC5000_1768,data/jsut_ver1.1/basic5000/wav/BASIC5000_1768.wav,65,36,1,4.93,3,train
BASIC5000_1769,data/jsut_ver1.1/basic5000/wav/BASIC5000_1769.wav,51,28,0,3.71,3,val
BASIC5000_1770,data/jsut_ver1.1/basic5000/wav/BASIC5000_1770.wav,47,28,0,3.73,2,train
BASIC5000_1771,data/jsut_ver1.1/basic5000/wav/BASIC5000_1771.wav,59,36,1,5.79,3,val
BASIC5000_1772,data/jsut_ver1.1/basic5000/wav/BASIC5000_1772.wav,43,27,1,3.54,2,train
BASIC5000_1773,data/jsut_ver1.1/basic5000/wav/BASIC5000_1773.wav,37,22,2,3.1,1,train
BASIC5000_1774,data/jsut_ver1.1/basic5000/wav/BASIC5000_1774.wav,40,23,1,3.2,2,train
BASIC5000_1775,data/jsut_ver1.1/basic5000/wav/BASIC5000_1775.wav,37,21,1,3.17,1,train
BASIC5000_1776,data/jsut_ver1.1/basic5000/wav/BASIC5000_1776.wav,59,37,2,4.67,3,train
BASIC5000_1777,data/jsut_ver1.1/basic5000/wav/BASIC5000_1777.wav,48,27,1,3.81,2,train
BASIC5000_1778,data/jsut_ver1.1/basic5000/wav/BASIC5000_1778.wav,27,18,1,2.53,1,train
BASIC5000_1779,data/jsut_ver1.1/basic5000/wav/BASIC5000_1779.wav,46,27,3,3.67,2,train
BASIC5000_1780,data/jsut_ver1.1/basic5000/wav/BASIC5000_1780.wav,53,35,2,4.19,3,train
BASIC5000_1781,data/jsut_ver1.1/basic5000/wav/BASIC5000_1781.wav,36,21,1,3.01,1,train
BASIC5000_1782,data/jsut_ver1.1/basic5000/wav/BASIC5000_1782.wav,48,26,0,3.87,2,train
BASIC5000_1783,data/jsut_ver1.1/basic5000/wav/BASIC5000_1783.wav,48,30,1,3.89,2,train
BASIC5000_1784,data/jsut_ver1.1/basic5000/wav/BASIC5000_1784.wav,69,41,3,5.42,3,train
BASIC5000_1785,data/jsut_ver1.1/basic5000/wav/BASIC5000_1785.wav,40,23,0,3.4,2,train
BASIC5000_1786,data/jsut_ver1.1/basic5000/wav/BASIC5000_1786.wav,45,26,2,3.96,2,train
BASIC5000_1787,data/jsut_ver1.1/basic5000/wav/BASIC5000_1787.wav,30,19,1,2.48,1,train
BASIC5000_1788,data/jsut_ver1.1/basic5000/wav/BASIC5000_1788.wav,83,50,2,6.26,4,train
BASIC5000_1789,data/jsut_ver1.1/basic5000/wav/BASIC5000_1789.wav,40,24,2,3.4,2,train
BASIC5000_1790,data/jsut_ver1.1/basic5000/wav/BASIC5000_1790.wav,59,33,0,5.159291666666666,3,train
BASIC5000_1791,data/jsut_ver1.1/basic5000/wav/BASIC5000_1791.wav,32,18,0,2.88,1,train
BASIC5000_1792,data/jsut_ver1.1/basic5000/wav/BASIC5000_1792.wav,31,18,0,3.26,1,train
BASIC5000_1793,data/jsut_ver1.1/basic5000/wav/BASIC5000_1793.wav,51,32,3,4.04,3,train
BASIC5000_1794,data/jsut_ver1.1/basic5000/wav/BASIC5000_1794.wav,53,32,3,4.18,3,train
BASIC5000_1795,data/jsut_ver1.1/basic5000/wav/BASIC5000_1795.wav,52,30,3,4.1,3,train
BASIC5000_1796,data/jsut_ver1.1/basic5000/wav/BASIC5000_1796.wav,57,34,2,4.72,3,test
BASIC5000_1797,data/jsut_ver1.1/basic5000/wav/BASIC5000_1797.wav,32,18,1,3.03,1,val
BASIC5000_1798,data/jsut_ver1.1/basic5000/wav/BASIC5000_1798.wav,50,32,4,3.83,3,train
BASIC5000_1799,data/jsut_ver1.1/basic5000/wav/BASIC5000_1799.wav,48,28,0,4.02,2,train
BASIC5000_1800,data/jsut_ver1.1/basic5000/wav/BASIC5000_1800.wav,45,31,4,3.99,2,train
BASIC5000_1801,data/jsut_ver1.1/basic5000/wav/BASIC5000_1801.wav,38,25,3,3.48,1,train
BASIC5000_1802,data/jsut_ver1.1/basic5000/wav/BASIC5000_1802.wav,49,29,1,4.17,2,train
BASIC5000_1803,data/jsut_ver1.1/basic5000/wav/BASIC5000_1803.wav,121,72,2,10.23,4,val
BASIC5000_1804,data/jsut_ver1.1/basic5000/wav/BASIC5000_1804.wav,35,20,0,2.82,1,train
BASIC5000_1805,data/jsut_ver1.1/basic5000/wav/BASIC5000_1805.wav,36,21,1,3.01,1,train
BASIC5000_1806,data/jsut_ver1.1/basic5000/wav/BASIC5000_1806.wav,43,25,1,3.55,2,train
BASIC5000_1807,data/jsut_ver1.1/basic5000/wav/BASIC5000_1807.wav,53,32,1,4.41,3,train
BASIC5000_1808,data/jsut_ver1.1/basic5000/wav/BASIC5000_1808.wav,38,23,1,3.27,1,val
BASIC5000_1809,data/jsut_ver1.1/basic5000/wav/BASIC5000_1809.wav,37,22,2,3.27,1,train
BASIC5000_1810,data/jsut_ver1.1/basic5000/wav/BASIC5000_1810.wav,37,22,0,3.42,1,train
BASIC5000_1811,data/jsut_ver1.1/basic5000/wav/BASIC5000_1811.wav,31,19,1,4.16,1,train
BASIC5000_1812,data/jsut_ver1.1/basic5000/wav/BASIC5000_1812.wav,62,39,4,4.83,3,train
BASIC5000_1813,data/jsut_ver1.1/basic5000/wav/BASIC5000_1813.wav,40,25,4,3.26,2,train
BASIC5000_1814,data/jsut_ver1.1/basic5000/wav/BASIC5000_1814.wav,52,37,5,4.72,3,train
BASIC5000_1815,data/jsut_ver1.1/basic5000/wav/BASIC5000_1815.wav,72,42,2,5.32,4,val
BASIC5000_1816,data/jsut_ver1.1/basic5000/wav/BASIC5000_1816.wav,36,23,1,3.1,1,train
BASIC5000_1817,data/jsut_ver1.1/basic5000/wav/BASIC5000_1817.wav,78,50,6,5.78,4,train
BASIC5000_1818,data/jsut_ver1.1/basic5000/wav/BASIC5000_1818.wav,37,20,0,2.82,1,test
BASIC5000_1819,data/jsut_ver1.1/basic5000/wav/BASIC5000_1819.wav,45,27,2,3.8,2,train
BASIC5000_1820,data/jsut_ver1.1/basic5000/wav/BASIC5000_1820.wav,37,24,3,3.1,1,train
BASIC5000_1821,data/jsut_ver1.1/basic5000/wav/BASIC5000_1821.wav,43,27,2,3.38,2,train
BASIC5000_1822,data/jsut_ver1.1/basic5000/wav/BASIC5000_1822.wav,50,33,4,3.95,3,train
BASIC5000_1823,data/jsut_ver1.1/basic5000/wav/BASIC5000_1823.wav,35,21,1,3.12,1,train
BASIC5000_1824,data/jsut_ver1.1/basic5000/wav/BASIC5000_1824.wav,48,29,1,3.95,2,test
BASIC5000_1825,data/jsut_ver1.1/basic5000/wav/BASIC5000_1825.wav,69,40,1,5.27,3,train
BASIC5000_1826,data/jsut_ver1.1/basic5000/wav/BASIC5000_1826.wav,54,31,1,4.01,3,train
BASIC5000_1827,data/jsut_ver1.1/basic5000/wav/BASIC5000_1827.wav,63,36,2,4.82,3,train
BASIC5000_1828,data/jsut_ver1.1/basic5000/wav/BASIC5000_1828.wav,83,48,0,6.61,4,train
BASIC5000_1829,data/jsut_ver1.1/basic5000/wav/BASIC5000_1829.wav,36,22,2,3.59,1,train
BASIC5000_1830,data/jsut_ver1.1/basic5000/wav/BASIC5000_1830.wav,58,37,1,4.77,3,test
BASIC5000_1831,data/jsut_ver1.1/basic5000/wav/BASIC5000_1831.wav,47,28,3,3.72,2,train
BASIC5000_1832,data/jsut_ver1.1/basic5000/wav/BASIC5000_1832.wav,37,22,0,2.96,1,train
BASIC5000_1833,data/jsut_ver1.1/basic5000/wav/BASIC5000_1833.wav,56,37,3,4.61,3,train
BASIC5000_1834,data/jsut_ver1.1/basic5000/wav/BASIC5000_1834.wav,59,33,1,4.92,3,val
BASIC5000_1835,data/jsut_ver1.1/basic5000/wav/BASIC5000_1835.wav,35,20,0,2.93,1,train
BASIC5000_1836,data/jsut_ver1.1/basic5000/wav/BASIC5000_1836.wav,36,22,3,2.88,1,train
BASIC5000_1837,data/jsut_ver1.1/basic5000/wav/BASIC5000_1837.wav,41,26,2,3.36,2,train
BASIC5000_1838,data/jsut_ver1.1/basic5000/wav/BASIC5000_1838.wav,49,29,1,3.89,2,train
BASIC5000_1839,data/jsut_ver1.1/basic5000/wav/BASIC5000_1839.wav,50,29,1,4.1,3,train
BASIC5000_1840,data/jsut_ver1.1/basic5000/wav/BASIC5000_1840.wav,36,22,1,3.18,1,val
BASIC5000_1841,data/jsut_ver1.1/basic5000/wav/BASIC5000_1841.wav,56,32,2,4.14,3,val
BASIC5000_1842,data/jsut_ver1.1/basic5000/wav/BASIC5000_1842.wav,56,32,0,4.18,3,train
BASIC5000_1843,data/jsut_ver1.1/basic5000/wav/BASIC5000_1843.wav,40,24,2,3.32,2,train
BASIC5000_1844,data/jsut_ver1.1/basic5000/wav/BASIC5000_1844.wav,47,29,1,3.95,2,val
BASIC5000_1845,data/jsut_ver1.1/basic5000/wav/BASIC5000_1845.wav,48,30,0,3.92,2,train
BASIC5000_1846,data/jsut_ver1.1/basic5000/wav/BASIC5000_1846.wav,42,26,4,3.889291666666667,2,train
BASIC5000_1847,data/jsut_ver1.1/basic5000/wav/BASIC5000_1847.wav,43,26,3,3.41,2,train
BASIC5000_1848,data/jsut_ver1.1/basic5000/wav/BASIC5000_1848.wav,50,29,2,4.12,3,train
BASIC5000_1849,data/jsut_ver1.1/basic5000/wav/BASIC5000_1849.wav,76,42,1,6.3,4,train
BASIC5000_1850,data/jsut_ver1.1/basic5000/wav/BASIC5000_1850.wav,25,16,0,2.46,1,val
BASIC5000_1851,data/jsut_ver1.1/basic5000/wav/BASIC5000_1851.wav,39,24,2,3.54,1,test
BASIC5000_1852,data/jsut_ver1.1/basic5000/wav/BASIC5000_1852.wav,36,22,2,3.09,1,test
BASIC5000_1853,data/jsut_ver1.1/basic5000/wav/BASIC5000_1853.wav,30,19,2,2.8,1,train
BASIC5000_1854,data/jsut_ver1.1/basic5000/wav/BASIC5000_1854.wav,80,50,4,6.09,4,train
BASIC5000_1855,data/jsut_ver1.1/basic5000/wav/BASIC5000_1855.wav,27,16,0,2.58,1,train
BASIC5000_1856,data/jsut_ver1.1/basic5000/wav/BASIC5000_1856.wav,59,33,1,5.2,3,train
BASIC5000_1857,data/jsut_ver1.1/basic5000/wav/BASIC5000_1857.wav,41,25,1,3.37,2,train
BASIC5000_1858,data/jsut_ver1.1/basic5000/wav/BASIC5000_1858.wav,35,23,1,3.3,1,val
BASIC5000_1859,data/jsut_ver1.1/basic5000/wav/BASIC5000_1859.wav,34,22,2,2.92,1,test
BASIC5000_1860,data/jsut_ver1.1/basic5000/wav/BASIC5000_1860.wav,51,29,1,4.04,3,train
BASIC5000_1861,data/jsut_ver1.1/basic5000/wav/BASIC5000_1861.wav,45,29,4,3.49,2,train
BASIC5000_1862,data/jsut_ver1.1/basic5000/wav/BASIC5000_1862.wav,42,24,1,3.2,2,train
BASIC5000_1863,data/jsut_ver1.1/basic5000/wav/BASIC5000_1863.wav,48,31,1,3.82,2,train
BASIC5000_1864,data/jsut_ver1.1/basic5000/wav/BASIC5000_1864.wav,68,41,2,4.86,3,test
BASIC5000_1865,data/jsut_ver1.1/basic5000/wav/BASIC5000_1865.wav,64,38,2,4.77,3,train
BASIC5000_1866,data/jsut_ver1.1/basic5000/wav/BASIC5000_1866.wav,31,18,0,2.99,1,test
BASIC5000_1867,data/jsut_ver1.1/basic5000/wav/BASIC5000_1867.wav,165,99,2,13.13,4,train
BASIC5000_1868,data/jsut_ver1.1/basic5000/wav/BASIC5000_1868.wav,47,29,2,3.72,2,train
BASIC5000_1869,data/jsut_ver1.1/basic5000/wav/BASIC5000_1869.wav,37,21,1,2.97,1,val
BASIC5000_1870,data/jsut_ver1.1/basic5000/wav/BASIC5000_1870.wav,34,19,0,2.8,1,train
BASIC5000_1871,data/jsut_ver1.1/basic5000/wav/BASIC5000_1871.wav,39,23,1,3.25,1,train
BASIC5000_1872,data/jsut_ver1.1/basic5000/wav/BASIC5000_1872.wav,30,18,1,2.72,1,train
BASIC5000_1873,data/jsut_ver1.1/basic5000/wav/BASIC5000_1873.wav,31,19,1,2.63,1,train
BASIC5000_1874,data/jsut_ver1.1/basic5000/wav/BASIC5000_1874.wav,37,20,0,2.99,1,train
BASIC5000_1875,data/jsut_ver1.1/basic5000/wav/BASIC5000_1875.wav,85,51,2,6.48,4,train
BASIC5000_1876,data/jsut_ver1.1/basic5000/wav/BASIC5000_1876.wav,38,23,1,3.17,1,train
BASIC5000_1877,data/jsut_ver1.1/basic5000/wav/BASIC5000_1877.wav,61,36,4,4.23,3,train
BASIC5000_1878,data/jsut_ver1.1/basic5000/wav/BASIC5000_1878.wav,36,21,0,3.48,1,train
BASIC5000_1879,data/jsut_ver1.1/basic5000/wav/BASIC5000_1879.wav,53,35,3,4.22,3,val
BASIC5000_1880,data/jsut_ver1.1/basic5000/wav/BASIC5000_1880.wav,44,28,2,4.02,2,test
BASIC5000_1881,data/jsut_ver1.1/basic5000/wav/BASIC5000_1881.wav,45,27,1,3.69,2,train
BASIC5000_1882,data/jsut_ver1.1/basic5000/wav/BASIC5000_1882.wav,74,44,4,5.43,4,train
BASIC5000_1883,data/jsut_ver1.1/basic5000/wav/BASIC5000_1883.wav,47,29,2,3.73,2,train
BASIC5000_1884,data/jsut_ver1.1/basic5000/wav/BASIC5000_1884.wav,50,28,2,3.76,3,test
BASIC5000_1885,data/jsut_ver1.1/basic5000/wav/BASIC5000_1885.wav,30,19,0,3.44,1,train
BASIC5000_1886,data/jsut_ver1.1/basic5000/wav/BASIC5000_1886.wav,55,32,0,4.94,3,train
BASIC5000_1887,data/jsut_ver1.1/basic5000/wav/BASIC5000_1887.wav,57,33,1,4.17,3,train
BASIC5000_1888,data/jsut_ver1.1/basic5000/wav/BASIC5000_1888.wav,45,27,0,4.2,2,train
BASIC5000_1889,data/jsut_ver1.1/basic5000/wav/BASIC5000_1889.wav,39,22,1,3.08,1,train
BASIC5000_1890,data/jsut_ver1.1/basic5000/wav/BASIC5000_1890.wav,57,34,2,4.25,3,train
BASIC5000_1891,data/jsut_ver1.1/basic5000/wav/BASIC5000_1891.wav,58,37,3,4.51,3,train
BASIC5000_1892,data/jsut_ver1.1/basic5000/wav/BASIC5000_1892.wav,70,43,3,5.41,4,test
BASIC5000_1893,data/jsut_ver1.1/basic5000/wav/BASIC5000_1893.wav,31,18,0,2.8,1,test
BASIC5000_1894,data/jsut_ver1.1/basic5000/wav/BASIC5000_1894.wav,44,25,0,3.54,2,train
BASIC5000_1895,data/jsut_ver1.1/basic5000/wav/BASIC5000_1895.wav,46,28,1,3.81,2,train
BASIC5000_1896,data/jsut_ver1.1/basic5000/wav/BASIC5000_1896.wav,51,30,1,3.82,3,train
BASIC5000_1897,data/jsut_ver1.1/basic5000/wav/BASIC5000_1897.wav,70,41,2,5.23,4,train
BASIC5000_1898,data/jsut_ver1.1/basic5000/wav/BASIC5000_1898.wav,60,38,4,4.39,3,train
BASIC5000_1899,data/jsut_ver1.1/basic5000/wav/BASIC5000_1899.wav,47,29,3,3.74,2,val
BASIC5000_1900,data/jsut_ver1.1/basic5000/wav/BASIC5000_1900.wav,54,32,1,4.15,3,train
BASIC5000_1901,data/jsut_ver1.1/basic5000/wav/BASIC5000_1901.wav,56,34,3,4.43,3,train
BASIC5000_1902,data/jsut_ver1.1/basic5000/wav/BASIC5000_1902.wav,40,23,1,3.16,2,train
BASIC5000_1903,data/jsut_ver1.1/basic5000/wav/BASIC5000_1903.wav,61,38,2,4.49,3,val
BASIC5000_1904,data/jsut_ver1.1/basic5000/wav/BASIC5000_1904.wav,36,22,2,2.99,1,test
BASIC5000_1905,data/jsut_ver1.1/basic5000/wav/BASIC5000_1905.wav,46,29,5,3.53,2,train
BASIC5000_1906,data/jsut_ver1.1/basic5000/wav/BASIC5000_1906.wav,55,34,2,4.45,3,train
BASIC5000_1907,data/jsut_ver1.1/basic5000/wav/BASIC5000_1907.wav,42,26,0,4.14,2,train
BASIC5000_1908,data/jsut_ver1.1/basic5000/wav/BASIC5000_1908.wav,83,51,1,6.2,4,train
BASIC5000_1909,data/jsut_ver1.1/basic5000/wav/BASIC5000_1909.wav,40,22,1,3.15,2,train
BASIC5000_1910,data/jsut_ver1.1/basic5000/wav/BASIC5000_1910.wav,41,25,3,3.45,2,train
BASIC5000_1911,data/jsut_ver1.1/basic5000/wav/BASIC5000_1911.wav,42,26,1,3.6,2,train
BASIC5000_1912,data/jsut_ver1.1/basic5000/wav/BASIC5000_1912.wav,46,26,0,4.1,2,train
BASIC5000_1913,data/jsut_ver1.1/basic5000/wav/BASIC5000_1913.wav,35,22,3,2.97,1,train
BASIC5000_1914,data/jsut_ver1.1/basic5000/wav/BASIC5000_1914.wav,44,26,0,4.5,2,train
BASIC5000_1915,data/jsut_ver1.1/basic5000/wav/BASIC5000_1915.wav,35,22,1,3.02,1,train
BASIC5000_1916,data/jsut_ver1.1/basic5000/wav/BASIC5000_1916.wav,38,23,1,3.42,1,train
BASIC5000_1917,data/jsut_ver1.1/basic5000/wav/BASIC5000_1917.wav,58,33,0,5.03,3,test
BASIC5000_1918,data/jsut_ver1.1/basic5000/wav/BASIC5000_1918.wav,51,32,3,3.93,3,train
BASIC5000_1919,data/jsut_ver1.1/basic5000/wav/BASIC5000_1919.wav,45,29,3,3.53,2,train
BASIC5000_1920,data/jsut_ver1.1/basic5000/wav/BASIC5000_1920.wav,39,23,2,3.56,1,test
BASIC5000_1921,data/jsut_ver1.1/basic5000/wav/BASIC5000_1921.wav,35,22,1,3.2,1,train
BASIC5000_1922,data/jsut_ver1.1/basic5000/wav/BASIC5000_1922.wav,34,21,1,4.46,1,train
BASIC5000_1923,data/jsut_ver1.1/basic5000/wav/BASIC5000_1923.wav,39,25,3,3.16,1,train
BASIC5000_1924,data/jsut_ver1.1/basic5000/wav/BASIC5000_1924.wav,47,29,2,4.12,2,train
BASIC5000_1925,data/jsut_ver1.1/basic5000/wav/BASIC5000_1925.wav,60,36,3,4.72,3,train
BASIC5000_1926,data/jsut_ver1.1/basic5000/wav/BASIC5000_1926.wav,76,41,0,6.17,4,train
BASIC5000_1927,data/jsut_ver1.1/basic5000/wav/BASIC5000_1927.wav,71,47,4,6.16,4,train
BASIC5000_1928,data/jsut_ver1.1/basic5000/wav/BASIC5000_1928.wav,72,45,5,5.45,4,test
BASIC5000_1929,data/jsut_ver1.1/basic5000/wav/BASIC5000_1929.wav,49,29,1,3.61,2,test
BASIC5000_1930,data/jsut_ver1.1/basic5000/wav/BASIC5000_1930.wav,30,19,1,2.54,1,train
BASIC5000_1931,data/jsut_ver1.1/basic5000/wav/BASIC5000_1931.wav,61,36,0,5.02,3,train
BASIC5000_1932,data/jsut_ver1.1/basic5000/wav/BASIC5000_1932.wav,52,30,1,3.85,3,train
BASIC5000_1933,data/jsut_ver1.1/basic5000/wav/BASIC5000_1933.wav,40,24,1,3.42,2,train
BASIC5000_1934,data/jsut_ver1.1/basic5000/wav/BASIC5000_1934.wav,44,25,0,3.52,2,train
BASIC5000_1935,data/jsut_ver1.1/basic5000/wav/BASIC5000_1935.wav,52,32,2,4.56,3,train
BASIC5000_1936,data/jsut_ver1.1/basic5000/wav/BASIC5000_1936.wav,42,26,2,3.49,2,train
BASIC5000_1937,data/jsut_ver1.1/basic5000/wav/BASIC5000_1937.wav,65,36,2,5.08,3,train
BASIC5000_1938,data/jsut_ver1.1/basic5000/wav/BASIC5000_1938.wav,52,33,2,4.08,3,train
BASIC5000_1939,data/jsut_ver1.1/basic5000/wav/BASIC5000_1939.wav,32,18,0,3.31,1,train
BASIC5000_1940,data/jsut_ver1.1/basic5000/wav/BASIC5000_1940.wav,42,23,0,3.31,2,train
BASIC5000_1941,data/jsut_ver1.1/basic5000/wav/BASIC5000_1941.wav,45,25,0,3.71,2,train
BASIC5000_1942,data/jsut_ver1.1/basic5000/wav/BASIC5000_1942.wav,31,19,2,2.68,1,train
BASIC5000_1943,data/jsut_ver1.1/basic5000/wav/BASIC5000_1943.wav,51,30,0,3.97,3,train
BASIC5000_1944,data/jsut_ver1.1/basic5000/wav/BASIC5000_1944.wav,34,23,3,2.74,1,train
BASIC5000_1945,data/jsut_ver1.1/basic5000/wav/BASIC5000_1945.wav,35,20,0,3.2,1,train
BASIC5000_1946,data/jsut_ver1.1/basic5000/wav/BASIC5000_1946.wav,66,38,0,5.17,3,train
BASIC5000_1947,data/jsut_ver1.1/basic5000/wav/BASIC5000_1947.wav,55,34,3,4.29,3,train
BASIC5000_1948,data/jsut_ver1.1/basic5000/wav/BASIC5000_1948.wav,32,21,3,2.52,1,train
BASIC5000_1949,data/jsut_ver1.1/basic5000/wav/BASIC5000_1949.wav,48,26,0,3.81,2,train
BASIC5000_1950,data/jsut_ver1.1/basic5000/wav/BASIC5000_1950.wav,52,33,1,4.43,3,train
BASIC5000_1951,data/jsut_ver1.1/basic5000/wav/BASIC5000_1951.wav,58,36,2,5.68,3,train
BASIC5000_1952,data/jsut_ver1.1/basic5000/wav/BASIC5000_1952.wav,55,29,0,4.21,3,train
BASIC5000_1953,data/jsut_ver1.1/basic5000/wav/BASIC5000_1953.wav,48,28,0,3.8,2,train
BASIC5000_1954,data/jsut_ver1.1/basic5000/wav/BASIC5000_1954.wav,119,76,6,8.75,4,val
BASIC5000_1955,data/jsut_ver1.1/basic5000/wav/BASIC5000_1955.wav,45,27,2,3.59,2,train
BASIC5000_1956,data/jsut_ver1.1/basic5000/wav/BASIC5000_1956.wav,48,30,3,3.75,2,train
BASIC5000_1957,data/jsut_ver1.1/basic5000/wav/BASIC5000_1957.wav,37,21,2,2.95,1,train
BASIC5000_1958,data/jsut_ver1.1/basic5000/wav/BASIC5000_1958.wav,39,23,1,3.32,1,train
BASIC5000_1959,data/jsut_ver1.1/basic5000/wav/BASIC5000_1959.wav,42,26,2,3.43,2,train
BASIC5000_1960,data/jsut_ver1.1/basic5000/wav/BASIC5000_1960.wav,31,17,0,2.81,1,train
BASIC5000_1961,data/jsut_ver1.1/basic5000/wav/BASIC5000_1961.wav,51,31,1,4.15,3,train
BASIC5000_1962,data/jsut_ver1.1/basic5000/wav/BASIC5000_1962.wav,42,24,0,3.62,2,train
BASIC5000_1963,data/jsut_ver1.1/basic5000/wav/BASIC5000_1963.wav,30,20,3,2.63,1,train
BASIC5000_1964,data/jsut_ver1.1/basic5000/wav/BASIC5000_1964.wav,59,36,1,4.6,3,train
BASIC5000_1965,data/jsut_ver1.1/basic5000/wav/BASIC5000_1965.wav,72,41,0,5.46,4,train
BASIC5000_1966,data/jsut_ver1.1/basic5000/wav/BASIC5000_1966.wav,57,37,3,4.34,3,train
BASIC5000_1967,data/jsut_ver1.1/basic5000/wav/BASIC5000_1967.wav,44,25,0,3.57,2,train
BASIC5000_1968,data/jsut_ver1.1/basic5000/wav/BASIC5000_1968.wav,42,23,0,3.37,2,train
BASIC5000_1969,data/jsut_ver1.1/basic5000/wav/BASIC5000_1969.wav,42,26,1,3.4,2,train
BASIC5000_1970,data/jsut_ver1.1/basic5000/wav/BASIC5000_1970.wav,68,40,2,4.92,3,train
BASIC5000_1971,data/jsut_ver1.1/basic5000/wav/BASIC5000_1971.wav,48,28,1,3.66,2,test
BASIC5000_1972,data/jsut_ver1.1/basic5000/wav/BASIC5000_1972.wav,49,31,1,3.97,2,train
BASIC5000_1973,data/jsut_ver1.1/basic5000/wav/BASIC5000_1973.wav,36,20,0,2.99,1,train
BASIC5000_1974,data/jsut_ver1.1/basic5000/wav/BASIC5000_1974.wav,32,18,0,3.3,1,train
BASIC5000_1975,data/jsut_ver1.1/basic5000/wav/BASIC5000_1975.wav,68,43,4,5.81,3,train
BASIC5000_1976,data/jsut_ver1.1/basic5000/wav/BASIC5000_1976.wav,35,21,2,2.68,1,train
BASIC5000_1977,data/jsut_ver1.1/basic5000/wav/BASIC5000_1977.wav,25,16,1,3.55,1,train
BASIC5000_1978,data/jsut_ver1.1/basic5000/wav/BASIC5000_1978.wav,55,34,1,4.22,3,train
BASIC5000_1979,data/jsut_ver1.1/basic5000/wav/BASIC5000_1979.wav,50,33,4,3.97,3,train
BASIC5000_1980,data/jsut_ver1.1/basic5000/wav/BASIC5000_1980.wav,45,27,1,3.54,2,train
BASIC5000_1981,data/jsut_ver1.1/basic5000/wav/BASIC5000_1981.wav,37,22,2,2.99,1,val
BASIC5000_1982,data/jsut_ver1.1/basic5000/wav/BASIC5000_1982.wav,45,26,1,3.62,2,train
BASIC5000_1983,data/jsut_ver1.1/basic5000/wav/BASIC5000_1983.wav,67,42,3,5.37,3,train
BASIC5000_1984,data/jsut_ver1.1/basic5000/wav/BASIC5000_1984.wav,37,21,0,3.14,1,train
BASIC5000_1985,data/jsut_ver1.1/basic5000/wav/BASIC5000_1985.wav,42,25,1,3.49,2,train
BASIC5000_1986,data/jsut_ver1.1/basic5000/wav/BASIC5000_1986.wav,81,51,2,6.46,4,val
BASIC5000_1987,data/jsut_ver1.1/basic5000/wav/BASIC5000_1987.wav,44,25,1,3.3,2,train
BASIC5000_1988,data/jsut_ver1.1/basic5000/wav/BASIC5000_1988.wav,41,24,0,3.65,2,train
BASIC5000_1989,data/jsut_ver1.1/basic5000/wav/BASIC5000_1989.wav,36,23,3,2.84,1,test
BASIC5000_1990,data/jsut_ver1.1/basic5000/wav/BASIC5000_1990.wav,37,22,1,2.83,1,train
BASIC5000_1991,data/jsut_ver1.1/basic5000/wav/BASIC5000_1991.wav,58,34,2,4.6,3,train
BASIC5000_1992,data/jsut_ver1.1/basic5000/wav/BASIC5000_1992.wav,52,30,1,4.25,3,train
BASIC5000_1993,data/jsut_ver1.1/basic5000/wav/BASIC5000_1993.wav,38,22,1,3.07,1,train
BASIC5000_1994,data/jsut_ver1.1/basic5000/wav/BASIC5000_1994.wav,61,34,1,4.39,3,train
BASIC5000_1995,data/jsut_ver1.1/basic5000/wav/BASIC5000_1995.wav,61,37,3,4.82,3,train
BASIC5000_1996,data/jsut_ver1.1/basic5000/wav/BASIC5000_1996.wav,35,23,3,2.86,1,test
BASIC5000_1997,data/jsut_ver1.1/basic5000/wav/BASIC5000_1997.wav,37,20,0,3.15,1,val
BASIC5000_1998,data/jsut_ver1.1/basic5000/wav/BASIC5000_1998.wav,78,47,1,6.09,4,val
BASIC5000_1999,data/jsut_ver1.1/basic5000/wav/BASIC5000_1999.wav,45,27,3,3.25,2,train
BASIC5000_2000,data/jsut_ver1.1/basic5000/wav/BASIC5000_2000.wav,39,25,4,2.99,1,train
BASIC5000_2001,data/jsut_ver1.1/basic5000/wav/BASIC5000_2001.wav,53,33,1,4.45,3,train
BASIC5000_2002,data/jsut_ver1.1/basic5000/wav/BASIC5000_2002.wav,31,21,2,2.87,1,train
BASIC5000_2003,data/jsut_ver1.1/basic5000/wav/BASIC5000_2003.wav,43,27,2,3.83,2,train
BASIC5000_2004,data/jsut_ver1.1/basic5000/wav/BASIC5000_2004.wav,58,35,1,6.02,3,train
BASIC5000_2005,data/jsut_ver1.1/basic5000/wav/BASIC5000_2005.wav,66,39,3,4.72,3,train
BASIC5000_2006,data/jsut_ver1.1/basic5000/wav/BASIC5000_2006.wav,31,18,0,4.839291666666667,1,train
BASIC5000_2007,data/jsut_ver1.1/basic5000/wav/BASIC5000_2007.wav,93,57,4,7.54,4,train
BASIC5000_2008,data/jsut_ver1.1/basic5000/wav/BASIC5000_2008.wav,38,22,1,3.29,1,train
BASIC5000_2009,data/jsut_ver1.1/basic5000/wav/BASIC5000_2009.wav,29,17,0,2.58,1,train
BASIC5000_2010,data/jsut_ver1.1/basic5000/wav/BASIC5000_2010.wav,35,20,1,2.91,1,train
BASIC5000_2011,data/jsut_ver1.1/basic5000/wav/BASIC5000_2011.wav,51,29,2,3.69,3,val
BASIC5000_2012,data/jsut_ver1.1/basic5000/wav/BASIC5000_2012.wav,33,21,1,2.94,1,train
BASIC5000_2013,data/jsut_ver1.1/basic5000/wav/BASIC5000_2013.wav,42,25,1,3.48,2,train
BASIC5000_2014,data/jsut_ver1.1/basic5000/wav/BASIC5000_2014.wav,55,33,1,4.59,3,train
BASIC5000_2015,data/jsut_ver1.1/basic5000/wav/BASIC5000_2015.wav,60,38,3,4.78,3,train
BASIC5000_2016,data/jsut_ver1.1/basic5000/wav/BASIC5000_2016.wav,108,64,4,8.55,4,train
BASIC5000_2017,data/jsut_ver1.1/basic5000/wav/BASIC5000_2017.wav,44,25,0,3.69,2,train
BASIC5000_2018,data/jsut_ver1.1/basic5000/wav/BASIC5000_2018.wav,78,48,2,6.35,4,train
BASIC5000_2019,data/jsut_ver1.1/basic5000/wav/BASIC5000_2019.wav,41,24,1,3.35,2,test
BASIC5000_2020,data/jsut_ver1.1/basic5000/wav/BASIC5000_2020.wav,62,39,4,5.72,3,train
BASIC5000_2021,data/jsut_ver1.1/basic5000/wav/BASIC5000_2021.wav,62,34,0,5.11,3,train
BASIC5000_2022,data/jsut_ver1.1/basic5000/wav/BASIC5000_2022.wav,34,21,1,3.03,1,train
BASIC5000_2023,data/jsut_ver1.1/basic5000/wav/BASIC5000_2023.wav,43,25,1,3.87,2,train
BASIC5000_2024,data/jsut_ver1.1/basic5000/wav/BASIC5000_2024.wav,79,44,0,6.34,4,test
BASIC5000_2025,data/jsut_ver1.1/basic5000/wav/BASIC5000_2025.wav,52,32,1,4.34,3,val
BASIC5000_2026,data/jsut_ver1.1/basic5000/wav/BASIC5000_2026.wav,61,38,2,4.92,3,train
BASIC5000_2027,data/jsut_ver1.1/basic5000/wav/BASIC5000_2027.wav,50,31,3,4.69,3,train
BASIC5000_2028,data/jsut_ver1.1/basic5000/wav/BASIC5000_2028.wav,61,36,2,4.72,3,train
BASIC5000_2029,data/jsut_ver1.1/basic5000/wav/BASIC5000_2029.wav,50,28,0,4.17,3,val
BASIC5000_2030,data/jsut_ver1.1/basic5000/wav/BASIC5000_2030.wav,63,38,4,5.05,3,train
BASIC5000_2031,data/jsut_ver1.1/basic5000/wav/BASIC5000_2031.wav,56,34,1,4.53,3,train
BASIC5000_2032,data/jsut_ver1.1/basic5000/wav/BASIC5000_2032.wav,31,21,1,3.14,1,train
BASIC5000_2033,data/jsut_ver1.1/basic5000/wav/BASIC5000_2033.wav,66,38,1,5.07,3,train
BASIC5000_2034,data/jsut_ver1.1/basic5000/wav/BASIC5000_2034.wav,49,30,2,4.14,2,train
BASIC5000_2035,data/jsut_ver1.1/basic5000/wav/BASIC5000_2035.wav,30,18,0,2.73,1,train
BASIC5000_2036,data/jsut_ver1.1/basic5000/wav/BASIC5000_2036.wav,43,25,1,3.79,2,test
BASIC5000_2037,data/jsut_ver1.1/basic5000/wav/BASIC5000_2037.wav,87,49,0,7.56,4,train
BASIC5000_2038,data/jsut_ver1.1/basic5000/wav/BASIC5000_2038.wav,34,20,2,3.18,1,val
BASIC5000_2039,data/jsut_ver1.1/basic5000/wav/BASIC5000_2039.wav,39,24,2,3.3,1,val
BASIC5000_2040,data/jsut_ver1.1/basic5000/wav/BASIC5000_2040.wav,43,27,1,3.78,2,val
BASIC5000_2041,data/jsut_ver1.1/basic5000/wav/BASIC5000_2041.wav,52,30,2,3.99,3,train
BASIC5000_2042,data/jsut_ver1.1/basic5000/wav/BASIC5000_2042.wav,66,38,2,5.21,3,val
BASIC5000_2043,data/jsut_ver1.1/basic5000/wav/BASIC5000_2043.wav,40,24,2,3.36,2,train
BASIC5000_2044,data/jsut_ver1.1/basic5000/wav/BASIC5000_2044.wav,43,25,1,3.37,2,train
BASIC5000_2045,data/jsut_ver1.1/basic5000/wav/BASIC5000_2045.wav,49,29,2,3.93,2,train
BASIC5000_2046,data/jsut_ver1.1/basic5000/wav/BASIC5000_2046.wav,35,20,1,3.02,1,train
BASIC5000_2047,data/jsut_ver1.1/basic5000/wav/BASIC5000_2047.wav,37,22,2,3.02,1,train
BASIC5000_2048,data/jsut_ver1.1/basic5000/wav/BASIC5000_2048.wav,35,21,1,3.0,1,val
BASIC5000_2049,data/jsut_ver1.1/basic5000/wav/BASIC5000_2049.wav,39,22,0,3.48,1,train
BASIC5000_2050,data/jsut_ver1.1/basic5000/wav/BASIC5000_2050.wav,43,24,1,3.2392916666666665,2,train
BASIC5000_2051,data/jsut_ver1.1/basic5000/wav/BASIC5000_2051.wav,55,34,3,5.08,3,train
BASIC5000_2052,data/jsut_ver1.1/basic5000/wav/BASIC5000_2052.wav,39,21,0,3.33,1,train
BASIC5000_2053,data/jsut_ver1.1/basic5000/wav/BASIC5000_2053.wav,42,26,2,3.56,2,train
BASIC5000_2054,data/jsut_ver1.1/basic5000/wav/BASIC5000_2054.wav,42,23,0,3.52,2,train
BASIC5000_2055,data/jsut_ver1.1/basic5000/wav/BASIC5000_2055.wav,40,23,0,3.36,2,train
BASIC5000_2056,data/jsut_ver1.1/basic5000/wav/BASIC5000_2056.wav,65,39,2,6.04,3,test
BASIC5000_2057,data/jsut_ver1.1/basic5000/wav/BASIC5000_2057.wav,44,30,2,3.86,2,train
BASIC5000_2058,data/jsut_ver1.1/basic5000/wav/BASIC5000_2058.wav,56,34,2,4.63,3,train
BASIC5000_2059,data/jsut_ver1.1/basic5000/wav/BASIC5000_2059.wav,88,54,5,6.71,4,train
BASIC5000_2060,data/jsut_ver1.1/basic5000/wav/BASIC5000_2060.wav,76,45,3,5.55,4,train
BASIC5000_2061,data/jsut_ver1.1/basic5000/wav/BASIC5000_2061.wav,94,58,7,7.36,4,train
BASIC5000_2062,data/jsut_ver1.1/basic5000/wav/BASIC5000_2062.wav,32,19,0,2.73,1,train
BASIC5000_2063,data/jsut_ver1.1/basic5000/wav/BASIC5000_2063.wav,34,20,0,2.95,1,train
BASIC5000_2064,data/jsut_ver1.1/basic5000/wav/BASIC5000_2064.wav,74,42,0,5.39,4,train
BASIC5000_2065,data/jsut_ver1.1/basic5000/wav/BASIC5000_2065.wav,47,28,2,3.74,2,train
BASIC5000_2066,data/jsut_ver1.1/basic5000/wav/BASIC5000_2066.wav,35,21,2,3.4,1,train
BASIC5000_2067,data/jsut_ver1.1/basic5000/wav/BASIC5000_2067.wav,43,25,0,3.6,2,train
BASIC5000_2068,data/jsut_ver1.1/basic5000/wav/BASIC5000_2068.wav,35,22,3,2.92,1,train
BASIC5000_2069,data/jsut_ver1.1/basic5000/wav/BASIC5000_2069.wav,37,21,0,3.21,1,test
BASIC5000_2070,data/jsut_ver1.1/basic5000/wav/BASIC5000_2070.wav,71,42,1,5.2,4,val
BASIC5000_2071,data/jsut_ver1.1/basic5000/wav/BASIC5000_2071.wav,36,20,0,2.97,1,train
BASIC5000_2072,data/jsut_ver1.1/basic5000/wav/BASIC5000_2072.wav,46,29,2,3.68,2,val
BASIC5000_2073,data/jsut_ver1.1/basic5000/wav/BASIC5000_2073.wav,35,21,2,2.82,1,train
BASIC5000_2074,data/jsut_ver1.1/basic5000/wav/BASIC5000_2074.wav,50,30,3,3.79,3,train
BASIC5000_2075,data/jsut_ver1.1/basic5000/wav/BASIC5000_2075.wav,45,25,1,3.66,2,test
BASIC5000_2076,data/jsut_ver1.1/basic5000/wav/BASIC5000_2076.wav,36,21,1,2.9,1,train
BASIC5000_2077,data/jsut_ver1.1/basic5000/wav/BASIC5000_2077.wav,68,41,3,5.07,3,train
BASIC5000_2078,data/jsut_ver1.1/basic5000/wav/BASIC5000_2078.wav,52,31,3,3.96,3,train
BASIC5000_2079,data/jsut_ver1.1/basic5000/wav/BASIC5000_2079.wav,39,24,1,3.42,1,train
BASIC5000_2080,data/jsut_ver1.1/basic5000/wav/BASIC5000_2080.wav,48,25,0,3.75,2,test
BASIC5000_2081,data/jsut_ver1.1/basic5000/wav/BASIC5000_2081.wav,40,25,1,3.44,2,test
BASIC5000_2082,data/jsut_ver1.1/basic5000/wav/BASIC5000_2082.wav,37,21,2,2.97,1,train
BASIC5000_2083,data/jsut_ver1.1/basic5000/wav/BASIC5000_2083.wav,45,26,0,3.53,2,train
BASIC5000_2084,data/jsut_ver1.1/basic5000/wav/BASIC5000_2084.wav,31,19,2,2.67,1,train
BASIC5000_2085,data/jsut_ver1.1/basic5000/wav/BASIC5000_2085.wav,104,60,4,7.24,4,train
BASIC5000_2086,data/jsut_ver1.1/basic5000/wav/BASIC5000_2086.wav,38,22,1,3.14,1,train
BASIC5000_2087,data/jsut_ver1.1/basic5000/wav/BASIC5000_2087.wav,37,21,1,3.12,1,train
BASIC5000_2088,data/jsut_ver1.1/basic5000/wav/BASIC5000_2088.wav,51,32,3,4.13,3,train
BASIC5000_2089,data/jsut_ver1.1/basic5000/wav/BASIC5000_2089.wav,33,21,0,2.92,1,train
BASIC5000_2090,data/jsut_ver1.1/basic5000/wav/BASIC5000_2090.wav,34,21,2,3.24,1,test
BASIC5000_2091,data/jsut_ver1.1/basic5000/wav/BASIC5000_2091.wav,52,32,1,3.86,3,train
BASIC5000_2092,data/jsut_ver1.1/basic5000/wav/BASIC5000_2092.wav,39,25,2,3.57,1,train
BASIC5000_2093,data/jsut_ver1.1/basic5000/wav/BASIC5000_2093.wav,36,24,2,3.12,1,train
BASIC5000_2094,data/jsut_ver1.1/basic5000/wav/BASIC5000_2094.wav,41,24,2,3.24,2,train
BASIC5000_2095,data/jsut_ver1.1/basic5000/wav/BASIC5000_2095.wav,76,50,4,5.99,4,val
BASIC5000_2096,data/jsut_ver1.1/basic5000/wav/BASIC5000_2096.wav,44,29,4,3.51,2,train
BASIC5000_2097,data/jsut_ver1.1/basic5000/wav/BASIC5000_2097.wav,49,27,1,3.89,2,train
BASIC5000_2098,data/jsut_ver1.1/basic5000/wav/BASIC5000_2098.wav,45,25,0,3.91,2,train
BASIC5000_2099,data/jsut_ver1.1/basic5000/wav/BASIC5000_2099.wav,43,26,2,3.51,2,train
BASIC5000_2100,data/jsut_ver1.1/basic5000/wav/BASIC5000_2100.wav,57,33,1,4.21,3,train
BASIC5000_2101,data/jsut_ver1.1/basic5000/wav/BASIC5000_2101.wav,33,19,0,3.06,1,train
BASIC5000_2102,data/jsut_ver1.1/basic5000/wav/BASIC5000_2102.wav,59,34,0,4.8,3,test
BASIC5000_2103,data/jsut_ver1.1/basic5000/wav/BASIC5000_2103.wav,46,29,1,3.68,2,val
BASIC5000_2104,data/jsut_ver1.1/basic5000/wav/BASIC5000_2104.wav,34,21,1,3.04,1,train
BASIC5000_2105,data/jsut_ver1.1/basic5000/wav/BASIC5000_2105.wav,60,34,2,4.32,3,train
BASIC5000_2106,data/jsut_ver1.1/basic5000/wav/BASIC5000_2106.wav,71,42,1,5.47,4,train
BASIC5000_2107,data/jsut_ver1.1/basic5000/wav/BASIC5000_2107.wav,44,27,2,3.64,2,val
BASIC5000_2108,data/jsut_ver1.1/basic5000/wav/BASIC5000_2108.wav,66,39,2,4.84,3,train
BASIC5000_2109,data/jsut_ver1.1/basic5000/wav/BASIC5000_2109.wav,52,30,0,4.07,3,train
BASIC5000_2110,data/jsut_ver1.1/basic5000/wav/BASIC5000_2110.wav,37,20,0,3.0,1,train
BASIC5000_2111,data/jsut_ver1.1/basic5000/wav/BASIC5000_2111.wav,61,39,4,4.65,3,test
BASIC5000_2112,data/jsut_ver1.1/basic5000/wav/BASIC5000_2112.wav,50,30,2,4.0,3,train
BASIC5000_2113,data/jsut_ver1.1/basic5000/wav/BASIC5000_2113.wav,38,25,3,3.14,1,test
BASIC5000_2114,data/jsut_ver1.1/basic5000/wav/BASIC5000_2114.wav,35,20,1,2.74,1,train
BASIC5000_2115,data/jsut_ver1.1/basic5000/wav/BASIC5000_2115.wav,29,20,3,2.46,1,train
BASIC5000_2116,data/jsut_ver1.1/basic5000/wav/BASIC5000_2116.wav,77,47,6,6.73,4,train
BASIC5000_2117,data/jsut_ver1.1/basic5000/wav/BASIC5000_2117.wav,38,22,0,3.37,1,train
BASIC5000_2118,data/jsut_ver1.1/basic5000/wav/BASIC5000_2118.wav,39,25,3,3.38,1,val
BASIC5000_2119,data/jsut_ver1.1/basic5000/wav/BASIC5000_2119.wav,51,29,1,4.76,3,train
BASIC5000_2120,data/jsut_ver1.1/basic5000/wav/BASIC5000_2120.wav,45,28,0,3.78,2,train
BASIC5000_2121,data/jsut_ver1.1/basic5000/wav/BASIC5000_2121.wav,35,22,1,3.46,1,train
BASIC5000_2122,data/jsut_ver1.1/basic5000/wav/BASIC5000_2122.wav,44,24,1,3.35,2,val
BASIC5000_2123,data/jsut_ver1.1/basic5000/wav/BASIC5000_2123.wav,27,16,0,2.49,1,train
BASIC5000_2124,data/jsut_ver1.1/basic5000/wav/BASIC5000_2124.wav,42,25,2,3.58,2,train
BASIC5000_2125,data/jsut_ver1.1/basic5000/wav/BASIC5000_2125.wav,51,29,0,4.14,3,train
BASIC5000_2126,data/jsut_ver1.1/basic5000/wav/BASIC5000_2126.wav,43,26,2,3.48,2,train
BASIC5000_2127,data/jsut_ver1.1/basic5000/wav/BASIC5000_2127.wav,72,44,2,5.63,4,train
BASIC5000_2128,data/jsut_ver1.1/basic5000/wav/BASIC5000_2128.wav,43,25,1,3.3,2,train
BASIC5000_2129,data/jsut_ver1.1/basic5000/wav/BASIC5000_2129.wav,34,24,4,3.05,1,train
BASIC5000_2130,data/jsut_ver1.1/basic5000/wav/BASIC5000_2130.wav,66,38,1,4.98,3,val
BASIC5000_2131,data/jsut_ver1.1/basic5000/wav/BASIC5000_2131.wav,50,33,5,3.96,3,train
BASIC5000_2132,data/jsut_ver1.1/basic5000/wav/BASIC5000_2132.wav,48,27,0,3.63,2,test
BASIC5000_2133,data/jsut_ver1.1/basic5000/wav/BASIC5000_2133.wav,38,26,4,3.25,1,train
BASIC5000_2134,data/jsut_ver1.1/basic5000/wav/BASIC5000_2134.wav,51,29,1,4.04,3,train
BASIC5000_2135,data/jsut_ver1.1/basic5000/wav/BASIC5000_2135.wav,42,26,1,3.71,2,test
BASIC5000_2136,data/jsut_ver1.1/basic5000/wav/BASIC5000_2136.wav,50,31,1,4.32,3,train
BASIC5000_2137,data/jsut_ver1.1/basic5000/wav/BASIC5000_2137.wav,105,65,4,9.17,4,val
BASIC5000_2138,data/jsut_ver1.1/basic5000/wav/BASIC5000_2138.wav,52,31,2,4.06,3,train
BASIC5000_2139,data/jsut_ver1.1/basic5000/wav/BASIC5000_2139.wav,51,30,2,4.02,3,train
BASIC5000_2140,data/jsut_ver1.1/basic5000/wav/BASIC5000_2140.wav,45,26,1,3.48,2,train
BASIC5000_2141,data/jsut_ver1.1/basic5000/wav/BASIC5000_2141.wav,31,18,0,2.72,1,train
BASIC5000_2142,data/jsut_ver1.1/basic5000/wav/BASIC5000_2142.wav,46,27,1,3.69,2,train
BASIC5000_2143,data/jsut_ver1.1/basic5000/wav/BASIC5000_2143.wav,43,25,1,3.62,2,train
BASIC5000_2144,data/jsut_ver1.1/basic5000/wav/BASIC5000_2144.wav,44,26,1,4.129291666666667,2,train
BASIC5000_2145,data/jsut_ver1.1/basic5000/wav/BASIC5000_2145.wav,72,42,0,6.41,4,train
BASIC5000_2146,data/jsut_ver1.1/basic5000/wav/BASIC5000_2146.wav,55,34,2,4.73,3,train
BASIC5000_2147,data/jsut_ver1.1/basic5000/wav/BASIC5000_2147.wav,40,23,1,3.65,2,test
BASIC5000_2148,data/jsut_ver1.1/basic5000/wav/BASIC5000_2148.wav,47,29,2,4.15,2,val
BASIC5000_2149,data/jsut_ver1.1/basic5000/wav/BASIC5000_2149.wav,37,21,2,3.04,1,train
BASIC5000_2150,data/jsut_ver1.1/basic5000/wav/BASIC5000_2150.wav,46,28,3,4.61,2,train
BASIC5000_2151,data/jsut_ver1.1/basic5000/wav/BASIC5000_2151.wav,29,19,1,3.02,1,train
BASIC5000_2152,data/jsut_ver1.1/basic5000/wav/BASIC5000_2152.wav,41,25,3,4.149291666666667,2,train
BASIC5000_2153,data/jsut_ver1.1/basic5000/wav/BASIC5000_2153.wav,37,22,2,3.1,1,train
BASIC5000_2154,data/jsut_ver1.1/basic5000/wav/BASIC5000_2154.wav,44,24,0,3.94,2,train
BASIC5000_2155,data/jsut_ver1.1/basic5000/wav/BASIC5000_2155.wav,40,25,1,3.7,2,train
BASIC5000_2156,data/jsut_ver1.1/basic5000/wav/BASIC5000_2156.wav,82,51,5,6.31,4,val
BASIC5000_2157,data/jsut_ver1.1/basic5000/wav/BASIC5000_2157.wav,40,24,1,3.66,2,val
BASIC5000_2158,data/jsut_ver1.1/basic5000/wav/BASIC5000_2158.wav,41,25,3,3.69,2,train
BASIC5000_2159,data/jsut_ver1.1/basic5000/wav/BASIC5000_2159.wav,58,34,1,4.91,3,train
BASIC5000_2160,data/jsut_ver1.1/basic5000/wav/BASIC5000_2160.wav,49,30,2,4.37,2,train
BASIC5000_2161,data/jsut_ver1.1/basic5000/wav/BASIC5000_2161.wav,156,94,5,12.03,4,train
BASIC5000_2162,data/jsut_ver1.1/basic5000/wav/BASIC5000_2162.wav,53,33,2,4.69,3,test
BASIC5000_2163,data/jsut_ver1.1/basic5000/wav/BASIC5000_2163.wav,45,27,3,3.55,2,train
BASIC5000_2164,data/jsut_ver1.1/basic5000/wav/BASIC5000_2164.wav,47,27,1,3.92,2,train
BASIC5000_2165,data/jsut_ver1.1/basic5000/wav/BASIC5000_2165.wav,38,22,1,3.22,1,train
BASIC5000_2166,data/jsut_ver1.1/basic5000/wav/BASIC5000_2166.wav,40,23,0,3.65,2,train
BASIC5000_2167,data/jsut_ver1.1/basic5000/wav/BASIC5000_2167.wav,39,24,0,3.86,1,train
BASIC5000_2168,data/jsut_ver1.1/basic5000/wav/BASIC5000_2168.wav,40,25,0,3.64,2,val
BASIC5000_2169,data/jsut_ver1.1/basic5000/wav/BASIC5000_2169.wav,46,26,0,3.95,2,train
BASIC5000_2170,data/jsut_ver1.1/basic5000/wav/BASIC5000_2170.wav,43,25,0,3.45,2,train
BASIC5000_2171,data/jsut_ver1.1/basic5000/wav/BASIC5000_2171.wav,37,22,0,3.26,1,train
BASIC5000_2172,data/jsut_ver1.1/basic5000/wav/BASIC5000_2172.wav,36,21,0,3.14,1,train
BASIC5000_2173,data/jsut_ver1.1/basic5000/wav/BASIC5000_2173.wav,55,33,2,4.65,3,train
BASIC5000_2174,data/jsut_ver1.1/basic5000/wav/BASIC5000_2174.wav,81,48,2,6.28,4,train
BASIC5000_2175,data/jsut_ver1.1/basic5000/wav/BASIC5000_2175.wav,55,33,0,4.59,3,train
BASIC5000_2176,data/jsut_ver1.1/basic5000/wav/BASIC5000_2176.wav,68,42,1,5.44,3,train
BASIC5000_2177,data/jsut_ver1.1/basic5000/wav/BASIC5000_2177.wav,34,19,0,2.88,1,test
BASIC5000_2178,data/jsut_ver1.1/basic5000/wav/BASIC5000_2178.wav,28,19,2,2.57,1,train
BASIC5000_2179,data/jsut_ver1.1/basic5000/wav/BASIC5000_2179.wav,33,18,0,2.75,1,train
BASIC5000_2180,data/jsut_ver1.1/basic5000/wav/BASIC5000_2180.wav,43,26,0,3.89,2,train
BASIC5000_2181,data/jsut_ver1.1/basic5000/wav/BASIC5000_2181.wav,41,25,1,3.39,2,train
BASIC5000_2182,data/jsut_ver1.1/basic5000/wav/BASIC5000_2182.wav,35,22,1,2.96,1,train
BASIC5000_2183,data/jsut_ver1.1/basic5000/wav/BASIC5000_2183.wav,45,28,1,3.97,2,val
BASIC5000_2184,data/jsut_ver1.1/basic5000/wav/BASIC5000_2184.wav,35,23,2,3.02,1,train
BASIC5000_2185,data/jsut_ver1.1/basic5000/wav/BASIC5000_2185.wav,53,31,0,4.23,3,train
BASIC5000_2186,data/jsut_ver1.1/basic5000/wav/BASIC5000_2186.wav,31,20,1,2.94,1,test
BASIC5000_2187,data/jsut_ver1.1/basic5000/wav/BASIC5000_2187.wav,53,30,1,4.54,3,train
BASIC5000_2188,data/jsut_ver1.1/basic5000/wav/BASIC5000_2188.wav,54,33,3,4.6,3,train
BASIC5000_2189,data/jsut_ver1.1/basic5000/wav/BASIC5000_2189.wav,53,35,2,4.53,3,train
BASIC5000_2190,data/jsut_ver1.1/basic5000/wav/BASIC5000_2190.wav,30,19,3,2.5,1,test
BASIC5000_2191,data/jsut_ver1.1/basic5000/wav/BASIC5000_2191.wav,41,22,0,3.4,2,train
BASIC5000_2192,data/jsut_ver1.1/basic5000/wav/BASIC5000_2192.wav,43,25,1,3.32,2,train
BASIC5000_2193,data/jsut_ver1.1/basic5000/wav/BASIC5000_2193.wav,50,31,1,4.29,3,train
BASIC5000_2194,data/jsut_ver1.1/basic5000/wav/BASIC5000_2194.wav,57,31,0,4.81,3,train
BASIC5000_2195,data/jsut_ver1.1/basic5000/wav/BASIC5000_2195.wav,43,25,0,3.68,2,train
BASIC5000_2196,data/jsut_ver1.1/basic5000/wav/BASIC5000_2196.wav,42,26,1,3.71,2,val
BASIC5000_2197,data/jsut_ver1.1/basic5000/wav/BASIC5000_2197.wav,108,65,4,9.519291666666666,4,val
BASIC5000_2198,data/jsut_ver1.1/basic5000/wav/BASIC5000_2198.wav,59,38,3,5.28,3,val
BASIC5000_2199,data/jsut_ver1.1/basic5000/wav/BASIC5000_2199.wav,35,21,0,3.73,1,val
BASIC5000_2200,data/jsut_ver1.1/basic5000/wav/BASIC5000_2200.wav,58,34,2,4.67,3,train
BASIC5000_2201,data/jsut_ver1.1/basic5000/wav/BASIC5000_2201.wav,63,38,1,5.02,3,train
BASIC5000_2202,data/jsut_ver1.1/basic5000/wav/BASIC5000_2202.wav,40,25,1,3.94,2,train
BASIC5000_2203,data/jsut_ver1.1/basic5000/wav/BASIC5000_2203.wav,47,29,2,4.43,2,train
BASIC5000_2204,data/jsut_ver1.1/basic5000/wav/BASIC5000_2204.wav,38,24,3,3.68,1,train
BASIC5000_2205,data/jsut_ver1.1/basic5000/wav/BASIC5000_2205.wav,53,32,0,5.24,3,test
BASIC5000_2206,data/jsut_ver1.1/basic5000/wav/BASIC5000_2206.wav,37,21,0,3.28,1,test
BASIC5000_2207,data/jsut_ver1.1/basic5000/wav/BASIC5000_2207.wav,65,38,2,4.77,3,train
BASIC5000_2208,data/jsut_ver1.1/basic5000/wav/BASIC5000_2208.wav,36,21,0,3.05,1,train
BASIC5000_2209,data/jsut_ver1.1/basic5000/wav/BASIC5000_2209.wav,58,38,4,4.89,3,train
BASIC5000_2210,data/jsut_ver1.1/basic5000/wav/BASIC5000_2210.wav,46,26,0,4.82,2,train
BASIC5000_2211,data/jsut_ver1.1/basic5000/wav/BASIC5000_2211.wav,39,21,0,3.21,1,train
BASIC5000_2212,data/jsut_ver1.1/basic5000/wav/BASIC5000_2212.wav,55,36,4,4.95,3,val
BASIC5000_2213,data/jsut_ver1.1/basic5000/wav/BASIC5000_2213.wav,79,46,2,7.07,4,val
BASIC5000_2214,data/jsut_ver1.1/basic5000/wav/BASIC5000_2214.wav,72,41,0,5.91,4,train
BASIC5000_2215,data/jsut_ver1.1/basic5000/wav/BASIC5000_2215.wav,49,30,1,4.22,2,train
BASIC5000_2216,data/jsut_ver1.1/basic5000/wav/BASIC5000_2216.wav,68,41,1,6.03,3,train
BASIC5000_2217,data/jsut_ver1.1/basic5000/wav/BASIC5000_2217.wav,47,27,1,4.719291666666667,2,train
BASIC5000_2218,data/jsut_ver1.1/basic5000/wav/BASIC5000_2218.wav,46,31,3,3.98,2,train
BASIC5000_2219,data/jsut_ver1.1/basic5000/wav/BASIC5000_2219.wav,36,23,2,3.15,1,train
BASIC5000_2220,data/jsut_ver1.1/basic5000/wav/BASIC5000_2220.wav,38,25,2,3.27,1,train
BASIC5000_2221,data/jsut_ver1.1/basic5000/wav/BASIC5000_2221.wav,43,28,2,3.9,2,val
BASIC5000_2222,data/jsut_ver1.1/basic5000/wav/BASIC5000_2222.wav,37,21,1,3.31,1,train
BASIC5000_2223,data/jsut_ver1.1/basic5000/wav/BASIC5000_2223.wav,39,23,1,3.7,1,train
BASIC5000_2224,data/jsut_ver1.1/basic5000/wav/BASIC5000_2224.wav,59,38,1,4.58,3,train
BASIC5000_2225,data/jsut_ver1.1/basic5000/wav/BASIC5000_2225.wav,37,24,2,3.11,1,train
BASIC5000_2226,data/jsut_ver1.1/basic5000/wav/BASIC5000_2226.wav,42,25,2,3.51,2,test
BASIC5000_2227,data/jsut_ver1.1/basic5000/wav/BASIC5000_2227.wav,58,34,2,4.6,3,train
BASIC5000_2228,data/jsut_ver1.1/basic5000/wav/BASIC5000_2228.wav,38,23,1,3.43,1,train
BASIC5000_2229,data/jsut_ver1.1/basic5000/wav/BASIC5000_2229.wav,35,22,0,3.05,1,train
BASIC5000_2230,data/jsut_ver1.1/basic5000/wav/BASIC5000_2230.wav,53,32,4,4.34,3,val
BASIC5000_2231,data/jsut_ver1.1/basic5000/wav/BASIC5000_2231.wav,40,24,0,3.43,2,train
BASIC5000_2232,data/jsut_ver1.1/basic5000/wav/BASIC5000_2232.wav,72,43,3,5.47,4,train
BASIC5000_2233,data/jsut_ver1.1/basic5000/wav/BASIC5000_2233.wav,47,29,2,3.74,2,train
BASIC5000_2234,data/jsut_ver1.1/basic5000/wav/BASIC5000_2234.wav,51,30,1,4.74,3,train
BASIC5000_2235,data/jsut_ver1.1/basic5000/wav/BASIC5000_2235.wav,49,29,0,4.42,2,train
BASIC5000_2236,data/jsut_ver1.1/basic5000/wav/BASIC5000_2236.wav,51,31,3,4.68,3,train
BASIC5000_2237,data/jsut_ver1.1/basic5000/wav/BASIC5000_2237.wav,34,22,2,3.6,1,train
BASIC5000_2238,data/jsut_ver1.1/basic5000/wav/BASIC5000_2238.wav,25,16,0,2.24,1,train
BASIC5000_2239,data/jsut_ver1.1/basic5000/wav/BASIC5000_2239.wav,47,28,2,3.93,2,train
BASIC5000_2240,data/jsut_ver1.1/basic5000/wav/BASIC5000_2240.wav,49,31,4,3.85,2,train
BASIC5000_2241,data/jsut_ver1.1/basic5000/wav/BASIC5000_2241.wav,38,24,1,3.14,1,val
BASIC5000_2242,data/jsut_ver1.1/basic5000/wav/BASIC5000_2242.wav,46,28,2,3.82,2,train
BASIC5000_2243,data/jsut_ver1.1/basic5000/wav/BASIC5000_2243.wav,43,25,2,3.68,2,train
BASIC5000_2244,data/jsut_ver1.1/basic5000/wav/BASIC5000_2244.wav,31,18,0,2.93,1,train
BASIC5000_2245,data/jsut_ver1.1/basic5000/wav/BASIC5000_2245.wav,63,36,1,5.09,3,train
BASIC5000_2246,data/jsut_ver1.1/basic5000/wav/BASIC5000_2246.wav,40,24,2,3.38,2,train
BASIC5000_2247,data/jsut_ver1.1/basic5000/wav/BASIC5000_2247.wav,49,31,3,4.11,2,val
BASIC5000_2248,data/jsut_ver1.1/basic5000/wav/BASIC5000_2248.wav,48,28,1,4.21,2,train
BASIC5000_2249,data/jsut_ver1.1/basic5000/wav/BASIC5000_2249.wav,49,28,0,4.78,2,train
BASIC5000_2250,data/jsut_ver1.1/basic5000/wav/BASIC5000_2250.wav,39,23,1,3.49,1,train
BASIC5000_2251,data/jsut_ver1.1/basic5000/wav/BASIC5000_2251.wav,57,33,2,4.68,3,train
BASIC5000_2252,data/jsut_ver1.1/basic5000/wav/BASIC5000_2252.wav,65,41,4,5.98,3,train
BASIC5000_2253,data/jsut_ver1.1/basic5000/wav/BASIC5000_2253.wav,45,30,4,4.15,2,train
BASIC5000_2254,data/jsut_ver1.1/basic5000/wav/BASIC5000_2254.wav,51,29,3,4.52,3,val
BASIC5000_2255,data/jsut_ver1.1/basic5000/wav/BASIC5000_2255.wav,26,17,3,4.04,1,val
BASIC5000_2256,data/jsut_ver1.1/basic5000/wav/BASIC5000_2256.wav,41,26,3,3.23,2,train
BASIC5000_2257,data/jsut_ver1.1/basic5000/wav/BASIC5000_2257.wav,30,19,2,3.05,1,train
BASIC5000_2258,data/jsut_ver1.1/basic5000/wav/BASIC5000_2258.wav,29,18,0,5.52,1,train
BASIC5000_2259,data/jsut_ver1.1/basic5000/wav/BASIC5000_2259.wav,48,31,2,4.15,2,val
BASIC5000_2260,data/jsut_ver1.1/basic5000/wav/BASIC5000_2260.wav,45,26,1,3.48,2,train
BASIC5000_2261,data/jsut_ver1.1/basic5000/wav/BASIC5000_2261.wav,46,26,0,3.68,2,train
BASIC5000_2262,data/jsut_ver1.1/basic5000/wav/BASIC5000_2262.wav,44,29,5,3.72,2,train
BASIC5000_2263,data/jsut_ver1.1/basic5000/wav/BASIC5000_2263.wav,64,37,2,4.88,3,train
BASIC5000_2264,data/jsut_ver1.1/basic5000/wav/BASIC5000_2264.wav,36,21,1,3.44,1,test
BASIC5000_2265,data/jsut_ver1.1/basic5000/wav/BASIC5000_2265.wav,61,40,5,6.13,3,train
BASIC5000_2266,data/jsut_ver1.1/basic5000/wav/BASIC5000_2266.wav,43,25,0,3.62,2,train
BASIC5000_2267,data/jsut_ver1.1/basic5000/wav/BASIC5000_2267.wav,54,31,1,4.35,3,train
BASIC5000_2268,data/jsut_ver1.1/basic5000/wav/BASIC5000_2268.wav,43,26,3,3.51,2,train
BASIC5000_2269,data/jsut_ver1.1/basic5000/wav/BASIC5000_2269.wav,39,23,1,3.3,1,train
BASIC5000_2270,data/jsut_ver1.1/basic5000/wav/BASIC5000_2270.wav,58,35,2,4.7,3,train
BASIC5000_2271,data/jsut_ver1.1/basic5000/wav/BASIC5000_2271.wav,39,23,1,3.14,1,train
BASIC5000_2272,data/jsut_ver1.1/basic5000/wav/BASIC5000_2272.wav,35,21,0,3.21,1,train
BASIC5000_2273,data/jsut_ver1.1/basic5000/wav/BASIC5000_2273.wav,34,20,0,3.06,1,train
BASIC5000_2274,data/jsut_ver1.1/basic5000/wav/BASIC5000_2274.wav,45,28,3,3.69,2,test
BASIC5000_2275,data/jsut_ver1.1/basic5000/wav/BASIC5000_2275.wav,56,32,2,4.32,3,test
BASIC5000_2276,data/jsut_ver1.1/basic5000/wav/BASIC5000_2276.wav,35,21,2,2.99,1,train
BASIC5000_2277,data/jsut_ver1.1/basic5000/wav/BASIC5000_2277.wav,43,25,2,3.53,2,train
BASIC5000_2278,data/jsut_ver1.1/basic5000/wav/BASIC5000_2278.wav,43,26,2,3.51,2,test
BASIC5000_2279,data/jsut_ver1.1/basic5000/wav/BASIC5000_2279.wav,80,47,3,7.03,4,train
BASIC5000_2280,data/jsut_ver1.1/basic5000/wav/BASIC5000_2280.wav,43,27,5,3.71,2,train
BASIC5000_2281,data/jsut_ver1.1/basic5000/wav/BASIC5000_2281.wav,48,28,1,3.97,2,val
BASIC5000_2282,data/jsut_ver1.1/basic5000/wav/BASIC5000_2282.wav,46,29,2,4.21,2,train
BASIC5000_2283,data/jsut_ver1.1/basic5000/wav/BASIC5000_2283.wav,58,34,2,4.69,3,val
BASIC5000_2284,data/jsut_ver1.1/basic5000/wav/BASIC5000_2284.wav,40,23,1,3.71,2,train
BASIC5000_2285,data/jsut_ver1.1/basic5000/wav/BASIC5000_2285.wav,39,22,1,5.47,1,test
BASIC5000_2286,data/jsut_ver1.1/basic5000/wav/BASIC5000_2286.wav,44,27,2,4.14,2,train
BASIC5000_2287,data/jsut_ver1.1/basic5000/wav/BASIC5000_2287.wav,63,37,2,6.08,3,train
BASIC5000_2288,data/jsut_ver1.1/basic5000/wav/BASIC5000_2288.wav,32,20,1,2.82,1,val
BASIC5000_2289,data/jsut_ver1.1/basic5000/wav/BASIC5000_2289.wav,38,21,0,3.43,1,train
BASIC5000_2290,data/jsut_ver1.1/basic5000/wav/BASIC5000_2290.wav,48,29,3,3.86,2,train
BASIC5000_2291,data/jsut_ver1.1/basic5000/wav/BASIC5000_2291.wav,63,37,2,5.03,3,train
BASIC5000_2292,data/jsut_ver1.1/basic5000/wav/BASIC5000_2292.wav,30,18,0,3.02,1,train
BASIC5000_2293,data/jsut_ver1.1/basic5000/wav/BASIC5000_2293.wav,48,28,1,4.0,2,train
BASIC5000_2294,data/jsut_ver1.1/basic5000/wav/BASIC5000_2294.wav,57,35,1,4.9,3,train
BASIC5000_2295,data/jsut_ver1.1/basic5000/wav/BASIC5000_2295.wav,44,29,2,4.24,2,train
BASIC5000_2296,data/jsut_ver1.1/basic5000/wav/BASIC5000_2296.wav,34,21,2,3.1,1,test
BASIC5000_2297,data/jsut_ver1.1/basic5000/wav/BASIC5000_2297.wav,37,23,2,3.08,1,train
BASIC5000_2298,data/jsut_ver1.1/basic5000/wav/BASIC5000_2298.wav,97,60,4,8.14,4,train
BASIC5000_2299,data/jsut_ver1.1/basic5000/wav/BASIC5000_2299.wav,59,33,1,4.86,3,train
BASIC5000_2300,data/jsut_ver1.1/basic5000/wav/BASIC5000_2300.wav,39,24,1,3.6,1,train
BASIC5000_2301,data/jsut_ver1.1/basic5000/wav/BASIC5000_2301.wav,46,30,2,4.06,2,train
BASIC5000_2302,data/jsut_ver1.1/basic5000/wav/BASIC5000_2302.wav,34,21,0,3.2,1,train
BASIC5000_2303,data/jsut_ver1.1/basic5000/wav/BASIC5000_2303.wav,51,30,1,4.17,3,train
BASIC5000_2304,data/jsut_ver1.1/basic5000/wav/BASIC5000_2304.wav,45,26,0,3.93,2,train
BASIC5000_2305,data/jsut_ver1.1/basic5000/wav/BASIC5000_2305.wav,45,27,1,3.82,2,test
BASIC5000_2306,data/jsut_ver1.1/basic5000/wav/BASIC5000_2306.wav,45,26,1,3.59,2,train
BASIC5000_2307,data/jsut_ver1.1/basic5000/wav/BASIC5000_2307.wav,49,32,2,4.22,2,train
BASIC5000_2308,data/jsut_ver1.1/basic5000/wav/BASIC5000_2308.wav,58,34,2,4.63,3,test
BASIC5000_2309,data/jsut_ver1.1/basic5000/wav/BASIC5000_2309.wav,50,29,1,4.16,3,train
BASIC5000_2310,data/jsut_ver1.1/basic5000/wav/BASIC5000_2310.wav,104,62,1,8.54,4,train
BASIC5000_2311,data/jsut_ver1.1/basic5000/wav/BASIC5000_2311.wav,33,19,0,2.85,1,train
BASIC5000_2312,data/jsut_ver1.1/basic5000/wav/BASIC5000_2312.wav,63,34,1,4.57,3,train
BASIC5000_2313,data/jsut_ver1.1/basic5000/wav/BASIC5000_2313.wav,41,23,1,3.39,2,train
BASIC5000_2314,data/jsut_ver1.1/basic5000/wav/BASIC5000_2314.wav,58,33,1,4.59,3,train
BASIC5000_2315,data/jsut_ver1.1/basic5000/wav/BASIC5000_2315.wav,43,24,1,3.65,2,train
BASIC5000_2316,data/jsut_ver1.1/basic5000/wav/BASIC5000_2316.wav,41,23,1,3.2,2,train
BASIC5000_2317,data/jsut_ver1.1/basic5000/wav/BASIC5000_2317.wav,39,21,0,3.15,1,train
BASIC5000_2318,data/jsut_ver1.1/basic5000/wav/BASIC5000_2318.wav,35,24,2,3.47,1,train
BASIC5000_2319,data/jsut_ver1.1/basic5000/wav/BASIC5000_2319.wav,50,32,4,4.04,3,train
BASIC5000_2320,data/jsut_ver1.1/basic5000/wav/BASIC5000_2320.wav,41,23,1,3.31,2,test
BASIC5000_2321,data/jsut_ver1.1/basic5000/wav/BASIC5000_2321.wav,41,24,0,3.42,2,train
BASIC5000_2322,data/jsut_ver1.1/basic5000/wav/BASIC5000_2322.wav,39,22,0,3.7,1,train
BASIC5000_2323,data/jsut_ver1.1/basic5000/wav/BASIC5000_2323.wav,36,22,2,2.98,1,train
BASIC5000_2324,data/jsut_ver1.1/basic5000/wav/BASIC5000_2324.wav,43,27,1,3.75,2,train
BASIC5000_2325,data/jsut_ver1.1/basic5000/wav/BASIC5000_2325.wav,46,28,1,3.97,2,test
BASIC5000_2326,data/jsut_ver1.1/basic5000/wav/BASIC5000_2326.wav,49,28,2,4.02,2,train
BASIC5000_2327,data/jsut_ver1.1/basic5000/wav/BASIC5000_2327.wav,41,23,0,3.36,2,train
BASIC5000_2328,data/jsut_ver1.1/basic5000/wav/BASIC5000_2328.wav,78,49,2,6.39,4,test
BASIC5000_2329,data/jsut_ver1.1/basic5000/wav/BASIC5000_2329.wav,42,25,0,3.84,2,train
BASIC5000_2330,data/jsut_ver1.1/basic5000/wav/BASIC5000_2330.wav,49,33,3,4.54,2,train
BASIC5000_2331,data/jsut_ver1.1/basic5000/wav/BASIC5000_2331.wav,44,26,1,3.82,2,train
BASIC5000_2332,data/jsut_ver1.1/basic5000/wav/BASIC5000_2332.wav,30,17,0,2.58,1,train
BASIC5000_2333,data/jsut_ver1.1/basic5000/wav/BASIC5000_2333.wav,58,34,1,4.99,3,test
BASIC5000_2334,data/jsut_ver1.1/basic5000/wav/BASIC5000_2334.wav,43,26,2,3.58,2,train
BASIC5000_2335,data/jsut_ver1.1/basic5000/wav/BASIC5000_2335.wav,43,26,2,3.59,2,train
BASIC5000_2336,data/jsut_ver1.1/basic5000/wav/BASIC5000_2336.wav,40,26,2,3.22,2,train
BASIC5000_2337,data/jsut_ver1.1/basic5000/wav/BASIC5000_2337.wav,78,48,4,5.56,4,train
BASIC5000_2338,data/jsut_ver1.1/basic5000/wav/BASIC5000_2338.wav,34,21,1,3.1,1,train
BASIC5000_2339,data/jsut_ver1.1/basic5000/wav/BASIC5000_2339.wav,67,40,2,5.11,3,train
BASIC5000_2340,data/jsut_ver1.1/basic5000/wav/BASIC5000_2340.wav,93,56,3,7.75,4,train
BASIC5000_2341,data/jsut_ver1.1/basic5000/wav/BASIC5000_2341.wav,50,30,1,4.02,3,val
BASIC5000_2342,data/jsut_ver1.1/basic5000/wav/BASIC5000_2342.wav,71,41,0,5.75,4,train
BASIC5000_2343,data/jsut_ver1.1/basic5000/wav/BASIC5000_2343.wav,90,56,3,6.86,4,train
BASIC5000_2344,data/jsut_ver1.1/basic5000/wav/BASIC5000_2344.wav,30,18,1,3.83,1,train
BASIC5000_2345,data/jsut_ver1.1/basic5000/wav/BASIC5000_2345.wav,52,32,0,4.6,3,train
BASIC5000_2346,data/jsut_ver1.1/basic5000/wav/BASIC5000_2346.wav,36,23,2,3.88,1,val
BASIC5000_2347,data/jsut_ver1.1/basic5000/wav/BASIC5000_2347.wav,36,24,2,3.86,1,train
BASIC5000_2348,data/jsut_ver1.1/basic5000/wav/BASIC5000_2348.wav,33,19,1,3.24,1,train
BASIC5000_2349,data/jsut_ver1.1/basic5000/wav/BASIC5000_2349.wav,30,19,1,3.36,1,test
BASIC5000_2350,data/jsut_ver1.1/basic5000/wav/BASIC5000_2350.wav,67,37,0,5.04,3,test
BASIC5000_2351,data/jsut_ver1.1/basic5000/wav/BASIC5000_2351.wav,43,23,0,3.58,2,train
BASIC5000_2352,data/jsut_ver1.1/basic5000/wav/BASIC5000_2352.wav,67,44,5,6.63,3,train
BASIC5000_2353,data/jsut_ver1.1/basic5000/wav/BASIC5000_2353.wav,43,27,0,3.88,2,train
BASIC5000_2354,data/jsut_ver1.1/basic5000/wav/BASIC5000_2354.wav,39,22,1,3.33,1,test
BASIC5000_2355,data/jsut_ver1.1/basic5000/wav/BASIC5000_2355.wav,52,30,1,4.52,3,train
BASIC5000_2356,data/jsut_ver1.1/basic5000/wav/BASIC5000_2356.wav,31,18,1,2.69,1,train
BASIC5000_2357,data/jsut_ver1.1/basic5000/wav/BASIC5000_2357.wav,40,23,1,3.15,2,train
BASIC5000_2358,data/jsut_ver1.1/basic5000/wav/BASIC5000_2358.wav,31,20,2,2.91,1,val
BASIC5000_2359,data/jsut_ver1.1/basic5000/wav/BASIC5000_2359.wav,49,28,0,3.85,2,train
BASIC5000_2360,data/jsut_ver1.1/basic5000/wav/BASIC5000_2360.wav,43,28,4,3.84,2,train
BASIC5000_2361,data/jsut_ver1.1/basic5000/wav/BASIC5000_2361.wav,38,24,2,3.55,1,train
BASIC5000_2362,data/jsut_ver1.1/basic5000/wav/BASIC5000_2362.wav,54,35,1,4.65,3,train
BASIC5000_2363,data/jsut_ver1.1/basic5000/wav/BASIC5000_2363.wav,45,28,3,3.48,2,train
BASIC5000_2364,data/jsut_ver1.1/basic5000/wav/BASIC5000_2364.wav,59,34,0,4.56,3,val
BASIC5000_2365,data/jsut_ver1.1/basic5000/wav/BASIC5000_2365.wav,41,23,0,3.31,2,test
BASIC5000_2366,data/jsut_ver1.1/basic5000/wav/BASIC5000_2366.wav,82,48,0,6.16,4,train
BASIC5000_2367,data/jsut_ver1.1/basic5000/wav/BASIC5000_2367.wav,44,25,0,3.46,2,train
BASIC5000_2368,data/jsut_ver1.1/basic5000/wav/BASIC5000_2368.wav,29,18,2,2.55,1,train
BASIC5000_2369,data/jsut_ver1.1/basic5000/wav/BASIC5000_2369.wav,28,17,0,2.54,1,val
BASIC5000_2370,data/jsut_ver1.1/basic5000/wav/BASIC5000_2370.wav,34,22,2,2.63,1,train
BASIC5000_2371,data/jsut_ver1.1/basic5000/wav/BASIC5000_2371.wav,31,21,3,3.67,1,train
BASIC5000_2372,data/jsut_ver1.1/basic5000/wav/BASIC5000_2372.wav,42,26,2,3.15,2,train
BASIC5000_2373,data/jsut_ver1.1/basic5000/wav/BASIC5000_2373.wav,42,27,3,3.24,2,train
BASIC5000_2374,data/jsut_ver1.1/basic5000/wav/BASIC5000_2374.wav,33,22,2,2.65,1,train
BASIC5000_2375,data/jsut_ver1.1/basic5000/wav/BASIC5000_2375.wav,41,24,1,3.25,2,train
BASIC5000_2376,data/jsut_ver1.1/basic5000/wav/BASIC5000_2376.wav,48,32,5,4.27,2,train
BASIC5000_2377,data/jsut_ver1.1/basic5000/wav/BASIC5000_2377.wav,76,43,0,5.6,4,train
BASIC5000_2378,data/jsut_ver1.1/basic5000/wav/BASIC5000_2378.wav,63,41,5,5.099291666666667,3,train
BASIC5000_2379,data/jsut_ver1.1/basic5000/wav/BASIC5000_2379.wav,44,27,0,3.72,2,train
BASIC5000_2380,data/jsut_ver1.1/basic5000/wav/BASIC5000_2380.wav,46,28,1,3.79,2,train
BASIC5000_2381,data/jsut_ver1.1/basic5000/wav/BASIC5000_2381.wav,42,25,1,3.49,2,train
BASIC5000_2382,data/jsut_ver1.1/basic5000/wav/BASIC5000_2382.wav,58,34,0,6.63,3,train
BASIC5000_2383,data/jsut_ver1.1/basic5000/wav/BASIC5000_2383.wav,44,28,0,3.68,2,val
BASIC5000_2384,data/jsut_ver1.1/basic5000/wav/BASIC5000_2384.wav,36,21,1,3.31,1,val
BASIC5000_2385,data/jsut_ver1.1/basic5000/wav/BASIC5000_2385.wav,42,25,2,3.37,2,train
BASIC5000_2386,data/jsut_ver1.1/basic5000/wav/BASIC5000_2386.wav,33,20,2,2.64,1,test
BASIC5000_2387,data/jsut_ver1.1/basic5000/wav/BASIC5000_2387.wav,58,38,2,4.95,3,train
BASIC5000_2388,data/jsut_ver1.1/basic5000/wav/BASIC5000_2388.wav,72,47,3,6.45,4,test
BASIC5000_2389,data/jsut_ver1.1/basic5000/wav/BASIC5000_2389.wav,71,42,1,5.68,4,train
BASIC5000_2390,data/jsut_ver1.1/basic5000/wav/BASIC5000_2390.wav,36,24,2,3.0107916666666665,1,train
BASIC5000_2391,data/jsut_ver1.1/basic5000/wav/BASIC5000_2391.wav,36,22,2,3.31,1,train
BASIC5000_2392,data/jsut_ver1.1/basic5000/wav/BASIC5000_2392.wav,35,19,0,2.84,1,train
BASIC5000_2393,data/jsut_ver1.1/basic5000/wav/BASIC5000_2393.wav,49,29,0,3.98,2,test
BASIC5000_2394,data/jsut_ver1.1/basic5000/wav/BASIC5000_2394.wav,36,21,1,3.16,1,train
BASIC5000_2395,data/jsut_ver1.1/basic5000/wav/BASIC5000_2395.wav,34,21,1,2.68,1,train
BASIC5000_2396,data/jsut_ver1.1/basic5000/wav/BASIC5000_2396.wav,39,23,0,3.54,1,train
BASIC5000_2397,data/jsut_ver1.1/basic5000/wav/BASIC5000_2397.wav,44,26,1,3.56,2,train
BASIC5000_2398,data/jsut_ver1.1/basic5000/wav/BASIC5000_2398.wav,132,81,2,10.17,4,train
BASIC5000_2399,data/jsut_ver1.1/basic5000/wav/BASIC5000_2399.wav,44,26,1,3.86,2,train
BASIC5000_2400,data/jsut_ver1.1/basic5000/wav/BASIC5000_2400.wav,30,19,2,2.49,1,train
BASIC5000_2401,data/jsut_ver1.1/basic5000/wav/BASIC5000_2401.wav,36,21,1,3.17,1,train
BASIC5000_2402,data/jsut_ver1.1/basic5000/wav/BASIC5000_2402.wav,61,37,3,4.69,3,val
BASIC5000_2403,data/jsut_ver1.1/basic5000/wav/BASIC5000_2403.wav,30,18,1,2.53,1,train
BASIC5000_2404,data/jsut_ver1.1/basic5000/wav/BASIC5000_2404.wav,37,23,1,3.12,1,val
BASIC5000_2405,data/jsut_ver1.1/basic5000/wav/BASIC5000_2405.wav,41,24,1,3.23,2,train
BASIC5000_2406,data/jsut_ver1.1/basic5000/wav/BASIC5000_2406.wav,52,31,2,3.79,3,train
BASIC5000_2407,data/jsut_ver1.1/basic5000/wav/BASIC5000_2407.wav,35,20,0,3.3,1,train
BASIC5000_2408,data/jsut_ver1.1/basic5000/wav/BASIC5000_2408.wav,41,23,0,3.29,2,train
BASIC5000_2409,data/jsut_ver1.1/basic5000/wav/BASIC5000_2409.wav,39,24,2,3.2,1,train
BASIC5000_2410,data/jsut_ver1.1/basic5000/wav/BASIC5000_2410.wav,30,17,1,2.49,1,train
BASIC5000_2411,data/jsut_ver1.1/basic5000/wav/BASIC5000_2411.wav,102,61,3,7.94,4,train
BASIC5000_2412,data/jsut_ver1.1/basic5000/wav/BASIC5000_2412.wav,79,47,1,6.41,4,val
BASIC5000_2413,data/jsut_ver1.1/basic5000/wav/BASIC5000_2413.wav,44,24,0,3.65,2,train
BASIC5000_2414,data/jsut_ver1.1/basic5000/wav/BASIC5000_2414.wav,66,38,3,5.39,3,val
BASIC5000_2415,data/jsut_ver1.1/basic5000/wav/BASIC5000_2415.wav,65,37,1,4.88,3,train
BASIC5000_2416,data/jsut_ver1.1/basic5000/wav/BASIC5000_2416.wav,42,24,1,3.27,2,train
BASIC5000_2417,data/jsut_ver1.1/basic5000/wav/BASIC5000_2417.wav,53,31,1,4.26,3,train
BASIC5000_2418,data/jsut_ver1.1/basic5000/wav/BASIC5000_2418.wav,56,32,0,4.32,3,train
BASIC5000_2419,data/jsut_ver1.1/basic5000/wav/BASIC5000_2419.wav,64,39,3,4.84,3,train
BASIC5000_2420,data/jsut_ver1.1/basic5000/wav/BASIC5000_2420.wav,39,24,1,3.56,1,train
BASIC5000_2421,data/jsut_ver1.1/basic5000/wav/BASIC5000_2421.wav,47,25,0,3.8,2,test
BASIC5000_2422,data/jsut_ver1.1/basic5000/wav/BASIC5000_2422.wav,67,40,3,5.87,3,train
BASIC5000_2423,data/jsut_ver1.1/basic5000/wav/BASIC5000_2423.wav,38,23,3,3.26,1,train
BASIC5000_2424,data/jsut_ver1.1/basic5000/wav/BASIC5000_2424.wav,39,23,1,3.47,1,val
BASIC5000_2425,data/jsut_ver1.1/basic5000/wav/BASIC5000_2425.wav,40,23,1,3.18,2,train
BASIC5000_2426,data/jsut_ver1.1/basic5000/wav/BASIC5000_2426.wav,53,31,1,4.13,3,train
BASIC5000_2427,data/jsut_ver1.1/basic5000/wav/BASIC5000_2427.wav,39,22,0,3.24,1,train
BASIC5000_2428,data/jsut_ver1.1/basic5000/wav/BASIC5000_2428.wav,31,20,0,2.64,1,train
BASIC5000_2429,data/jsut_ver1.1/basic5000/wav/BASIC5000_2429.wav,35,21,1,2.96,1,train
BASIC5000_2430,data/jsut_ver1.1/basic5000/wav/BASIC5000_2430.wav,30,19,2,3.81,1,train
BASIC5000_2431,data/jsut_ver1.1/basic5000/wav/BASIC5000_2431.wav,50,31,3,3.96,3,train
BASIC5000_2432,data/jsut_ver1.1/basic5000/wav/BASIC5000_2432.wav,41,24,0,3.41,2,test
BASIC5000_2433,data/jsut_ver1.1/basic5000/wav/BASIC5000_2433.wav,57,33,1,4.29,3,val
BASIC5000_2434,data/jsut_ver1.1/basic5000/wav/BASIC5000_2434.wav,37,22,2,3.12,1,train
BASIC5000_2435,data/jsut_ver1.1/basic5000/wav/BASIC5000_2435.wav,35,21,1,2.93,1,train
BASIC5000_2436,data/jsut_ver1.1/basic5000/wav/BASIC5000_2436.wav,36,22,2,3.06,1,train
BASIC5000_2437,data/jsut_ver1.1/basic5000/wav/BASIC5000_2437.wav,107,64,3,7.75,4,train
BASIC5000_2438,data/jsut_ver1.1/basic5000/wav/BASIC5000_2438.wav,58,36,2,4.49,3,val
BASIC5000_2439,data/jsut_ver1.1/basic5000/wav/BASIC5000_2439.wav,34,20,0,3.07,1,train
BASIC5000_2440,data/jsut_ver1.1/basic5000/wav/BASIC5000_2440.wav,32,19,1,3.04,1,train
BASIC5000_2441,data/jsut_ver1.1/basic5000/wav/BASIC5000_2441.wav,38,24,0,3.22,1,test
BASIC5000_2442,data/jsut_ver1.1/basic5000/wav/BASIC5000_2442.wav,56,32,0,4.46,3,val
BASIC5000_2443,data/jsut_ver1.1/basic5000/wav/BASIC5000_2443.wav,80,48,2,6.33,4,test
BASIC5000_2444,data/jsut_ver1.1/basic5000/wav/BASIC5000_2444.wav,59,38,3,4.56,3,train
BASIC5000_2445,data/jsut_ver1.1/basic5000/wav/BASIC5000_2445.wav,40,24,1,3.15,2,test
BASIC5000_2446,data/jsut_ver1.1/basic5000/wav/BASIC5000_2446.wav,42,26,1,3.45,2,train
BASIC5000_2447,data/jsut_ver1.1/basic5000/wav/BASIC5000_2447.wav,44,30,2,3.58,2,train
BASIC5000_2448,data/jsut_ver1.1/basic5000/wav/BASIC5000_2448.wav,47,28,1,3.76,2,train
BASIC5000_2449,data/jsut_ver1.1/basic5000/wav/BASIC5000_2449.wav,41,24,1,3.43,2,train
BASIC5000_2450,data/jsut_ver1.1/basic5000/wav/BASIC5000_2450.wav,46,26,1,3.68,2,train
BASIC5000_2451,data/jsut_ver1.1/basic5000/wav/BASIC5000_2451.wav,36,20,0,2.85,1,train
BASIC5000_2452,data/jsut_ver1.1/basic5000/wav/BASIC5000_2452.wav,68,39,0,5.26,3,train
BASIC5000_2453,data/jsut_ver1.1/basic5000/wav/BASIC5000_2453.wav,55,34,3,4.34,3,test
BASIC5000_2454,data/jsut_ver1.1/basic5000/wav/BASIC5000_2454.wav,42,25,1,3.43,2,train
BASIC5000_2455,data/jsut_ver1.1/basic5000/wav/BASIC5000_2455.wav,32,20,1,2.76,1,train
BASIC5000_2456,data/jsut_ver1.1/basic5000/wav/BASIC5000_2456.wav,39,25,3,2.84,1,train
BASIC5000_2457,data/jsut_ver1.1/basic5000/wav/BASIC5000_2457.wav,46,25,0,3.9,2,train
BASIC5000_2458,data/jsut_ver1.1/basic5000/wav/BASIC5000_2458.wav,67,41,1,6.13,3,train
BASIC5000_2459,data/jsut_ver1.1/basic5000/wav/BASIC5000_2459.wav,37,22,1,3.11,1,test
BASIC5000_2460,data/jsut_ver1.1/basic5000/wav/BASIC5000_2460.wav,47,27,0,3.75,2,test
BASIC5000_2461,data/jsut_ver1.1/basic5000/wav/BASIC5000_2461.wav,38,22,0,3.06,1,train
BASIC5000_2462,data/jsut_ver1.1/basic5000/wav/BASIC5000_2462.wav,30,18,1,2.37,1,train
BASIC5000_2463,data/jsut_ver1.1/basic5000/wav/BASIC5000_2463.wav,33,20,0,3.3,1,train
BASIC5000_2464,data/jsut_ver1.1/basic5000/wav/BASIC5000_2464.wav,46,26,1,4.53,2,test
BASIC5000_2465,data/jsut_ver1.1/basic5000/wav/BASIC5000_2465.wav,52,33,4,4.77,3,test
BASIC5000_2466,data/jsut_ver1.1/basic5000/wav/BASIC5000_2466.wav,31,21,2,3.67,1,train
BASIC5000_2467,data/jsut_ver1.1/basic5000/wav/BASIC5000_2467.wav,52,32,3,4.61,3,train
BASIC5000_2468,data/jsut_ver1.1/basic5000/wav/BASIC5000_2468.wav,39,24,1,3.47,1,val
BASIC5000_2469,data/jsut_ver1.1/basic5000/wav/BASIC5000_2469.wav,69,40,1,5.3,3,train
BASIC5000_2470,data/jsut_ver1.1/basic5000/wav/BASIC5000_2470.wav,63,39,1,4.99,3,train
BASIC5000_2471,data/jsut_ver1.1/basic5000/wav/BASIC5000_2471.wav,44,27,2,3.6,2,val
BASIC5000_2472,data/jsut_ver1.1/basic5000/wav/BASIC5000_2472.wav,61,36,1,4.6,3,train
BASIC5000_2473,data/jsut_ver1.1/basic5000/wav/BASIC5000_2473.wav,41,23,0,3.92,2,train
BASIC5000_2474,data/jsut_ver1.1/basic5000/wav/BASIC5000_2474.wav,34,20,1,2.9,1,train
BASIC5000_2475,data/jsut_ver1.1/basic5000/wav/BASIC5000_2475.wav,39,22,0,3.3,1,train
BASIC5000_2476,data/jsut_ver1.1/basic5000/wav/BASIC5000_2476.wav,38,23,3,3.21,1,train
BASIC5000_2477,data/jsut_ver1.1/basic5000/wav/BASIC5000_2477.wav,31,18,0,2.7,1,train
BASIC5000_2478,data/jsut_ver1.1/basic5000/wav/BASIC5000_2478.wav,29,19,1,2.68,1,train
BASIC5000_2479,data/jsut_ver1.1/basic5000/wav/BASIC5000_2479.wav,47,28,2,3.89,2,train
BASIC5000_2480,data/jsut_ver1.1/basic5000/wav/BASIC5000_2480.wav,56,32,2,3.92,3,test
BASIC5000_2481,data/jsut_ver1.1/basic5000/wav/BASIC5000_2481.wav,68,43,5,5.89,3,test
BASIC5000_2482,data/jsut_ver1.1/basic5000/wav/BASIC5000_2482.wav,41,24,0,3.27,2,train
BASIC5000_2483,data/jsut_ver1.1/basic5000/wav/BASIC5000_2483.wav,42,26,2,3.45,2,train
BASIC5000_2484,data/jsut_ver1.1/basic5000/wav/BASIC5000_2484.wav,34,22,1,2.88,1,train
BASIC5000_2485,data/jsut_ver1.1/basic5000/wav/BASIC5000_2485.wav,30,18,0,2.66,1,train
BASIC5000_2486,data/jsut_ver1.1/basic5000/wav/BASIC5000_2486.wav,49,29,0,4.06,2,train
BASIC5000_2487,data/jsut_ver1.1/basic5000/wav/BASIC5000_2487.wav,35,20,1,3.28,1,train
BASIC5000_2488,data/jsut_ver1.1/basic5000/wav/BASIC5000_2488.wav,51,29,1,3.84,3,train
BASIC5000_2489,data/jsut_ver1.1/basic5000/wav/BASIC5000_2489.wav,37,21,1,2.85,1,train
BASIC5000_2490,data/jsut_ver1.1/basic5000/wav/BASIC5000_2490.wav,44,26,2,5.26,2,train
BASIC5000_2491,data/jsut_ver1.1/basic5000/wav/BASIC5000_2491.wav,78,46,2,6.43,4,test
BASIC5000_2492,data/jsut_ver1.1/basic5000/wav/BASIC5000_2492.wav,63,38,0,4.98,3,val
BASIC5000_2493,data/jsut_ver1.1/basic5000/wav/BASIC5000_2493.wav,36,22,1,2.84,1,train
BASIC5000_2494,data/jsut_ver1.1/basic5000/wav/BASIC5000_2494.wav,32,19,1,2.89,1,train
BASIC5000_2495,data/jsut_ver1.1/basic5000/wav/BASIC5000_2495.wav,48,32,2,4.12,2,train
BASIC5000_2496,data/jsut_ver1.1/basic5000/wav/BASIC5000_2496.wav,33,19,0,3.14,1,train
BASIC5000_2497,data/jsut_ver1.1/basic5000/wav/BASIC5000_2497.wav,42,26,0,3.63,2,train
BASIC5000_2498,data/jsut_ver1.1/basic5000/wav/BASIC5000_2498.wav,35,22,3,2.97,1,train
BASIC5000_2499,data/jsut_ver1.1/basic5000/wav/BASIC5000_2499.wav,50,31,2,4.14,3,val
BASIC5000_2500,data/jsut_ver1.1/basic5000/wav/BASIC5000_2500.wav,61,38,1,5.01,3,test
BASIC5000_2501,data/jsut_ver1.1/basic5000/wav/BASIC5000_2501.wav,50,29,1,3.88,3,train
BASIC5000_2502,data/jsut_ver1.1/basic5000/wav/BASIC5000_2502.wav,56,33,3,4.12,3,train
BASIC5000_2503,data/jsut_ver1.1/basic5000/wav/BASIC5000_2503.wav,43,24,0,3.37,2,train
BASIC5000_2504,data/jsut_ver1.1/basic5000/wav/BASIC5000_2504.wav,37,24,2,3.06,1,test
BASIC5000_2505,data/jsut_ver1.1/basic5000/wav/BASIC5000_2505.wav,41,24,2,3.24,2,train
BASIC5000_2506,data/jsut_ver1.1/basic5000/wav/BASIC5000_2506.wav,44,23,0,3.58,2,train
BASIC5000_2507,data/jsut_ver1.1/basic5000/wav/BASIC5000_2507.wav,39,22,1,3.09,1,train
BASIC5000_2508,data/jsut_ver1.1/basic5000/wav/BASIC5000_2508.wav,46,27,1,3.79,2,train
BASIC5000_2509,data/jsut_ver1.1/basic5000/wav/BASIC5000_2509.wav,40,25,2,3.23,2,train
BASIC5000_2510,data/jsut_ver1.1/basic5000/wav/BASIC5000_2510.wav,43,24,0,3.31,2,train
BASIC5000_2511,data/jsut_ver1.1/basic5000/wav/BASIC5000_2511.wav,41,26,1,3.42,2,train
BASIC5000_2512,data/jsut_ver1.1/basic5000/wav/BASIC5000_2512.wav,53,31,0,4.18,3,val
BASIC5000_2513,data/jsut_ver1.1/basic5000/wav/BASIC5000_2513.wav,36,22,0,3.01,1,test
BASIC5000_2514,data/jsut_ver1.1/basic5000/wav/BASIC5000_2514.wav,38,23,2,3.57,1,train
BASIC5000_2515,data/jsut_ver1.1/basic5000/wav/BASIC5000_2515.wav,48,30,1,4.09,2,train
BASIC5000_2516,data/jsut_ver1.1/basic5000/wav/BASIC5000_2516.wav,37,22,0,3.06,1,train
BASIC5000_2517,data/jsut_ver1.1/basic5000/wav/BASIC5000_2517.wav,47,26,0,3.89,2,train
BASIC5000_2518,data/jsut_ver1.1/basic5000/wav/BASIC5000_2518.wav,60,38,2,4.97,3,test
BASIC5000_2519,data/jsut_ver1.1/basic5000/wav/BASIC5000_2519.wav,42,24,1,3.43,2,train
BASIC5000_2520,data/jsut_ver1.1/basic5000/wav/BASIC5000_2520.wav,36,22,2,2.79,1,train
BASIC5000_2521,data/jsut_ver1.1/basic5000/wav/BASIC5000_2521.wav,36,21,0,2.92,1,val
BASIC5000_2522,data/jsut_ver1.1/basic5000/wav/BASIC5000_2522.wav,32,19,0,2.95,1,train
BASIC5000_2523,data/jsut_ver1.1/basic5000/wav/BASIC5000_2523.wav,56,33,0,4.62,3,train
BASIC5000_2524,data/jsut_ver1.1/basic5000/wav/BASIC5000_2524.wav,55,36,3,4.21,3,val
BASIC5000_2525,data/jsut_ver1.1/basic5000/wav/BASIC5000_2525.wav,43,26,1,3.48,2,train
BASIC5000_2526,data/jsut_ver1.1/basic5000/wav/BASIC5000_2526.wav,35,20,1,2.81,1,train
BASIC5000_2527,data/jsut_ver1.1/basic5000/wav/BASIC5000_2527.wav,59,32,1,4.29,3,train
BASIC5000_2528,data/jsut_ver1.1/basic5000/wav/BASIC5000_2528.wav,48,30,2,3.84,2,train
BASIC5000_2529,data/jsut_ver1.1/basic5000/wav/BASIC5000_2529.wav,38,23,0,3.14,1,test
BASIC5000_2530,data/jsut_ver1.1/basic5000/wav/BASIC5000_2530.wav,32,19,1,2.81,1,train
BASIC5000_2531,data/jsut_ver1.1/basic5000/wav/BASIC5000_2531.wav,33,20,1,3.01,1,train
BASIC5000_2532,data/jsut_ver1.1/basic5000/wav/BASIC5000_2532.wav,47,27,2,3.86,2,train
BASIC5000_2533,data/jsut_ver1.1/basic5000/wav/BASIC5000_2533.wav,43,26,1,3.22,2,train
BASIC5000_2534,data/jsut_ver1.1/basic5000/wav/BASIC5000_2534.wav,51,31,1,3.96,3,train
BASIC5000_2535,data/jsut_ver1.1/basic5000/wav/BASIC5000_2535.wav,35,22,1,3.0,1,train
BASIC5000_2536,data/jsut_ver1.1/basic5000/wav/BASIC5000_2536.wav,40,24,1,3.22,2,test
BASIC5000_2537,data/jsut_ver1.1/basic5000/wav/BASIC5000_2537.wav,32,20,0,3.53,1,train
BASIC5000_2538,data/jsut_ver1.1/basic5000/wav/BASIC5000_2538.wav,43,25,1,3.84,2,train
BASIC5000_2539,data/jsut_ver1.1/basic5000/wav/BASIC5000_2539.wav,54,36,6,4.71,3,train
BASIC5000_2540,data/jsut_ver1.1/basic5000/wav/BASIC5000_2540.wav,63,40,3,4.5,3,train
BASIC5000_2541,data/jsut_ver1.1/basic5000/wav/BASIC5000_2541.wav,54,32,1,4.3,3,train
BASIC5000_2542,data/jsut_ver1.1/basic5000/wav/BASIC5000_2542.wav,32,20,2,2.55,1,train
BASIC5000_2543,data/jsut_ver1.1/basic5000/wav/BASIC5000_2543.wav,53,29,1,3.74,3,test
BASIC5000_2544,data/jsut_ver1.1/basic5000/wav/BASIC5000_2544.wav,34,20,1,2.77,1,train
BASIC5000_2545,data/jsut_ver1.1/basic5000/wav/BASIC5000_2545.wav,41,25,3,3.13,2,train
BASIC5000_2546,data/jsut_ver1.1/basic5000/wav/BASIC5000_2546.wav,38,21,0,3.05,1,test
BASIC5000_2547,data/jsut_ver1.1/basic5000/wav/BASIC5000_2547.wav,48,28,0,3.68,2,train
BASIC5000_2548,data/jsut_ver1.1/basic5000/wav/BASIC5000_2548.wav,47,29,3,3.58,2,train
BASIC5000_2549,data/jsut_ver1.1/basic5000/wav/BASIC5000_2549.wav,41,23,0,3.46,2,train
BASIC5000_2550,data/jsut_ver1.1/basic5000/wav/BASIC5000_2550.wav,100,62,5,7.91,4,train
BASIC5000_2551,data/jsut_ver1.1/basic5000/wav/BASIC5000_2551.wav,45,28,4,3.67,2,test
BASIC5000_2552,data/jsut_ver1.1/basic5000/wav/BASIC5000_2552.wav,52,30,1,3.8,3,test
BASIC5000_2553,data/jsut_ver1.1/basic5000/wav/BASIC5000_2553.wav,45,26,1,4.02,2,train
BASIC5000_2554,data/jsut_ver1.1/basic5000/wav/BASIC5000_2554.wav,36,22,1,3.03,1,val
BASIC5000_2555,data/jsut_ver1.1/basic5000/wav/BASIC5000_2555.wav,120,67,0,9.2,4,train
BASIC5000_2556,data/jsut_ver1.1/basic5000/wav/BASIC5000_2556.wav,39,23,0,3.22,1,train
BASIC5000_2557,data/jsut_ver1.1/basic5000/wav/BASIC5000_2557.wav,35,20,1,2.85,1,train
BASIC5000_2558,data/jsut_ver1.1/basic5000/wav/BASIC5000_2558.wav,66,41,5,5.82,3,val
BASIC5000_2559,data/jsut_ver1.1/basic5000/wav/BASIC5000_2559.wav,37,22,2,3.18,1,train
BASIC5000_2560,data/jsut_ver1.1/basic5000/wav/BASIC5000_2560.wav,50,30,1,4.02,3,train
BASIC5000_2561,data/jsut_ver1.1/basic5000/wav/BASIC5000_2561.wav,36,22,1,3.17,1,train
BASIC5000_2562,data/jsut_ver1.1/basic5000/wav/BASIC5000_2562.wav,74,46,4,5.72,4,train
BASIC5000_2563,data/jsut_ver1.1/basic5000/wav/BASIC5000_2563.wav,38,25,2,3.26,1,train
BASIC5000_2564,data/jsut_ver1.1/basic5000/wav/BASIC5000_2564.wav,32,19,0,2.85,1,val
BASIC5000_2565,data/jsut_ver1.1/basic5000/wav/BASIC5000_2565.wav,32,18,1,2.68,1,val
BASIC5000_2566,data/jsut_ver1.1/basic5000/wav/BASIC5000_2566.wav,37,23,2,3.31,1,train
BASIC5000_2567,data/jsut_ver1.1/basic5000/wav/BASIC5000_2567.wav,44,25,1,3.36,2,train
BASIC5000_2568,data/jsut_ver1.1/basic5000/wav/BASIC5000_2568.wav,35,20,0,3.04,1,test
BASIC5000_2569,data/jsut_ver1.1/basic5000/wav/BASIC5000_2569.wav,44,27,3,3.29,2,train
BASIC5000_2570,data/jsut_ver1.1/basic5000/wav/BASIC5000_2570.wav,62,38,2,4.95,3,train
BASIC5000_2571,data/jsut_ver1.1/basic5000/wav/BASIC5000_2571.wav,26,14,0,2.45,1,train
BASIC5000_2572,data/jsut_ver1.1/basic5000/wav/BASIC5000_2572.wav,66,41,3,5.13,3,train
BASIC5000_2573,data/jsut_ver1.1/basic5000/wav/BASIC5000_2573.wav,53,32,2,3.75,3,train
BASIC5000_2574,data/jsut_ver1.1/basic5000/wav/BASIC5000_2574.wav,34,21,1,2.95,1,train
BASIC5000_2575,data/jsut_ver1.1/basic5000/wav/BASIC5000_2575.wav,45,26,1,3.54,2,train
BASIC5000_2576,data/jsut_ver1.1/basic5000/wav/BASIC5000_2576.wav,43,26,1,3.37,2,train
BASIC5000_2577,data/jsut_ver1.1/basic5000/wav/BASIC5000_2577.wav,44,25,1,3.54,2,train
BASIC5000_2578,data/jsut_ver1.1/basic5000/wav/BASIC5000_2578.wav,52,30,1,4.11,3,train
BASIC5000_2579,data/jsut_ver1.1/basic5000/wav/BASIC5000_2579.wav,35,20,0,2.93,1,test
BASIC5000_2580,data/jsut_ver1.1/basic5000/wav/BASIC5000_2580.wav,43,27,1,3.46,2,train
BASIC5000_2581,data/jsut_ver1.1/basic5000/wav/BASIC5000_2581.wav,37,23,3,2.93,1,train
BASIC5000_2582,data/jsut_ver1.1/basic5000/wav/BASIC5000_2582.wav,80,48,1,5.91,4,train
BASIC5000_2583,data/jsut_ver1.1/basic5000/wav/BASIC5000_2583.wav,44,26,1,3.73,2,val
BASIC5000_2584,data/jsut_ver1.1/basic5000/wav/BASIC5000_2584.wav,33,19,0,2.86,1,train
BASIC5000_2585,data/jsut_ver1.1/basic5000/wav/BASIC5000_2585.wav,30,18,2,2.57,1,train
BASIC5000_2586,data/jsut_ver1.1/basic5000/wav/BASIC5000_2586.wav,64,38,1,5.11,3,val
BASIC5000_2587,data/jsut_ver1.1/basic5000/wav/BASIC5000_2587.wav,76,49,5,5.94,4,train
BASIC5000_2588,data/jsut_ver1.1/basic5000/wav/BASIC5000_2588.wav,39,23,1,2.91,1,train
BASIC5000_2589,data/jsut_ver1.1/basic5000/wav/BASIC5000_2589.wav,56,37,4,4.13,3,train
BASIC5000_2590,data/jsut_ver1.1/basic5000/wav/BASIC5000_2590.wav,55,34,1,4.48,3,train
BASIC5000_2591,data/jsut_ver1.1/basic5000/wav/BASIC5000_2591.wav,58,34,3,4.56,3,train
BASIC5000_2592,data/jsut_ver1.1/basic5000/wav/BASIC5000_2592.wav,37,26,4,3.22,1,train
BASIC5000_2593,data/jsut_ver1.1/basic5000/wav/BASIC5000_2593.wav,53,36,2,4.52,3,train
BASIC5000_2594,data/jsut_ver1.1/basic5000/wav/BASIC5000_2594.wav,53,31,2,4.33,3,train
BASIC5000_2595,data/jsut_ver1.1/basic5000/wav/BASIC5000_2595.wav,43,26,1,4.15,2,train
BASIC5000_2596,data/jsut_ver1.1/basic5000/wav/BASIC5000_2596.wav,39,24,2,3.57,1,train
BASIC5000_2597,data/jsut_ver1.1/basic5000/wav/BASIC5000_2597.wav,34,20,1,3.17,1,train
BASIC5000_2598,data/jsut_ver1.1/basic5000/wav/BASIC5000_2598.wav,59,37,4,4.69,3,train
BASIC5000_2599,data/jsut_ver1.1/basic5000/wav/BASIC5000_2599.wav,54,32,1,4.47,3,train
BASIC5000_2600,data/jsut_ver1.1/basic5000/wav/BASIC5000_2600.wav,67,38,1,5.29,3,train
BASIC5000_2601,data/jsut_ver1.1/basic5000/wav/BASIC5000_2601.wav,48,31,3,4.02,2,test
BASIC5000_2602,data/jsut_ver1.1/basic5000/wav/BASIC5000_2602.wav,51,30,2,3.96,3,train
BASIC5000_2603,data/jsut_ver1.1/basic5000/wav/BASIC5000_2603.wav,66,39,2,4.93,3,val
BASIC5000_2604,data/jsut_ver1.1/basic5000/wav/BASIC5000_2604.wav,31,18,0,2.88,1,val
BASIC5000_2605,data/jsut_ver1.1/basic5000/wav/BASIC5000_2605.wav,35,24,2,3.27,1,train
BASIC5000_2606,data/jsut_ver1.1/basic5000/wav/BASIC5000_2606.wav,43,24,0,3.52,2,train
BASIC5000_2607,data/jsut_ver1.1/basic5000/wav/BASIC5000_2607.wav,37,22,1,3.24,1,train
BASIC5000_2608,data/jsut_ver1.1/basic5000/wav/BASIC5000_2608.wav,32,19,0,3.03,1,train
BASIC5000_2609,data/jsut_ver1.1/basic5000/wav/BASIC5000_2609.wav,61,38,3,6.46,3,test
BASIC5000_2610,data/jsut_ver1.1/basic5000/wav/BASIC5000_2610.wav,56,35,4,4.27,3,train
BASIC5000_2611,data/jsut_ver1.1/basic5000/wav/BASIC5000_2611.wav,60,36,3,4.52,3,train
BASIC5000_2612,data/jsut_ver1.1/basic5000/wav/BASIC5000_2612.wav,95,57,3,7.26,4,train
BASIC5000_2613,data/jsut_ver1.1/basic5000/wav/BASIC5000_2613.wav,45,29,4,3.73,2,train
BASIC5000_2614,data/jsut_ver1.1/basic5000/wav/BASIC5000_2614.wav,28,17,1,4.68,1,train
BASIC5000_2615,data/jsut_ver1.1/basic5000/wav/BASIC5000_2615.wav,97,62,4,7.73,4,train
BASIC5000_2616,data/jsut_ver1.1/basic5000/wav/BASIC5000_2616.wav,37,24,1,3.22,1,test
BASIC5000_2617,data/jsut_ver1.1/basic5000/wav/BASIC5000_2617.wav,33,19,0,2.64,1,test
BASIC5000_2618,data/jsut_ver1.1/basic5000/wav/BASIC5000_2618.wav,45,28,4,3.31,2,train
BASIC5000_2619,data/jsut_ver1.1/basic5000/wav/BASIC5000_2619.wav,39,23,2,2.96,1,train
BASIC5000_2620,data/jsut_ver1.1/basic5000/wav/BASIC5000_2620.wav,37,24,2,3.04,1,train
BASIC5000_2621,data/jsut_ver1.1/basic5000/wav/BASIC5000_2621.wav,49,29,1,3.74,2,train
BASIC5000_2622,data/jsut_ver1.1/basic5000/wav/BASIC5000_2622.wav,37,21,1,2.85,1,train
BASIC5000_2623,data/jsut_ver1.1/basic5000/wav/BASIC5000_2623.wav,57,34,1,4.44,3,test
BASIC5000_2624,data/jsut_ver1.1/basic5000/wav/BASIC5000_2624.wav,59,36,3,4.36,3,train
BASIC5000_2625,data/jsut_ver1.1/basic5000/wav/BASIC5000_2625.wav,40,24,0,3.28,2,train
BASIC5000_2626,data/jsut_ver1.1/basic5000/wav/BASIC5000_2626.wav,54,32,2,4.76,3,train
BASIC5000_2627,data/jsut_ver1.1/basic5000/wav/BASIC5000_2627.wav,53,31,0,4.63,3,train
BASIC5000_2628,data/jsut_ver1.1/basic5000/wav/BASIC5000_2628.wav,37,22,0,3.49,1,train
BASIC5000_2629,data/jsut_ver1.1/basic5000/wav/BASIC5000_2629.wav,45,25,0,3.55,2,train
BASIC5000_2630,data/jsut_ver1.1/basic5000/wav/BASIC5000_2630.wav,59,37,3,4.8,3,train
BASIC5000_2631,data/jsut_ver1.1/basic5000/wav/BASIC5000_2631.wav,57,37,4,4.9,3,test
BASIC5000_2632,data/jsut_ver1.1/basic5000/wav/BASIC5000_2632.wav,48,27,0,3.97,2,train
BASIC5000_2633,data/jsut_ver1.1/basic5000/wav/BASIC5000_2633.wav,50,29,2,4.35,3,val
BASIC5000_2634,data/jsut_ver1.1/basic5000/wav/BASIC5000_2634.wav,63,41,2,5.03,3,val
BASIC5000_2635,data/jsut_ver1.1/basic5000/wav/BASIC5000_2635.wav,40,24,1,3.16,2,train
BASIC5000_2636,data/jsut_ver1.1/basic5000/wav/BASIC5000_2636.wav,39,24,2,3.9,1,train
BASIC5000_2637,data/jsut_ver1.1/basic5000/wav/BASIC5000_2637.wav,27,17,0,3.87,1,train
BASIC5000_2638,data/jsut_ver1.1/basic5000/wav/BASIC5000_2638.wav,66,38,0,5.49,3,train
BASIC5000_2639,data/jsut_ver1.1/basic5000/wav/BASIC5000_2639.wav,39,23,0,3.1,1,train
BASIC5000_2640,data/jsut_ver1.1/basic5000/wav/BASIC5000_2640.wav,44,26,0,3.63,2,train
BASIC5000_2641,data/jsut_ver1.1/basic5000/wav/BASIC5000_2641.wav,26,16,1,2.98,1,train
BASIC5000_2642,data/jsut_ver1.1/basic5000/wav/BASIC5000_2642.wav,75,43,0,6.09,4,test
BASIC5000_2643,data/jsut_ver1.1/basic5000/wav/BASIC5000_2643.wav,45,27,2,4.01,2,train
BASIC5000_2644,data/jsut_ver1.1/basic5000/wav/BASIC5000_2644.wav,35,20,2,2.86,1,train
BASIC5000_2645,data/jsut_ver1.1/basic5000/wav/BASIC5000_2645.wav,114,67,2,8.68,4,train
BASIC5000_2646,data/jsut_ver1.1/basic5000/wav/BASIC5000_2646.wav,45,29,4,4.47,2,train
BASIC5000_2647,data/jsut_ver1.1/basic5000/wav/BASIC5000_2647.wav,47,32,5,4.15,2,train
BASIC5000_2648,data/jsut_ver1.1/basic5000/wav/BASIC5000_2648.wav,41,25,2,3.84,2,test
BASIC5000_2649,data/jsut_ver1.1/basic5000/wav/BASIC5000_2649.wav,39,22,0,3.7,1,train
BASIC5000_2650,data/jsut_ver1.1/basic5000/wav/BASIC5000_2650.wav,35,21,0,3.69,1,train
BASIC5000_2651,data/jsut_ver1.1/basic5000/wav/BASIC5000_2651.wav,44,26,1,3.48,2,train
BASIC5000_2652,data/jsut_ver1.1/basic5000/wav/BASIC5000_2652.wav,42,25,1,3.65,2,train
BASIC5000_2653,data/jsut_ver1.1/basic5000/wav/BASIC5000_2653.wav,38,23,2,2.97,1,train
BASIC5000_2654,data/jsut_ver1.1/basic5000/wav/BASIC5000_2654.wav,83,50,3,6.31,4,train
BASIC5000_2655,data/jsut_ver1.1/basic5000/wav/BASIC5000_2655.wav,45,27,2,3.57,2,train
BASIC5000_2656,data/jsut_ver1.1/basic5000/wav/BASIC5000_2656.wav,52,29,0,3.9,3,val
BASIC5000_2657,data/jsut_ver1.1/basic5000/wav/BASIC5000_2657.wav,60,35,1,4.75,3,train
BASIC5000_2658,data/jsut_ver1.1/basic5000/wav/BASIC5000_2658.wav,47,28,1,3.78,2,val
BASIC5000_2659,data/jsut_ver1.1/basic5000/wav/BASIC5000_2659.wav,58,34,0,4.45,3,train
BASIC5000_2660,data/jsut_ver1.1/basic5000/wav/BASIC5000_2660.wav,44,28,2,3.37,2,train
BASIC5000_2661,data/jsut_ver1.1/basic5000/wav/BASIC5000_2661.wav,51,31,2,4.41,3,train
BASIC5000_2662,data/jsut_ver1.1/basic5000/wav/BASIC5000_2662.wav,35,21,0,2.98,1,train
BASIC5000_2663,data/jsut_ver1.1/basic5000/wav/BASIC5000_2663.wav,37,24,3,3.14,1,train
BASIC5000_2664,data/jsut_ver1.1/basic5000/wav/BASIC5000_2664.wav,47,26,1,3.67,2,val
BASIC5000_2665,data/jsut_ver1.1/basic5000/wav/BASIC5000_2665.wav,38,22,1,3.14,1,train
BASIC5000_2666,data/jsut_ver1.1/basic5000/wav/BASIC5000_2666.wav,57,32,0,4.5,3,train
BASIC5000_2667,data/jsut_ver1.1/basic5000/wav/BASIC5000_2667.wav,43,27,0,4.42,2,val
BASIC5000_2668,data/jsut_ver1.1/basic5000/wav/BASIC5000_2668.wav,59,36,1,5.04,3,train
BASIC5000_2669,data/jsut_ver1.1/basic5000/wav/BASIC5000_2669.wav,37,21,0,3.19,1,val
BASIC5000_2670,data/jsut_ver1.1/basic5000/wav/BASIC5000_2670.wav,44,24,0,4.32,2,train
BASIC5000_2671,data/jsut_ver1.1/basic5000/wav/BASIC5000_2671.wav,47,28,0,3.77,2,train
BASIC5000_2672,data/jsut_ver1.1/basic5000/wav/BASIC5000_2672.wav,70,43,2,6.45,4,train
BASIC5000_2673,data/jsut_ver1.1/basic5000/wav/BASIC5000_2673.wav,41,22,1,3.01,2,train
BASIC5000_2674,data/jsut_ver1.1/basic5000/wav/BASIC5000_2674.wav,40,24,1,3.36,2,train
BASIC5000_2675,data/jsut_ver1.1/basic5000/wav/BASIC5000_2675.wav,37,21,0,3.27,1,train
BASIC5000_2676,data/jsut_ver1.1/basic5000/wav/BASIC5000_2676.wav,74,45,2,5.65,4,train
BASIC5000_2677,data/jsut_ver1.1/basic5000/wav/BASIC5000_2677.wav,56,34,1,4.1,3,train
BASIC5000_2678,data/jsut_ver1.1/basic5000/wav/BASIC5000_2678.wav,35,21,0,3.15,1,train
BASIC5000_2679,data/jsut_ver1.1/basic5000/wav/BASIC5000_2679.wav,51,30,1,4.46,3,train
BASIC5000_2680,data/jsut_ver1.1/basic5000/wav/BASIC5000_2680.wav,36,21,1,3.08,1,train
BASIC5000_2681,data/jsut_ver1.1/basic5000/wav/BASIC5000_2681.wav,38,26,2,3.22,1,train
BASIC5000_2682,data/jsut_ver1.1/basic5000/wav/BASIC5000_2682.wav,37,25,3,3.08,1,train
BASIC5000_2683,data/jsut_ver1.1/basic5000/wav/BASIC5000_2683.wav,40,26,1,3.56,2,train
BASIC5000_2684,data/jsut_ver1.1/basic5000/wav/BASIC5000_2684.wav,38,22,0,3.15,1,train
BASIC5000_2685,data/jsut_ver1.1/basic5000/wav/BASIC5000_2685.wav,46,27,1,3.85,2,train
BASIC5000_2686,data/jsut_ver1.1/basic5000/wav/BASIC5000_2686.wav,49,28,2,3.81,2,val
BASIC5000_2687,data/jsut_ver1.1/basic5000/wav/BASIC5000_2687.wav,43,27,3,3.4,2,val
BASIC5000_2688,data/jsut_ver1.1/basic5000/wav/BASIC5000_2688.wav,50,31,0,4.42,3,train
BASIC5000_2689,data/jsut_ver1.1/basic5000/wav/BASIC5000_2689.wav,43,26,0,3.48,2,train
BASIC5000_2690,data/jsut_ver1.1/basic5000/wav/BASIC5000_2690.wav,50,29,1,4.06,3,train
BASIC5000_2691,data/jsut_ver1.1/basic5000/wav/BASIC5000_2691.wav,48,28,2,3.79,2,train
BASIC5000_2692,data/jsut_ver1.1/basic5000/wav/BASIC5000_2692.wav,45,28,3,3.52,2,train
BASIC5000_2693,data/jsut_ver1.1/basic5000/wav/BASIC5000_2693.wav,65,38,1,4.93,3,train
BASIC5000_2694,data/jsut_ver1.1/basic5000/wav/BASIC5000_2694.wav,44,27,2,3.58,2,train
BASIC5000_2695,data/jsut_ver1.1/basic5000/wav/BASIC5000_2695.wav,52,34,3,4.12,3,train
BASIC5000_2696,data/jsut_ver1.1/basic5000/wav/BASIC5000_2696.wav,41,26,3,3.43,2,train
BASIC5000_2697,data/jsut_ver1.1/basic5000/wav/BASIC5000_2697.wav,46,26,0,4.06,2,train
BASIC5000_2698,data/jsut_ver1.1/basic5000/wav/BASIC5000_2698.wav,56,34,2,5.09,3,train
BASIC5000_2699,data/jsut_ver1.1/basic5000/wav/BASIC5000_2699.wav,43,31,6,4.01,2,train
BASIC5000_2700,data/jsut_ver1.1/basic5000/wav/BASIC5000_2700.wav,66,41,4,5.18,3,train
BASIC5000_2701,data/jsut_ver1.1/basic5000/wav/BASIC5000_2701.wav,56,35,2,4.49,3,test
BASIC5000_2702,data/jsut_ver1.1/basic5000/wav/BASIC5000_2702.wav,46,28,1,4.08,2,train
BASIC5000_2703,data/jsut_ver1.1/basic5000/wav/BASIC5000_2703.wav,38,20,0,3.11,1,train
BASIC5000_2704,data/jsut_ver1.1/basic5000/wav/BASIC5000_2704.wav,46,27,1,4.269291666666667,2,train
BASIC5000_2705,data/jsut_ver1.1/basic5000/wav/BASIC5000_2705.wav,34,20,1,2.84,1,train
BASIC5000_2706,data/jsut_ver1.1/basic5000/wav/BASIC5000_2706.wav,35,22,1,3.52,1,train
BASIC5000_2707,data/jsut_ver1.1/basic5000/wav/BASIC5000_2707.wav,30,18,1,2.46,1,train
BASIC5000_2708,data/jsut_ver1.1/basic5000/wav/BASIC5000_2708.wav,57,32,1,4.65,3,train
BASIC5000_2709,data/jsut_ver1.1/basic5000/wav/BASIC5000_2709.wav,42,25,2,3.48,2,train
BASIC5000_2710,data/jsut_ver1.1/basic5000/wav/BASIC5000_2710.wav,36,20,0,3.93,1,train
BASIC5000_2711,data/jsut_ver1.1/basic5000/wav/BASIC5000_2711.wav,51,28,0,4.17,3,train
BASIC5000_2712,data/jsut_ver1.1/basic5000/wav/BASIC5000_2712.wav,48,31,2,4.14,2,train
BASIC5000_2713,data/jsut_ver1.1/basic5000/wav/BASIC5000_2713.wav,91,57,5,6.97,4,train
BASIC5000_2714,data/jsut_ver1.1/basic5000/wav/BASIC5000_2714.wav,36,22,1,3.43,1,train
BASIC5000_2715,data/jsut_ver1.1/basic5000/wav/BASIC5000_2715.wav,72,47,4,5.89,4,train
BASIC5000_2716,data/jsut_ver1.1/basic5000/wav/BASIC5000_2716.wav,34,21,2,3.13,1,train
BASIC5000_2717,data/jsut_ver1.1/basic5000/wav/BASIC5000_2717.wav,33,21,0,3.36,1,train
BASIC5000_2718,data/jsut_ver1.1/basic5000/wav/BASIC5000_2718.wav,51,30,1,3.99,3,train
BASIC5000_2719,data/jsut_ver1.1/basic5000/wav/BASIC5000_2719.wav,49,29,3,3.87,2,val
BASIC5000_2720,data/jsut_ver1.1/basic5000/wav/BASIC5000_2720.wav,39,24,1,3.7592916666666665,1,val
BASIC5000_2721,data/jsut_ver1.1/basic5000/wav/BASIC5000_2721.wav,48,30,1,4.27,2,val
BASIC5000_2722,data/jsut_ver1.1/basic5000/wav/BASIC5000_2722.wav,65,39,1,5.29,3,train
BASIC5000_2723,data/jsut_ver1.1/basic5000/wav/BASIC5000_2723.wav,74,49,7,5.59,4,train
BASIC5000_2724,data/jsut_ver1.1/basic5000/wav/BASIC5000_2724.wav,59,34,2,4.65,3,test
BASIC5000_2725,data/jsut_ver1.1/basic5000/wav/BASIC5000_2725.wav,36,24,2,2.81,1,val
BASIC5000_2726,data/jsut_ver1.1/basic5000/wav/BASIC5000_2726.wav,39,22,0,3.28,1,train
BASIC5000_2727,data/jsut_ver1.1/basic5000/wav/BASIC5000_2727.wav,39,24,1,3.93,1,train
BASIC5000_2728,data/jsut_ver1.1/basic5000/wav/BASIC5000_2728.wav,61,35,1,4.3,3,train
BASIC5000_2729,data/jsut_ver1.1/basic5000/wav/BASIC5000_2729.wav,42,27,3,3.2,2,train
BASIC5000_2730,data/jsut_ver1.1/basic5000/wav/BASIC5000_2730.wav,48,29,2,3.77,2,train
BASIC5000_2731,data/jsut_ver1.1/basic5000/wav/BASIC5000_2731.wav,52,30,2,3.95,3,train
BASIC5000_2732,data/jsut_ver1.1/basic5000/wav/BASIC5000_2732.wav,78,46,1,6.03,4,train
BASIC5000_2733,data/jsut_ver1.1/basic5000/wav/BASIC5000_2733.wav,62,39,3,5.05,3,train
BASIC5000_2734,data/jsut_ver1.1/basic5000/wav/BASIC5000_2734.wav,39,23,2,3.08,1,train
BASIC5000_2735,data/jsut_ver1.1/basic5000/wav/BASIC5000_2735.wav,48,28,0,3.83,2,train
BASIC5000_2736,data/jsut_ver1.1/basic5000/wav/BASIC5000_2736.wav,47,26,0,3.66,2,train
BASIC5000_2737,data/jsut_ver1.1/basic5000/wav/BASIC5000_2737.wav,39,23,0,3.19,1,train
BASIC5000_2738,data/jsut_ver1.1/basic5000/wav/BASIC5000_2738.wav,36,22,1,3.06,1,train
BASIC5000_2739,data/jsut_ver1.1/basic5000/wav/BASIC5000_2739.wav,34,20,0,2.83,1,train
BASIC5000_2740,data/jsut_ver1.1/basic5000/wav/BASIC5000_2740.wav,46,26,2,3.36,2,train
BASIC5000_2741,data/jsut_ver1.1/basic5000/wav/BASIC5000_2741.wav,29,18,1,3.12,1,train
BASIC5000_2742,data/jsut_ver1.1/basic5000/wav/BASIC5000_2742.wav,56,34,2,4.34,3,test
BASIC5000_2743,data/jsut_ver1.1/basic5000/wav/BASIC5000_2743.wav,29,17,1,2.44,1,train
BASIC5000_2744,data/jsut_ver1.1/basic5000/wav/BASIC5000_2744.wav,66,40,3,5.32,3,train
BASIC5000_2745,data/jsut_ver1.1/basic5000/wav/BASIC5000_2745.wav,44,23,0,3.44,2,train
BASIC5000_2746,data/jsut_ver1.1/basic5000/wav/BASIC5000_2746.wav,35,20,0,3.12,1,train
BASIC5000_2747,data/jsut_ver1.1/basic5000/wav/BASIC5000_2747.wav,33,20,1,2.78,1,train
BASIC5000_2748,data/jsut_ver1.1/basic5000/wav/BASIC5000_2748.wav,66,38,1,5.08,3,train
BASIC5000_2749,data/jsut_ver1.1/basic5000/wav/BASIC5000_2749.wav,52,34,3,3.91,3,train
BASIC5000_2750,data/jsut_ver1.1/basic5000/wav/BASIC5000_2750.wav,50,31,3,5.27,3,train
BASIC5000_2751,data/jsut_ver1.1/basic5000/wav/BASIC5000_2751.wav,51,30,0,4.93,3,train
BASIC5000_2752,data/jsut_ver1.1/basic5000/wav/BASIC5000_2752.wav,39,23,0,3.52,1,train
BASIC5000_2753,data/jsut_ver1.1/basic5000/wav/BASIC5000_2753.wav,48,29,1,3.8,2,test
BASIC5000_2754,data/jsut_ver1.1/basic5000/wav/BASIC5000_2754.wav,45,29,2,3.73,2,train
BASIC5000_2755,data/jsut_ver1.1/basic5000/wav/BASIC5000_2755.wav,44,27,1,3.52,2,val
BASIC5000_2756,data/jsut_ver1.1/basic5000/wav/BASIC5000_2756.wav,39,22,1,3.14,1,train
BASIC5000_2757,data/jsut_ver1.1/basic5000/wav/BASIC5000_2757.wav,35,22,2,2.83,1,train
BASIC5000_2758,data/jsut_ver1.1/basic5000/wav/BASIC5000_2758.wav,57,36,1,4.57,3,train
BASIC5000_2759,data/jsut_ver1.1/basic5000/wav/BASIC5000_2759.wav,41,25,1,3.35,2,train
BASIC5000_2760,data/jsut_ver1.1/basic5000/wav/BASIC5000_2760.wav,31,20,1,3.17,1,train
BASIC5000_2761,data/jsut_ver1.1/basic5000/wav/BASIC5000_2761.wav,44,28,2,3.61,2,val
BASIC5000_2762,data/jsut_ver1.1/basic5000/wav/BASIC5000_2762.wav,35,21,1,3.4,1,train
BASIC5000_2763,data/jsut_ver1.1/basic5000/wav/BASIC5000_2763.wav,37,23,1,3.14,1,train
BASIC5000_2764,data/jsut_ver1.1/basic5000/wav/BASIC5000_2764.wav,48,29,3,3.66,2,train
BASIC5000_2765,data/jsut_ver1.1/basic5000/wav/BASIC5000_2765.wav,45,26,2,3.34,2,train
BASIC5000_2766,data/jsut_ver1.1/basic5000/wav/BASIC5000_2766.wav,34,20,1,2.83,1,train
BASIC5000_2767,data/jsut_ver1.1/basic5000/wav/BASIC5000_2767.wav,34,19,0,2.84,1,train
BASIC5000_2768,data/jsut_ver1.1/basic5000/wav/BASIC5000_2768.wav,72,42,4,5.39,4,train
BASIC5000_2769,data/jsut_ver1.1/basic5000/wav/BASIC5000_2769.wav,45,27,1,3.6,2,test
BASIC5000_2770,data/jsut_ver1.1/basic5000/wav/BASIC5000_2770.wav,48,28,2,3.63,2,train
BASIC5000_2771,data/jsut_ver1.1/basic5000/wav/BASIC5000_2771.wav,46,28,1,3.67,2,train
BASIC5000_2772,data/jsut_ver1.1/basic5000/wav/BASIC5000_2772.wav,83,52,3,6.47,4,train
BASIC5000_2773,data/jsut_ver1.1/basic5000/wav/BASIC5000_2773.wav,48,31,3,3.88,2,train
BASIC5000_2774,data/jsut_ver1.1/basic5000/wav/BASIC5000_2774.wav,55,33,0,4.4,3,train
BASIC5000_2775,data/jsut_ver1.1/basic5000/wav/BASIC5000_2775.wav,38,21,1,3.04,1,train
BASIC5000_2776,data/jsut_ver1.1/basic5000/wav/BASIC5000_2776.wav,33,20,1,2.81,1,train
BASIC5000_2777,data/jsut_ver1.1/basic5000/wav/BASIC5000_2777.wav,54,34,1,4.26,3,val
BASIC5000_2778,data/jsut_ver1.1/basic5000/wav/BASIC5000_2778.wav,36,23,1,2.9,1,train
BASIC5000_2779,data/jsut_ver1.1/basic5000/wav/BASIC5000_2779.wav,53,31,1,3.98,3,train
BASIC5000_2780,data/jsut_ver1.1/basic5000/wav/BASIC5000_2780.wav,52,30,0,4.36,3,train
BASIC5000_2781,data/jsut_ver1.1/basic5000/wav/BASIC5000_2781.wav,81,50,4,6.16,4,train
BASIC5000_2782,data/jsut_ver1.1/basic5000/wav/BASIC5000_2782.wav,46,27,1,3.77,2,train
BASIC5000_2783,data/jsut_ver1.1/basic5000/wav/BASIC5000_2783.wav,40,24,2,3.87,2,test
BASIC5000_2784,data/jsut_ver1.1/basic5000/wav/BASIC5000_2784.wav,51,30,2,3.7,3,train
BASIC5000_2785,data/jsut_ver1.1/basic5000/wav/BASIC5000_2785.wav,48,28,2,3.81,2,train
BASIC5000_2786,data/jsut_ver1.1/basic5000/wav/BASIC5000_2786.wav,54,34,1,4.33,3,train
BASIC5000_2787,data/jsut_ver1.1/basic5000/wav/BASIC5000_2787.wav,36,22,0,2.94,1,test
BASIC5000_2788,data/jsut_ver1.1/basic5000/wav/BASIC5000_2788.wav,42,27,4,3.25,2,val
BASIC5000_2789,data/jsut_ver1.1/basic5000/wav/BASIC5000_2789.wav,50,31,2,3.94,3,train
BASIC5000_2790,data/jsut_ver1.1/basic5000/wav/BASIC5000_2790.wav,43,26,1,3.37,2,train
BASIC5000_2791,data/jsut_ver1.1/basic5000/wav/BASIC5000_2791.wav,50,30,1,3.85,3,train
BASIC5000_2792,data/jsut_ver1.1/basic5000/wav/BASIC5000_2792.wav,31,21,3,2.7,1,train
BASIC5000_2793,data/jsut_ver1.1/basic5000/wav/BASIC5000_2793.wav,35,21,0,2.98,1,train
BASIC5000_2794,data/jsut_ver1.1/basic5000/wav/BASIC5000_2794.wav,39,22,0,3.27,1,val
BASIC5000_2795,data/jsut_ver1.1/basic5000/wav/BASIC5000_2795.wav,46,28,2,3.49,2,train
BASIC5000_2796,data/jsut_ver1.1/basic5000/wav/BASIC5000_2796.wav,63,36,1,4.96,3,test
BASIC5000_2797,data/jsut_ver1.1/basic5000/wav/BASIC5000_2797.wav,42,24,1,3.71,2,train
BASIC5000_2798,data/jsut_ver1.1/basic5000/wav/BASIC5000_2798.wav,50,30,2,3.65,3,val
BASIC5000_2799,data/jsut_ver1.1/basic5000/wav/BASIC5000_2799.wav,85,51,2,6.28,4,train
BASIC5000_2800,data/jsut_ver1.1/basic5000/wav/BASIC5000_2800.wav,36,21,1,2.92,1,test
BASIC5000_2801,data/jsut_ver1.1/basic5000/wav/BASIC5000_2801.wav,68,38,0,5.36,3,train
BASIC5000_2802,data/jsut_ver1.1/basic5000/wav/BASIC5000_2802.wav,44,28,3,3.389291666666667,2,train
BASIC5000_2803,data/jsut_ver1.1/basic5000/wav/BASIC5000_2803.wav,55,33,1,4.83,3,train
BASIC5000_2804,data/jsut_ver1.1/basic5000/wav/BASIC5000_2804.wav,62,36,1,4.89,3,train
BASIC5000_2805,data/jsut_ver1.1/basic5000/wav/BASIC5000_2805.wav,65,40,1,6.58,3,train
BASIC5000_2806,data/jsut_ver1.1/basic5000/wav/BASIC5000_2806.wav,51,29,1,4.16,3,train
BASIC5000_2807,data/jsut_ver1.1/basic5000/wav/BASIC5000_2807.wav,35,20,1,3.01,1,val
BASIC5000_2808,data/jsut_ver1.1/basic5000/wav/BASIC5000_2808.wav,43,28,1,3.74,2,train
BASIC5000_2809,data/jsut_ver1.1/basic5000/wav/BASIC5000_2809.wav,55,34,1,4.22,3,val
BASIC5000_2810,data/jsut_ver1.1/basic5000/wav/BASIC5000_2810.wav,43,25,1,3.56,2,train
BASIC5000_2811,data/jsut_ver1.1/basic5000/wav/BASIC5000_2811.wav,40,23,0,3.33,2,test
BASIC5000_2812,data/jsut_ver1.1/basic5000/wav/BASIC5000_2812.wav,40,29,7,3.07,2,val
BASIC5000_2813,data/jsut_ver1.1/basic5000/wav/BASIC5000_2813.wav,50,31,4,3.9,3,train
BASIC5000_2814,data/jsut_ver1.1/basic5000/wav/BASIC5000_2814.wav,35,20,1,3.01,1,val
BASIC5000_2815,data/jsut_ver1.1/basic5000/wav/BASIC5000_2815.wav,66,43,2,5.62,3,train
BASIC5000_2816,data/jsut_ver1.1/basic5000/wav/BASIC5000_2816.wav,44,26,0,3.72,2,test
BASIC5000_2817,data/jsut_ver1.1/basic5000/wav/BASIC5000_2817.wav,63,40,3,4.78,3,train
BASIC5000_2818,data/jsut_ver1.1/basic5000/wav/BASIC5000_2818.wav,43,26,1,3.57,2,train
BASIC5000_2819,data/jsut_ver1.1/basic5000/wav/BASIC5000_2819.wav,54,33,3,4.21,3,test
BASIC5000_2820,data/jsut_ver1.1/basic5000/wav/BASIC5000_2820.wav,72,43,3,5.93,4,train
BASIC5000_2821,data/jsut_ver1.1/basic5000/wav/BASIC5000_2821.wav,77,47,3,6.1,4,train
BASIC5000_2822,data/jsut_ver1.1/basic5000/wav/BASIC5000_2822.wav,45,25,0,3.71,2,test
BASIC5000_2823,data/jsut_ver1.1/basic5000/wav/BASIC5000_2823.wav,59,35,1,5.04,3,train
BASIC5000_2824,data/jsut_ver1.1/basic5000/wav/BASIC5000_2824.wav,30,18,1,2.62,1,train
BASIC5000_2825,data/jsut_ver1.1/basic5000/wav/BASIC5000_2825.wav,48,27,2,3.59,2,train
BASIC5000_2826,data/jsut_ver1.1/basic5000/wav/BASIC5000_2826.wav,70,42,2,6.12,4,train
BASIC5000_2827,data/jsut_ver1.1/basic5000/wav/BASIC5000_2827.wav,34,20,1,2.84,1,test
BASIC5000_2828,data/jsut_ver1.1/basic5000/wav/BASIC5000_2828.wav,44,26,0,4.0,2,train
BASIC5000_2829,data/jsut_ver1.1/basic5000/wav/BASIC5000_2829.wav,38,23,1,2.9992916666666667,1,val
BASIC5000_2830,data/jsut_ver1.1/basic5000/wav/BASIC5000_2830.wav,40,26,3,3.57,2,train
BASIC5000_2831,data/jsut_ver1.1/basic5000/wav/BASIC5000_2831.wav,59,36,2,4.73,3,train
BASIC5000_2832,data/jsut_ver1.1/basic5000/wav/BASIC5000_2832.wav,51,31,1,4.23,3,train
BASIC5000_2833,data/jsut_ver1.1/basic5000/wav/BASIC5000_2833.wav,38,21,0,3.27,1,train
BASIC5000_2834,data/jsut_ver1.1/basic5000/wav/BASIC5000_2834.wav,31,18,0,3.41,1,train
BASIC5000_2835,data/jsut_ver1.1/basic5000/wav/BASIC5000_2835.wav,35,22,2,3.09,1,train
BASIC5000_2836,data/jsut_ver1.1/basic5000/wav/BASIC5000_2836.wav,35,23,2,3.08,1,train
BASIC5000_2837,data/jsut_ver1.1/basic5000/wav/BASIC5000_2837.wav,34,18,0,2.8,1,train
BASIC5000_2838,data/jsut_ver1.1/basic5000/wav/BASIC5000_2838.wav,40,24,1,3.73,2,train
BASIC5000_2839,data/jsut_ver1.1/basic5000/wav/BASIC5000_2839.wav,33,21,2,3.45,1,train
BASIC5000_2840,data/jsut_ver1.1/basic5000/wav/BASIC5000_2840.wav,54,33,3,4.41,3,train
BASIC5000_2841,data/jsut_ver1.1/basic5000/wav/BASIC5000_2841.wav,43,26,2,3.51,2,train
BASIC5000_2842,data/jsut_ver1.1/basic5000/wav/BASIC5000_2842.wav,38,24,2,3.39,1,train
BASIC5000_2843,data/jsut_ver1.1/basic5000/wav/BASIC5000_2843.wav,63,37,0,5.05,3,train
BASIC5000_2844,data/jsut_ver1.1/basic5000/wav/BASIC5000_2844.wav,36,23,3,3.18,1,train
BASIC5000_2845,data/jsut_ver1.1/basic5000/wav/BASIC5000_2845.wav,33,20,0,2.72,1,train
BASIC5000_2846,data/jsut_ver1.1/basic5000/wav/BASIC5000_2846.wav,36,23,1,3.43,1,train
BASIC5000_2847,data/jsut_ver1.1/basic5000/wav/BASIC5000_2847.wav,38,23,0,3.15,1,train
BASIC5000_2848,data/jsut_ver1.1/basic5000/wav/BASIC5000_2848.wav,32,20,2,2.87,1,test
BASIC5000_2849,data/jsut_ver1.1/basic5000/wav/BASIC5000_2849.wav,48,30,3,3.97,2,train
BASIC5000_2850,data/jsut_ver1.1/basic5000/wav/BASIC5000_2850.wav,60,34,2,4.51,3,train
BASIC5000_2851,data/jsut_ver1.1/basic5000/wav/BASIC5000_2851.wav,64,37,2,4.76,3,train
BASIC5000_2852,data/jsut_ver1.1/basic5000/wav/BASIC5000_2852.wav,59,37,2,4.64,3,test
BASIC5000_2853,data/jsut_ver1.1/basic5000/wav/BASIC5000_2853.wav,70,41,1,5.66,4,train
BASIC5000_2854,data/jsut_ver1.1/basic5000/wav/BASIC5000_2854.wav,53,30,1,3.98,3,train
BASIC5000_2855,data/jsut_ver1.1/basic5000/wav/BASIC5000_2855.wav,52,33,4,4.07,3,train
BASIC5000_2856,data/jsut_ver1.1/basic5000/wav/BASIC5000_2856.wav,42,27,2,3.53,2,train
BASIC5000_2857,data/jsut_ver1.1/basic5000/wav/BASIC5000_2857.wav,38,23,0,3.25,1,train
BASIC5000_2858,data/jsut_ver1.1/basic5000/wav/BASIC5000_2858.wav,37,23,2,2.94,1,train
BASIC5000_2859,data/jsut_ver1.1/basic5000/wav/BASIC5000_2859.wav,33,22,2,2.87,1,test
BASIC5000_2860,data/jsut_ver1.1/basic5000/wav/BASIC5000_2860.wav,53,34,1,4.26,3,train
BASIC5000_2861,data/jsut_ver1.1/basic5000/wav/BASIC5000_2861.wav,57,37,3,4.61,3,train
BASIC5000_2862,data/jsut_ver1.1/basic5000/wav/BASIC5000_2862.wav,57,37,4,4.39,3,train
BASIC5000_2863,data/jsut_ver1.1/basic5000/wav/BASIC5000_2863.wav,51,28,1,3.9,3,test
BASIC5000_2864,data/jsut_ver1.1/basic5000/wav/BASIC5000_2864.wav,66,39,2,5.49,3,train
BASIC5000_2865,data/jsut_ver1.1/basic5000/wav/BASIC5000_2865.wav,40,24,1,3.47,2,val
BASIC5000_2866,data/jsut_ver1.1/basic5000/wav/BASIC5000_2866.wav,40,23,0,3.67,2,test
BASIC5000_2867,data/jsut_ver1.1/basic5000/wav/BASIC5000_2867.wav,48,29,1,3.67,2,val
BASIC5000_2868,data/jsut_ver1.1/basic5000/wav/BASIC5000_2868.wav,34,20,0,3.18,1,train
BASIC5000_2869,data/jsut_ver1.1/basic5000/wav/BASIC5000_2869.wav,46,29,4,4.18,2,train
BASIC5000_2870,data/jsut_ver1.1/basic5000/wav/BASIC5000_2870.wav,38,22,1,3.41,1,train
BASIC5000_2871,data/jsut_ver1.1/basic5000/wav/BASIC5000_2871.wav,44,27,0,3.62,2,train
BASIC5000_2872,data/jsut_ver1.1/basic5000/wav/BASIC5000_2872.wav,36,23,2,2.92,1,train
BASIC5000_2873,data/jsut_ver1.1/basic5000/wav/BASIC5000_2873.wav,44,27,2,3.61,2,test
BASIC5000_2874,data/jsut_ver1.1/basic5000/wav/BASIC5000_2874.wav,35,20,1,2.9,1,train
BASIC5000_2875,data/jsut_ver1.1/basic5000/wav/BASIC5000_2875.wav,51,32,1,4.03,3,train
BASIC5000_2876,data/jsut_ver1.1/basic5000/wav/BASIC5000_2876.wav,43,26,2,3.25,2,train
BASIC5000_2877,data/jsut_ver1.1/basic5000/wav/BASIC5000_2877.wav,38,23,3,2.93,1,train
BASIC5000_2878,data/jsut_ver1.1/basic5000/wav/BASIC5000_2878.wav,78,49,5,5.69,4,train
BASIC5000_2879,data/jsut_ver1.1/basic5000/wav/BASIC5000_2879.wav,44,26,1,3.72,2,train
BASIC5000_2880,data/jsut_ver1.1/basic5000/wav/BASIC5000_2880.wav,50,31,1,4.16,3,train
BASIC5000_2881,data/jsut_ver1.1/basic5000/wav/BASIC5000_2881.wav,79,52,6,6.17,4,train
BASIC5000_2882,data/jsut_ver1.1/basic5000/wav/BASIC5000_2882.wav,44,29,3,3.62,2,val
BASIC5000_2883,data/jsut_ver1.1/basic5000/wav/BASIC5000_2883.wav,41,24,2,3.12,2,train
BASIC5000_2884,data/jsut_ver1.1/basic5000/wav/BASIC5000_2884.wav,48,28,1,3.92,2,train
BASIC5000_2885,data/jsut_ver1.1/basic5000/wav/BASIC5000_2885.wav,52,32,2,4.01,3,train
BASIC5000_2886,data/jsut_ver1.1/basic5000/wav/BASIC5000_2886.wav,40,26,3,3.51,2,val
BASIC5000_2887,data/jsut_ver1.1/basic5000/wav/BASIC5000_2887.wav,36,22,0,2.95,1,test
BASIC5000_2888,data/jsut_ver1.1/basic5000/wav/BASIC5000_2888.wav,35,22,2,2.86,1,train
BASIC5000_2889,data/jsut_ver1.1/basic5000/wav/BASIC5000_2889.wav,40,23,2,3.16,2,train
BASIC5000_2890,data/jsut_ver1.1/basic5000/wav/BASIC5000_2890.wav,46,27,0,3.77,2,train
BASIC5000_2891,data/jsut_ver1.1/basic5000/wav/BASIC5000_2891.wav,44,27,2,3.98,2,train
BASIC5000_2892,data/jsut_ver1.1/basic5000/wav/BASIC5000_2892.wav,49,30,2,3.91,2,train
BASIC5000_2893,data/jsut_ver1.1/basic5000/wav/BASIC5000_2893.wav,72,45,4,6.06,4,val
BASIC5000_2894,data/jsut_ver1.1/basic5000/wav/BASIC5000_2894.wav,60,35,1,5.11,3,val
BASIC5000_2895,data/jsut_ver1.1/basic5000/wav/BASIC5000_2895.wav,45,29,2,3.63,2,train
BASIC5000_2896,data/jsut_ver1.1/basic5000/wav/BASIC5000_2896.wav,39,25,2,3.21,1,train
BASIC5000_2897,data/jsut_ver1.1/basic5000/wav/BASIC5000_2897.wav,36,21,1,2.98,1,train
BASIC5000_2898,data/jsut_ver1.1/basic5000/wav/BASIC5000_2898.wav,35,23,2,3.17,1,train
BASIC5000_2899,data/jsut_ver1.1/basic5000/wav/BASIC5000_2899.wav,46,27,0,3.62,2,test
BASIC5000_2900,data/jsut_ver1.1/basic5000/wav/BASIC5000_2900.wav,38,21,0,3.32,1,train
BASIC5000_2901,data/jsut_ver1.1/basic5000/wav/BASIC5000_2901.wav,54,32,1,4.2,3,test
BASIC5000_2902,data/jsut_ver1.1/basic5000/wav/BASIC5000_2902.wav,39,23,1,3.18,1,train
BASIC5000_2903,data/jsut_ver1.1/basic5000/wav/BASIC5000_2903.wav,43,25,1,3.36,2,train
BASIC5000_2904,data/jsut_ver1.1/basic5000/wav/BASIC5000_2904.wav,31,18,0,2.72,1,train
BASIC5000_2905,data/jsut_ver1.1/basic5000/wav/BASIC5000_2905.wav,63,38,2,4.53,3,train
BASIC5000_2906,data/jsut_ver1.1/basic5000/wav/BASIC5000_2906.wav,67,40,2,4.94,3,train
BASIC5000_2907,data/jsut_ver1.1/basic5000/wav/BASIC5000_2907.wav,46,29,3,3.41,2,train
BASIC5000_2908,data/jsut_ver1.1/basic5000/wav/BASIC5000_2908.wav,37,23,1,3.33,1,train
BASIC5000_2909,data/jsut_ver1.1/basic5000/wav/BASIC5000_2909.wav,29,18,1,2.64,1,train
BASIC5000_2910,data/jsut_ver1.1/basic5000/wav/BASIC5000_2910.wav,39,24,2,2.99,1,train
BASIC5000_2911,data/jsut_ver1.1/basic5000/wav/BASIC5000_2911.wav,32,18,0,2.74,1,train
BASIC5000_2912,data/jsut_ver1.1/basic5000/wav/BASIC5000_2912.wav,47,28,0,4.2792916666666665,2,train
BASIC5000_2913,data/jsut_ver1.1/basic5000/wav/BASIC5000_2913.wav,47,26,0,3.65,2,train
BASIC5000_2914,data/jsut_ver1.1/basic5000/wav/BASIC5000_2914.wav,34,22,2,2.81,1,train
BASIC5000_2915,data/jsut_ver1.1/basic5000/wav/BASIC5000_2915.wav,40,24,1,3.22,2,train
BASIC5000_2916,data/jsut_ver1.1/basic5000/wav/BASIC5000_2916.wav,41,26,1,3.64,2,train
BASIC5000_2917,data/jsut_ver1.1/basic5000/wav/BASIC5000_2917.wav,51,31,2,4.09,3,train
BASIC5000_2918,data/jsut_ver1.1/basic5000/wav/BASIC5000_2918.wav,35,23,3,3.08,1,train
BASIC5000_2919,data/jsut_ver1.1/basic5000/wav/BASIC5000_2919.wav,57,34,3,4.34,3,train
BASIC5000_2920,data/jsut_ver1.1/basic5000/wav/BASIC5000_2920.wav,68,42,3,5.15,3,train
BASIC5000_2921,data/jsut_ver1.1/basic5000/wav/BASIC5000_2921.wav,58,36,0,4.6,3,train
BASIC5000_2922,data/jsut_ver1.1/basic5000/wav/BASIC5000_2922.wav,50,30,1,3.95,3,train
BASIC5000_2923,data/jsut_ver1.1/basic5000/wav/BASIC5000_2923.wav,38,21,1,3.82,1,test
BASIC5000_2924,data/jsut_ver1.1/basic5000/wav/BASIC5000_2924.wav,37,22,2,3.28,1,train
BASIC5000_2925,data/jsut_ver1.1/basic5000/wav/BASIC5000_2925.wav,44,28,2,3.35,2,train
BASIC5000_2926,data/jsut_ver1.1/basic5000/wav/BASIC5000_2926.wav,28,16,0,2.52,1,train
BASIC5000_2927,data/jsut_ver1.1/basic5000/wav/BASIC5000_2927.wav,34,21,2,2.83,1,train
BASIC5000_2928,data/jsut_ver1.1/basic5000/wav/BASIC5000_2928.wav,51,34,2,4.61,3,train
BASIC5000_2929,data/jsut_ver1.1/basic5000/wav/BASIC5000_2929.wav,42,24,1,3.43,2,train
BASIC5000_2930,data/jsut_ver1.1/basic5000/wav/BASIC5000_2930.wav,34,20,1,2.96,1,train
BASIC5000_2931,data/jsut_ver1.1/basic5000/wav/BASIC5000_2931.wav,34,21,1,2.96,1,train
BASIC5000_2932,data/jsut_ver1.1/basic5000/wav/BASIC5000_2932.wav,49,30,1,3.97,2,test
BASIC5000_2933,data/jsut_ver1.1/basic5000/wav/BASIC5000_2933.wav,38,24,2,3.57,1,train
BASIC5000_2934,data/jsut_ver1.1/basic5000/wav/BASIC5000_2934.wav,53,30,1,4.09,3,train
BASIC5000_2935,data/jsut_ver1.1/basic5000/wav/BASIC5000_2935.wav,29,18,2,2.58,1,train
BASIC5000_2936,data/jsut_ver1.1/basic5000/wav/BASIC5000_2936.wav,37,24,3,3.96,1,train
BASIC5000_2937,data/jsut_ver1.1/basic5000/wav/BASIC5000_2937.wav,33,19,0,2.76,1,train
BASIC5000_2938,data/jsut_ver1.1/basic5000/wav/BASIC5000_2938.wav,42,25,1,3.39,2,train
BASIC5000_2939,data/jsut_ver1.1/basic5000/wav/BASIC5000_2939.wav,91,55,3,6.83,4,train
BASIC5000_2940,data/jsut_ver1.1/basic5000/wav/BASIC5000_2940.wav,85,49,4,6.33,4,train
BASIC5000_2941,data/jsut_ver1.1/basic5000/wav/BASIC5000_2941.wav,37,23,1,3.17,1,train
BASIC5000_2942,data/jsut_ver1.1/basic5000/wav/BASIC5000_2942.wav,34,18,0,2.82,1,train
BASIC5000_2943,data/jsut_ver1.1/basic5000/wav/BASIC5000_2943.wav,39,23,0,3.25,1,train
BASIC5000_2944,data/jsut_ver1.1/basic5000/wav/BASIC5000_2944.wav,57,33,1,4.51,3,train
BASIC5000_2945,data/jsut_ver1.1/basic5000/wav/BASIC5000_2945.wav,29,18,0,2.49,1,train
BASIC5000_2946,data/jsut_ver1.1/basic5000/wav/BASIC5000_2946.wav,41,25,1,3.43,2,val
BASIC5000_2947,data/jsut_ver1.1/basic5000/wav/BASIC5000_2947.wav,39,25,2,3.28,1,train
BASIC5000_2948,data/jsut_ver1.1/basic5000/wav/BASIC5000_2948.wav,56,35,2,4.6,3,train
BASIC5000_2949,data/jsut_ver1.1/basic5000/wav/BASIC5000_2949.wav,46,27,1,3.64,2,test
BASIC5000_2950,data/jsut_ver1.1/basic5000/wav/BASIC5000_2950.wav,63,35,0,4.39,3,train
BASIC5000_2951,data/jsut_ver1.1/basic5000/wav/BASIC5000_2951.wav,44,27,2,3.45,2,train
BASIC5000_2952,data/jsut_ver1.1/basic5000/wav/BASIC5000_2952.wav,36,20,0,3.3092916666666667,1,train
BASIC5000_2953,data/jsut_ver1.1/basic5000/wav/BASIC5000_2953.wav,41,25,0,3.39,2,train
BASIC5000_2954,data/jsut_ver1.1/basic5000/wav/BASIC5000_2954.wav,50,30,2,4.04,3,train
BASIC5000_2955,data/jsut_ver1.1/basic5000/wav/BASIC5000_2955.wav,33,21,2,3.14,1,train
BASIC5000_2956,data/jsut_ver1.1/basic5000/wav/BASIC5000_2956.wav,36,21,2,2.92,1,test
BASIC5000_2957,data/jsut_ver1.1/basic5000/wav/BASIC5000_2957.wav,41,23,0,3.28,2,train
BASIC5000_2958,data/jsut_ver1.1/basic5000/wav/BASIC5000_2958.wav,45,26,1,3.5,2,train
BASIC5000_2959,data/jsut_ver1.1/basic5000/wav/BASIC5000_2959.wav,56,34,2,4.58,3,train
BASIC5000_2960,data/jsut_ver1.1/basic5000/wav/BASIC5000_2960.wav,31,19,0,2.9892916666666665,1,train
BASIC5000_2961,data/jsut_ver1.1/basic5000/wav/BASIC5000_2961.wav,60,34,1,4.25,3,test
BASIC5000_2962,data/jsut_ver1.1/basic5000/wav/BASIC5000_2962.wav,153,90,7,10.69,4,train
BASIC5000_2963,data/jsut_ver1.1/basic5000/wav/BASIC5000_2963.wav,31,19,2,3.42,1,test
BASIC5000_2964,data/jsut_ver1.1/basic5000/wav/BASIC5000_2964.wav,42,25,1,4.389291666666667,2,val
BASIC5000_2965,data/jsut_ver1.1/basic5000/wav/BASIC5000_2965.wav,33,20,0,3.36,1,train
BASIC5000_2966,data/jsut_ver1.1/basic5000/wav/BASIC5000_2966.wav,37,21,1,3.21,1,val
BASIC5000_2967,data/jsut_ver1.1/basic5000/wav/BASIC5000_2967.wav,32,18,1,2.65,1,test
BASIC5000_2968,data/jsut_ver1.1/basic5000/wav/BASIC5000_2968.wav,33,21,2,2.76,1,train
BASIC5000_2969,data/jsut_ver1.1/basic5000/wav/BASIC5000_2969.wav,44,29,4,3.56,2,val
BASIC5000_2970,data/jsut_ver1.1/basic5000/wav/BASIC5000_2970.wav,60,36,2,4.77,3,test
BASIC5000_2971,data/jsut_ver1.1/basic5000/wav/BASIC5000_2971.wav,46,27,0,3.77,2,test
BASIC5000_2972,data/jsut_ver1.1/basic5000/wav/BASIC5000_2972.wav,40,24,1,3.11,2,val
BASIC5000_2973,data/jsut_ver1.1/basic5000/wav/BASIC5000_2973.wav,60,37,3,4.32,3,train
BASIC5000_2974,data/jsut_ver1.1/basic5000/wav/BASIC5000_2974.wav,34,20,1,3.11,1,test
BASIC5000_2975,data/jsut_ver1.1/basic5000/wav/BASIC5000_2975.wav,63,41,3,4.72,3,train
BASIC5000_2976,data/jsut_ver1.1/basic5000/wav/BASIC5000_2976.wav,41,23,0,3.55,2,train
BASIC5000_2977,data/jsut_ver1.1/basic5000/wav/BASIC5000_2977.wav,47,27,0,4.499291666666666,2,val
BASIC5000_2978,data/jsut_ver1.1/basic5000/wav/BASIC5000_2978.wav,51,34,2,5.04,3,train
BASIC5000_2979,data/jsut_ver1.1/basic5000/wav/BASIC5000_2979.wav,56,33,0,4.76,3,train
BASIC5000_2980,data/jsut_ver1.1/basic5000/wav/BASIC5000_2980.wav,38,23,1,3.04,1,test
BASIC5000_2981,data/jsut_ver1.1/basic5000/wav/BASIC5000_2981.wav,41,24,0,3.39,2,train
BASIC5000_2982,data/jsut_ver1.1/basic5000/wav/BASIC5000_2982.wav,37,23,0,3.19,1,val
BASIC5000_2983,data/jsut_ver1.1/basic5000/wav/BASIC5000_2983.wav,35,21,1,2.94,1,train
BASIC5000_2984,data/jsut_ver1.1/basic5000/wav/BASIC5000_2984.wav,54,31,0,4.05,3,train
BASIC5000_2985,data/jsut_ver1.1/basic5000/wav/BASIC5000_2985.wav,46,29,3,3.62,2,test
BASIC5000_2986,data/jsut_ver1.1/basic5000/wav/BASIC5000_2986.wav,51,33,2,4.26,3,train
BASIC5000_2987,data/jsut_ver1.1/basic5000/wav/BASIC5000_2987.wav,52,33,4,4.04,3,train
BASIC5000_2988,data/jsut_ver1.1/basic5000/wav/BASIC5000_2988.wav,79,47,1,5.94,4,train
BASIC5000_2989,data/jsut_ver1.1/basic5000/wav/BASIC5000_2989.wav,41,25,1,3.49,2,val
BASIC5000_2990,data/jsut_ver1.1/basic5000/wav/BASIC5000_2990.wav,34,20,0,2.79,1,train
BASIC5000_2991,data/jsut_ver1.1/basic5000/wav/BASIC5000_2991.wav,43,24,0,3.27,2,val
BASIC5000_2992,data/jsut_ver1.1/basic5000/wav/BASIC5000_2992.wav,59,35,2,4.57,3,train
BASIC5000_2993,data/jsut_ver1.1/basic5000/wav/BASIC5000_2993.wav,61,40,2,4.78,3,train
BASIC5000_2994,data/jsut_ver1.1/basic5000/wav/BASIC5000_2994.wav,52,30,2,4.4,3,train
BASIC5000_2995,data/jsut_ver1.1/basic5000/wav/BASIC5000_2995.wav,75,46,2,6.32,4,test
BASIC5000_2996,data/jsut_ver1.1/basic5000/wav/BASIC5000_2996.wav,94,58,5,7.7,4,train
BASIC5000_2997,data/jsut_ver1.1/basic5000/wav/BASIC5000_2997.wav,78,47,3,6.98,4,train
BASIC5000_2998,data/jsut_ver1.1/basic5000/wav/BASIC5000_2998.wav,88,52,2,7.05,4,train
BASIC5000_2999,data/jsut_ver1.1/basic5000/wav/BASIC5000_2999.wav,128,76,1,10.19,4,train
BASIC5000_3000,data/jsut_ver1.1/basic5000/wav/BASIC5000_3000.wav,85,47,0,6.53,4,train
BASIC5000_3001,data/jsut_ver1.1/basic5000/wav/BASIC5000_3001.wav,34,22,2,3.02,1,train
BASIC5000_3002,data/jsut_ver1.1/basic5000/wav/BASIC5000_3002.wav,100,61,5,7.65,4,train
BASIC5000_3003,data/jsut_ver1.1/basic5000/wav/BASIC5000_3003.wav,117,71,7,9.18,4,train
BASIC5000_3004,data/jsut_ver1.1/basic5000/wav/BASIC5000_3004.wav,118,70,2,9.13,4,train
BASIC5000_3005,data/jsut_ver1.1/basic5000/wav/BASIC5000_3005.wav,72,43,1,5.92,4,val
BASIC5000_3006,data/jsut_ver1.1/basic5000/wav/BASIC5000_3006.wav,120,80,2,10.35,4,train
BASIC5000_3007,data/jsut_ver1.1/basic5000/wav/BASIC5000_3007.wav,109,68,5,8.15,4,train
BASIC5000_3008,data/jsut_ver1.1/basic5000/wav/BASIC5000_3008.wav,74,44,2,6.81,4,train
BASIC5000_3009,data/jsut_ver1.1/basic5000/wav/BASIC5000_3009.wav,59,36,4,4.94,3,train
BASIC5000_3010,data/jsut_ver1.1/basic5000/wav/BASIC5000_3010.wav,46,28,2,3.64,2,train
BASIC5000_3011,data/jsut_ver1.1/basic5000/wav/BASIC5000_3011.wav,119,75,6,9.05,4,train
BASIC5000_3012,data/jsut_ver1.1/basic5000/wav/BASIC5000_3012.wav,112,66,4,8.62,4,train
BASIC5000_3013,data/jsut_ver1.1/basic5000/wav/BASIC5000_3013.wav,75,46,0,6.72,4,train
BASIC5000_3014,data/jsut_ver1.1/basic5000/wav/BASIC5000_3014.wav,33,20,3,3.4,1,val
BASIC5000_3015,data/jsut_ver1.1/basic5000/wav/BASIC5000_3015.wav,135,88,8,10.93,4,train
BASIC5000_3016,data/jsut_ver1.1/basic5000/wav/BASIC5000_3016.wav,38,23,2,3.1,1,train
BASIC5000_3017,data/jsut_ver1.1/basic5000/wav/BASIC5000_3017.wav,137,82,5,10.5,4,test
BASIC5000_3018,data/jsut_ver1.1/basic5000/wav/BASIC5000_3018.wav,70,41,1,5.77,4,train
BASIC5000_3019,data/jsut_ver1.1/basic5000/wav/BASIC5000_3019.wav,81,47,4,6.17,4,train
BASIC5000_3020,data/jsut_ver1.1/basic5000/wav/BASIC5000_3020.wav,184,107,4,13.24,4,train
BASIC5000_3021,data/jsut_ver1.1/basic5000/wav/BASIC5000_3021.wav,51,31,2,4.23,3,train
BASIC5000_3022,data/jsut_ver1.1/basic5000/wav/BASIC5000_3022.wav,60,37,2,5.29,3,train
BASIC5000_3023,data/jsut_ver1.1/basic5000/wav/BASIC5000_3023.wav,64,41,4,5.67,3,test
BASIC5000_3024,data/jsut_ver1.1/basic5000/wav/BASIC5000_3024.wav,56,35,3,4.35,3,train
BASIC5000_3025,data/jsut_ver1.1/basic5000/wav/BASIC5000_3025.wav,110,68,2,8.82,4,train
BASIC5000_3026,data/jsut_ver1.1/basic5000/wav/BASIC5000_3026.wav,108,69,5,8.59,4,train
BASIC5000_3027,data/jsut_ver1.1/basic5000/wav/BASIC5000_3027.wav,48,27,0,4.01,2,train
BASIC5000_3028,data/jsut_ver1.1/basic5000/wav/BASIC5000_3028.wav,125,79,5,9.82,4,train
BASIC5000_3029,data/jsut_ver1.1/basic5000/wav/BASIC5000_3029.wav,87,51,1,6.98,4,train
BASIC5000_3030,data/jsut_ver1.1/basic5000/wav/BASIC5000_3030.wav,54,31,0,4.27,3,train
BASIC5000_3031,data/jsut_ver1.1/basic5000/wav/BASIC5000_3031.wav,38,22,0,3.52,1,train
BASIC5000_3032,data/jsut_ver1.1/basic5000/wav/BASIC5000_3032.wav,129,79,2,10.43,4,val
BASIC5000_3033,data/jsut_ver1.1/basic5000/wav/BASIC5000_3033.wav,57,33,1,4.9,3,val
BASIC5000_3034,data/jsut_ver1.1/basic5000/wav/BASIC5000_3034.wav,129,76,3,9.13,4,test
BASIC5000_3035,data/jsut_ver1.1/basic5000/wav/BASIC5000_3035.wav,64,38,1,5.23,3,val
BASIC5000_3036,data/jsut_ver1.1/basic5000/wav/BASIC5000_3036.wav,94,61,8,7.45,4,test
BASIC5000_3037,data/jsut_ver1.1/basic5000/wav/BASIC5000_3037.wav,116,73,4,9.46,4,train
BASIC5000_3038,data/jsut_ver1.1/basic5000/wav/BASIC5000_3038.wav,50,34,5,4.21,3,train
BASIC5000_3039,data/jsut_ver1.1/basic5000/wav/BASIC5000_3039.wav,78,48,3,6.04,4,test
BASIC5000_3040,data/jsut_ver1.1/basic5000/wav/BASIC5000_3040.wav,58,36,2,4.84,3,train
BASIC5000_3041,data/jsut_ver1.1/basic5000/wav/BASIC5000_3041.wav,70,44,1,5.96,4,train
BASIC5000_3042,data/jsut_ver1.1/basic5000/wav/BASIC5000_3042.wav,126,72,2,9.67,4,train
BASIC5000_3043,data/jsut_ver1.1/basic5000/wav/BASIC5000_3043.wav,71,43,1,5.8,4,train
BASIC5000_3044,data/jsut_ver1.1/basic5000/wav/BASIC5000_3044.wav,134,78,2,10.32,4,train
BASIC5000_3045,data/jsut_ver1.1/basic5000/wav/BASIC5000_3045.wav,87,50,1,6.9,4,test
BASIC5000_3046,data/jsut_ver1.1/basic5000/wav/BASIC5000_3046.wav,41,25,1,3.41,2,train
BASIC5000_3047,data/jsut_ver1.1/basic5000/wav/BASIC5000_3047.wav,121,70,2,9.07,4,train
BASIC5000_3048,data/jsut_ver1.1/basic5000/wav/BASIC5000_3048.wav,56,33,1,4.64,3,train
BASIC5000_3049,data/jsut_ver1.1/basic5000/wav/BASIC5000_3049.wav,68,41,1,5.71,3,train
BASIC5000_3050,data/jsut_ver1.1/basic5000/wav/BASIC5000_3050.wav,61,38,4,5.62,3,train
BASIC5000_3051,data/jsut_ver1.1/basic5000/wav/BASIC5000_3051.wav,111,63,1,8.85,4,train
BASIC5000_3052,data/jsut_ver1.1/basic5000/wav/BASIC5000_3052.wav,65,39,0,5.41,3,train
BASIC5000_3053,data/jsut_ver1.1/basic5000/wav/BASIC5000_3053.wav,119,75,10,8.86,4,val
BASIC5000_3054,data/jsut_ver1.1/basic5000/wav/BASIC5000_3054.wav,69,43,2,5.56,3,train
BASIC5000_3055,data/jsut_ver1.1/basic5000/wav/BASIC5000_3055.wav,63,40,3,5.26,3,train
BASIC5000_3056,data/jsut_ver1.1/basic5000/wav/BASIC5000_3056.wav,127,80,9,10.459291666666667,4,test
BASIC5000_3057,data/jsut_ver1.1/basic5000/wav/BASIC5000_3057.wav,69,42,4,5.52,3,train
BASIC5000_3058,data/jsut_ver1.1/basic5000/wav/BASIC5000_3058.wav,95,59,1,7.74,4,train
BASIC5000_3059,data/jsut_ver1.1/basic5000/wav/BASIC5000_3059.wav,91,53,1,7.14,4,train
BASIC5000_3060,data/jsut_ver1.1/basic5000/wav/BASIC5000_3060.wav,166,101,4,13.439291666666668,4,train
BASIC5000_3061,data/jsut_ver1.1/basic5000/wav/BASIC5000_3061.wav,87,52,2,6.92,4,train
BASIC5000_3062,data/jsut_ver1.1/basic5000/wav/BASIC5000_3062.wav,111,72,5,9.23,4,train
BASIC5000_3063,data/jsut_ver1.1/basic5000/wav/BASIC5000_3063.wav,96,58,4,7.59,4,train
BASIC5000_3064,data/jsut_ver1.1/basic5000/wav/BASIC5000_3064.wav,54,31,3,4.52,3,train
BASIC5000_3065,data/jsut_ver1.1/basic5000/wav/BASIC5000_3065.wav,60,34,1,4.67,3,train
BASIC5000_3066,data/jsut_ver1.1/basic5000/wav/BASIC5000_3066.wav,133,89,8,11.74,4,val
BASIC5000_3067,data/jsut_ver1.1/basic5000/wav/BASIC5000_3067.wav,66,36,1,4.98,3,train
BASIC5000_3068,data/jsut_ver1.1/basic5000/wav/BASIC5000_3068.wav,69,41,1,5.6,3,test
BASIC5000_3069,data/jsut_ver1.1/basic5000/wav/BASIC5000_3069.wav,92,61,4,7.39,4,train
BASIC5000_3070,data/jsut_ver1.1/basic5000/wav/BASIC5000_3070.wav,36,22,1,3.24,1,test
BASIC5000_3071,data/jsut_ver1.1/basic5000/wav/BASIC5000_3071.wav,47,25,1,4.23,2,test
BASIC5000_3072,data/jsut_ver1.1/basic5000/wav/BASIC5000_3072.wav,82,50,4,6.76,4,train
BASIC5000_3073,data/jsut_ver1.1/basic5000/wav/BASIC5000_3073.wav,62,40,4,4.92,3,train
BASIC5000_3074,data/jsut_ver1.1/basic5000/wav/BASIC5000_3074.wav,156,100,6,13.36,4,train
BASIC5000_3075,data/jsut_ver1.1/basic5000/wav/BASIC5000_3075.wav,59,39,3,5.29,3,train
BASIC5000_3076,data/jsut_ver1.1/basic5000/wav/BASIC5000_3076.wav,153,100,11,11.97,4,train
BASIC5000_3077,data/jsut_ver1.1/basic5000/wav/BASIC5000_3077.wav,43,26,1,3.76,2,test
BASIC5000_3078,data/jsut_ver1.1/basic5000/wav/BASIC5000_3078.wav,73,47,2,6.68,4,train
BASIC5000_3079,data/jsut_ver1.1/basic5000/wav/BASIC5000_3079.wav,56,34,1,4.92,3,test
BASIC5000_3080,data/jsut_ver1.1/basic5000/wav/BASIC5000_3080.wav,137,86,6,10.72,4,train
BASIC5000_3081,data/jsut_ver1.1/basic5000/wav/BASIC5000_3081.wav,50,31,2,4.3,3,train
BASIC5000_3082,data/jsut_ver1.1/basic5000/wav/BASIC5000_3082.wav,167,102,7,13.3,4,train
BASIC5000_3083,data/jsut_ver1.1/basic5000/wav/BASIC5000_3083.wav,44,28,3,4.13,2,train
BASIC5000_3084,data/jsut_ver1.1/basic5000/wav/BASIC5000_3084.wav,63,37,1,5.1,3,train
BASIC5000_3085,data/jsut_ver1.1/basic5000/wav/BASIC5000_3085.wav,88,50,1,7.17,4,train
BASIC5000_3086,data/jsut_ver1.1/basic5000/wav/BASIC5000_3086.wav,114,74,6,9.88,4,train
BASIC5000_3087,data/jsut_ver1.1/basic5000/wav/BASIC5000_3087.wav,95,58,6,7.84,4,train
BASIC5000_3088,data/jsut_ver1.1/basic5000/wav/BASIC5000_3088.wav,45,27,2,3.84,2,train
BASIC5000_3089,data/jsut_ver1.1/basic5000/wav/BASIC5000_3089.wav,83,48,1,7.329291666666666,4,train
BASIC5000_3090,data/jsut_ver1.1/basic5000/wav/BASIC5000_3090.wav,72,43,3,5.98,4,test
BASIC5000_3091,data/jsut_ver1.1/basic5000/wav/BASIC5000_3091.wav,120,75,4,10.0,4,train
BASIC5000_3092,data/jsut_ver1.1/basic5000/wav/BASIC5000_3092.wav,82,48,2,6.29,4,train
BASIC5000_3093,data/jsut_ver1.1/basic5000/wav/BASIC5000_3093.wav,44,27,3,3.93,2,train
BASIC5000_3094,data/jsut_ver1.1/basic5000/wav/BASIC5000_3094.wav,139,81,2,10.93,4,train
BASIC5000_3095,data/jsut_ver1.1/basic5000/wav/BASIC5000_3095.wav,48,28,0,3.83,2,train
BASIC5000_3096,data/jsut_ver1.1/basic5000/wav/BASIC5000_3096.wav,44,27,1,4.2,2,train
BASIC5000_3097,data/jsut_ver1.1/basic5000/wav/BASIC5000_3097.wav,102,65,5,9.21,4,val
BASIC5000_3098,data/jsut_ver1.1/basic5000/wav/BASIC5000_3098.wav,51,33,3,4.34,3,test
BASIC5000_3099,data/jsut_ver1.1/basic5000/wav/BASIC5000_3099.wav,40,25,3,3.51,2,train
BASIC5000_3100,data/jsut_ver1.1/basic5000/wav/BASIC5000_3100.wav,59,35,2,4.95,3,train
BASIC5000_3101,data/jsut_ver1.1/basic5000/wav/BASIC5000_3101.wav,60,36,2,4.77,3,train
BASIC5000_3102,data/jsut_ver1.1/basic5000/wav/BASIC5000_3102.wav,67,42,4,5.14,3,test
BASIC5000_3103,data/jsut_ver1.1/basic5000/wav/BASIC5000_3103.wav,123,74,5,9.67,4,train
BASIC5000_3104,data/jsut_ver1.1/basic5000/wav/BASIC5000_3104.wav,93,56,4,7.65,4,train
BASIC5000_3105,data/jsut_ver1.1/basic5000/wav/BASIC5000_3105.wav,64,39,2,5.43,3,train
BASIC5000_3106,data/jsut_ver1.1/basic5000/wav/BASIC5000_3106.wav,56,38,6,4.69,3,train
BASIC5000_3107,data/jsut_ver1.1/basic5000/wav/BASIC5000_3107.wav,46,28,2,3.96,2,train
BASIC5000_3108,data/jsut_ver1.1/basic5000/wav/BASIC5000_3108.wav,110,65,4,8.5,4,train
BASIC5000_3109,data/jsut_ver1.1/basic5000/wav/BASIC5000_3109.wav,37,22,0,4.67,1,train
BASIC5000_3110,data/jsut_ver1.1/basic5000/wav/BASIC5000_3110.wav,45,26,1,3.7,2,val
BASIC5000_3111,data/jsut_ver1.1/basic5000/wav/BASIC5000_3111.wav,118,69,2,9.32,4,val
BASIC5000_3112,data/jsut_ver1.1/basic5000/wav/BASIC5000_3112.wav,65,38,2,5.22,3,train
BASIC5000_3113,data/jsut_ver1.1/basic5000/wav/BASIC5000_3113.wav,64,38,0,5.54,3,train
BASIC5000_3114,data/jsut_ver1.1/basic5000/wav/BASIC5000_3114.wav,59,39,3,5.06,3,train
BASIC5000_3115,data/jsut_ver1.1/basic5000/wav/BASIC5000_3115.wav,75,47,3,5.88,4,val
BASIC5000_3116,data/jsut_ver1.1/basic5000/wav/BASIC5000_3116.wav,113,67,1,10.09,4,train
BASIC5000_3117,data/jsut_ver1.1/basic5000/wav/BASIC5000_3117.wav,39,24,1,3.51,1,train
BASIC5000_3118,data/jsut_ver1.1/basic5000/wav/BASIC5000_3118.wav,38,27,4,3.37,1,train
BASIC5000_3119,data/jsut_ver1.1/basic5000/wav/BASIC5000_3119.wav,108,70,9,8.22,4,test
BASIC5000_3120,data/jsut_ver1.1/basic5000/wav/BASIC5000_3120.wav,66,40,1,5.35,3,train
BASIC5000_3121,data/jsut_ver1.1/basic5000/wav/BASIC5000_3121.wav,51,29,0,4.09,3,train
BASIC5000_3122,data/jsut_ver1.1/basic5000/wav/BASIC5000_3122.wav,87,56,7,6.59,4,train
BASIC5000_3123,data/jsut_ver1.1/basic5000/wav/BASIC5000_3123.wav,83,46,1,6.62,4,val
BASIC5000_3124,data/jsut_ver1.1/basic5000/wav/BASIC5000_3124.wav,115,72,3,8.74,4,train
BASIC5000_3125,data/jsut_ver1.1/basic5000/wav/BASIC5000_3125.wav,83,49,2,6.18,4,train
BASIC5000_3126,data/jsut_ver1.1/basic5000/wav/BASIC5000_3126.wav,78,44,1,6.23,4,train
BASIC5000_3127,data/jsut_ver1.1/basic5000/wav/BASIC5000_3127.wav,80,48,1,7.02,4,train
BASIC5000_3128,data/jsut_ver1.1/basic5000/wav/BASIC5000_3128.wav,101,59,1,7.95,4,train
BASIC5000_3129,data/jsut_ver1.1/basic5000/wav/BASIC5000_3129.wav,176,109,6,13.58,4,train
BASIC5000_3130,data/jsut_ver1.1/basic5000/wav/BASIC5000_3130.wav,38,22,1,3.0,1,train
BASIC5000_3131,data/jsut_ver1.1/basic5000/wav/BASIC5000_3131.wav,51,30,3,4.42,3,val
BASIC5000_3132,data/jsut_ver1.1/basic5000/wav/BASIC5000_3132.wav,91,60,9,7.07,4,test
BASIC5000_3133,data/jsut_ver1.1/basic5000/wav/BASIC5000_3133.wav,132,79,3,11.41,4,train
BASIC5000_3134,data/jsut_ver1.1/basic5000/wav/BASIC5000_3134.wav,168,100,4,13.3,4,val
BASIC5000_3135,data/jsut_ver1.1/basic5000/wav/BASIC5000_3135.wav,92,53,3,7.22,4,train
BASIC5000_3136,data/jsut_ver1.1/basic5000/wav/BASIC5000_3136.wav,74,47,4,5.96,4,train
BASIC5000_3137,data/jsut_ver1.1/basic5000/wav/BASIC5000_3137.wav,93,55,4,6.99,4,test
BASIC5000_3138,data/jsut_ver1.1/basic5000/wav/BASIC5000_3138.wav,52,31,1,3.97,3,train
BASIC5000_3139,data/jsut_ver1.1/basic5000/wav/BASIC5000_3139.wav,60,35,1,5.06,3,train
BASIC5000_3140,data/jsut_ver1.1/basic5000/wav/BASIC5000_3140.wav,79,46,2,6.53,4,train
BASIC5000_3141,data/jsut_ver1.1/basic5000/wav/BASIC5000_3141.wav,78,48,3,6.35,4,train
BASIC5000_3142,data/jsut_ver1.1/basic5000/wav/BASIC5000_3142.wav,55,34,1,5.49,3,train
BASIC5000_3143,data/jsut_ver1.1/basic5000/wav/BASIC5000_3143.wav,101,59,3,7.95,4,train
BASIC5000_3144,data/jsut_ver1.1/basic5000/wav/BASIC5000_3144.wav,72,46,2,6.6,4,test
BASIC5000_3145,data/jsut_ver1.1/basic5000/wav/BASIC5000_3145.wav,37,25,1,3.51,1,train
BASIC5000_3146,data/jsut_ver1.1/basic5000/wav/BASIC5000_3146.wav,84,50,1,7.21,4,train
BASIC5000_3147,data/jsut_ver1.1/basic5000/wav/BASIC5000_3147.wav,70,43,2,6.56,4,test
BASIC5000_3148,data/jsut_ver1.1/basic5000/wav/BASIC5000_3148.wav,155,95,10,11.44,4,train
BASIC5000_3149,data/jsut_ver1.1/basic5000/wav/BASIC5000_3149.wav,110,64,4,8.45,4,train
BASIC5000_3150,data/jsut_ver1.1/basic5000/wav/BASIC5000_3150.wav,74,44,3,5.84,4,test
BASIC5000_3151,data/jsut_ver1.1/basic5000/wav/BASIC5000_3151.wav,65,41,3,5.79,3,train
BASIC5000_3152,data/jsut_ver1.1/basic5000/wav/BASIC5000_3152.wav,122,75,3,10.89,4,train
BASIC5000_3153,data/jsut_ver1.1/basic5000/wav/BASIC5000_3153.wav,41,24,1,3.48,2,train
BASIC5000_3154,data/jsut_ver1.1/basic5000/wav/BASIC5000_3154.wav,50,31,1,4.39,3,val
BASIC5000_3155,data/jsut_ver1.1/basic5000/wav/BASIC5000_3155.wav,90,53,3,7.12,4,train
BASIC5000_3156,data/jsut_ver1.1/basic5000/wav/BASIC5000_3156.wav,44,25,0,3.76,2,train
BASIC5000_3157,data/jsut_ver1.1/basic5000/wav/BASIC5000_3157.wav,73,44,1,5.72,4,test
BASIC5000_3158,data/jsut_ver1.1/basic5000/wav/BASIC5000_3158.wav,60,33,0,4.64,3,train
BASIC5000_3159,data/jsut_ver1.1/basic5000/wav/BASIC5000_3159.wav,78,46,1,6.61,4,train
BASIC5000_3160,data/jsut_ver1.1/basic5000/wav/BASIC5000_3160.wav,41,25,2,3.86,2,train
BASIC5000_3161,data/jsut_ver1.1/basic5000/wav/BASIC5000_3161.wav,115,71,5,8.77,4,train
BASIC5000_3162,data/jsut_ver1.1/basic5000/wav/BASIC5000_3162.wav,69,42,2,5.66,3,train
BASIC5000_3163,data/jsut_ver1.1/basic5000/wav/BASIC5000_3163.wav,91,58,3,7.54,4,val
BASIC5000_3164,data/jsut_ver1.1/basic5000/wav/BASIC5000_3164.wav,102,56,2,7.67,4,train
BASIC5000_3165,data/jsut_ver1.1/basic5000/wav/BASIC5000_3165.wav,172,102,5,13.12,4,train
BASIC5000_3166,data/jsut_ver1.1/basic5000/wav/BASIC5000_3166.wav,162,98,4,12.13,4,train
BASIC5000_3167,data/jsut_ver1.1/basic5000/wav/BASIC5000_3167.wav,94,55,3,7.49,4,train
BASIC5000_3168,data/jsut_ver1.1/basic5000/wav/BASIC5000_3168.wav,42,26,0,3.9392916666666666,2,train
BASIC5000_3169,data/jsut_ver1.1/basic5000/wav/BASIC5000_3169.wav,125,79,7,9.66,4,train
BASIC5000_3170,data/jsut_ver1.1/basic5000/wav/BASIC5000_3170.wav,63,36,1,4.98,3,val
BASIC5000_3171,data/jsut_ver1.1/basic5000/wav/BASIC5000_3171.wav,113,68,4,8.62,4,train
BASIC5000_3172,data/jsut_ver1.1/basic5000/wav/BASIC5000_3172.wav,114,68,2,8.74,4,test
BASIC5000_3173,data/jsut_ver1.1/basic5000/wav/BASIC5000_3173.wav,94,57,4,7.63,4,train
BASIC5000_3174,data/jsut_ver1.1/basic5000/wav/BASIC5000_3174.wav,75,41,1,5.78,4,train
BASIC5000_3175,data/jsut_ver1.1/basic5000/wav/BASIC5000_3175.wav,168,95,2,11.93,4,train
BASIC5000_3176,data/jsut_ver1.1/basic5000/wav/BASIC5000_3176.wav,118,68,4,8.86,4,train
BASIC5000_3177,data/jsut_ver1.1/basic5000/wav/BASIC5000_3177.wav,113,68,3,8.89,4,test
BASIC5000_3178,data/jsut_ver1.1/basic5000/wav/BASIC5000_3178.wav,49,29,0,3.87,2,val
BASIC5000_3179,data/jsut_ver1.1/basic5000/wav/BASIC5000_3179.wav,145,92,7,11.33,4,train
BASIC5000_3180,data/jsut_ver1.1/basic5000/wav/BASIC5000_3180.wav,54,31,1,4.44,3,train
BASIC5000_3181,data/jsut_ver1.1/basic5000/wav/BASIC5000_3181.wav,90,54,1,6.95,4,train
BASIC5000_3182,data/jsut_ver1.1/basic5000/wav/BASIC5000_3182.wav,106,67,6,9.8,4,test
BASIC5000_3183,data/jsut_ver1.1/basic5000/wav/BASIC5000_3183.wav,114,64,2,8.75,4,train
BASIC5000_3184,data/jsut_ver1.1/basic5000/wav/BASIC5000_3184.wav,119,73,4,9.31,4,train
BASIC5000_3185,data/jsut_ver1.1/basic5000/wav/BASIC5000_3185.wav,118,68,3,8.61,4,train
BASIC5000_3186,data/jsut_ver1.1/basic5000/wav/BASIC5000_3186.wav,75,45,2,5.95,4,train
BASIC5000_3187,data/jsut_ver1.1/basic5000/wav/BASIC5000_3187.wav,62,35,1,4.61,3,train
BASIC5000_3188,data/jsut_ver1.1/basic5000/wav/BASIC5000_3188.wav,52,32,3,4.45,3,train
BASIC5000_3189,data/jsut_ver1.1/basic5000/wav/BASIC5000_3189.wav,109,65,4,9.21,4,test
BASIC5000_3190,data/jsut_ver1.1/basic5000/wav/BASIC5000_3190.wav,94,54,1,7.57,4,train
BASIC5000_3191,data/jsut_ver1.1/basic5000/wav/BASIC5000_3191.wav,123,74,6,8.77,4,train
BASIC5000_3192,data/jsut_ver1.1/basic5000/wav/BASIC5000_3192.wav,55,34,2,4.82,3,train
BASIC5000_3193,data/jsut_ver1.1/basic5000/wav/BASIC5000_3193.wav,72,44,3,5.85,4,train
BASIC5000_3194,data/jsut_ver1.1/basic5000/wav/BASIC5000_3194.wav,115,68,1,8.95,4,train
BASIC5000_3195,data/jsut_ver1.1/basic5000/wav/BASIC5000_3195.wav,106,66,4,8.67,4,train
BASIC5000_3196,data/jsut_ver1.1/basic5000/wav/BASIC5000_3196.wav,52,32,2,4.52,3,train
BASIC5000_3197,data/jsut_ver1.1/basic5000/wav/BASIC5000_3197.wav,85,51,3,7.639291666666667,4,train
BASIC5000_3198,data/jsut_ver1.1/basic5000/wav/BASIC5000_3198.wav,67,42,1,5.61,3,train
BASIC5000_3199,data/jsut_ver1.1/basic5000/wav/BASIC5000_3199.wav,78,47,5,5.77,4,test
BASIC5000_3200,data/jsut_ver1.1/basic5000/wav/BASIC5000_3200.wav,130,74,3,9.46,4,train
BASIC5000_3201,data/jsut_ver1.1/basic5000/wav/BASIC5000_3201.wav,121,71,3,10.459291666666667,4,train
BASIC5000_3202,data/jsut_ver1.1/basic5000/wav/BASIC5000_3202.wav,38,23,1,3.26,1,train
BASIC5000_3203,data/jsut_ver1.1/basic5000/wav/BASIC5000_3203.wav,90,57,4,7.45,4,train
BASIC5000_3204,data/jsut_ver1.1/basic5000/wav/BASIC5000_3204.wav,44,27,1,3.91,2,train
BASIC5000_3205,data/jsut_ver1.1/basic5000/wav/BASIC5000_3205.wav,69,44,2,6.08,3,train
BASIC5000_3206,data/jsut_ver1.1/basic5000/wav/BASIC5000_3206.wav,68,43,0,5.78,3,train
BASIC5000_3207,data/jsut_ver1.1/basic5000/wav/BASIC5000_3207.wav,108,69,4,8.92,4,train
BASIC5000_3208,data/jsut_ver1.1/basic5000/wav/BASIC5000_3208.wav,54,31,0,4.36,3,test
BASIC5000_3209,data/jsut_ver1.1/basic5000/wav/BASIC5000_3209.wav,107,62,0,9.05,4,train
BASIC5000_3210,data/jsut_ver1.1/basic5000/wav/BASIC5000_3210.wav,156,93,4,11.11,4,train
BASIC5000_3211,data/jsut_ver1.1/basic5000/wav/BASIC5000_3211.wav,92,54,2,7.2,4,train
BASIC5000_3212,data/jsut_ver1.1/basic5000/wav/BASIC5000_3212.wav,77,45,2,6.46,4,train
BASIC5000_3213,data/jsut_ver1.1/basic5000/wav/BASIC5000_3213.wav,86,53,2,7.01,4,train
BASIC5000_3214,data/jsut_ver1.1/basic5000/wav/BASIC5000_3214.wav,42,25,1,3.49,2,train
BASIC5000_3215,data/jsut_ver1.1/basic5000/wav/BASIC5000_3215.wav,96,61,2,8.03,4,train
BASIC5000_3216,data/jsut_ver1.1/basic5000/wav/BASIC5000_3216.wav,101,63,4,8.81,4,train
BASIC5000_3217,data/jsut_ver1.1/basic5000/wav/BASIC5000_3217.wav,98,63,6,7.71,4,train
BASIC5000_3218,data/jsut_ver1.1/basic5000/wav/BASIC5000_3218.wav,81,47,1,6.8,4,train
BASIC5000_3219,data/jsut_ver1.1/basic5000/wav/BASIC5000_3219.wav,99,56,3,7.48,4,train
BASIC5000_3220,data/jsut_ver1.1/basic5000/wav/BASIC5000_3220.wav,48,29,3,3.88,2,train
BASIC5000_3221,data/jsut_ver1.1/basic5000/wav/BASIC5000_3221.wav,68,42,4,5.43,3,val
BASIC5000_3222,data/jsut_ver1.1/basic5000/wav/BASIC5000_3222.wav,69,44,2,5.44,3,train
BASIC5000_3223,data/jsut_ver1.1/basic5000/wav/BASIC5000_3223.wav,98,60,4,7.6,4,val
BASIC5000_3224,data/jsut_ver1.1/basic5000/wav/BASIC5000_3224.wav,114,66,4,8.72,4,train
BASIC5000_3225,data/jsut_ver1.1/basic5000/wav/BASIC5000_3225.wav,152,88,3,11.94,4,train
BASIC5000_3226,data/jsut_ver1.1/basic5000/wav/BASIC5000_3226.wav,52,30,2,4.01,3,train
BASIC5000_3227,data/jsut_ver1.1/basic5000/wav/BASIC5000_3227.wav,118,68,1,9.899291666666667,4,train
BASIC5000_3228,data/jsut_ver1.1/basic5000/wav/BASIC5000_3228.wav,61,38,2,5.83,3,train
BASIC5000_3229,data/jsut_ver1.1/basic5000/wav/BASIC5000_3229.wav,125,73,2,9.6,4,train
BASIC5000_3230,data/jsut_ver1.1/basic5000/wav/BASIC5000_3230.wav,56,36,3,4.93,3,test
BASIC5000_3231,data/jsut_ver1.1/basic5000/wav/BASIC5000_3231.wav,56,35,3,5.289291666666666,3,train
BASIC5000_3232,data/jsut_ver1.1/basic5000/wav/BASIC5000_3232.wav,124,74,4,9.17,4,train
BASIC5000_3233,data/jsut_ver1.1/basic5000/wav/BASIC5000_3233.wav,111,65,2,9.579291666666666,4,test
BASIC5000_3234,data/jsut_ver1.1/basic5000/wav/BASIC5000_3234.wav,59,36,1,4.97,3,train
BASIC5000_3235,data/jsut_ver1.1/basic5000/wav/BASIC5000_3235.wav,49,28,1,3.92,2,train
BASIC5000_3236,data/jsut_ver1.1/basic5000/wav/BASIC5000_3236.wav,80,45,2,5.77,4,test
BASIC5000_3237,data/jsut_ver1.1/basic5000/wav/BASIC5000_3237.wav,151,93,7,11.06,4,train
BASIC5000_3238,data/jsut_ver1.1/basic5000/wav/BASIC5000_3238.wav,96,56,0,7.43,4,train
BASIC5000_3239,data/jsut_ver1.1/basic5000/wav/BASIC5000_3239.wav,69,42,4,5.2,3,train
BASIC5000_3240,data/jsut_ver1.1/basic5000/wav/BASIC5000_3240.wav,98,61,5,6.93,4,train
BASIC5000_3241,data/jsut_ver1.1/basic5000/wav/BASIC5000_3241.wav,58,34,0,4.55,3,train
BASIC5000_3242,data/jsut_ver1.1/basic5000/wav/BASIC5000_3242.wav,101,59,3,8.569291666666667,4,train
BASIC5000_3243,data/jsut_ver1.1/basic5000/wav/BASIC5000_3243.wav,54,36,4,4.48,3,train
BASIC5000_3244,data/jsut_ver1.1/basic5000/wav/BASIC5000_3244.wav,83,51,2,6.54,4,train
BASIC5000_3245,data/jsut_ver1.1/basic5000/wav/BASIC5000_3245.wav,40,24,1,3.54,2,train
BASIC5000_3246,data/jsut_ver1.1/basic5000/wav/BASIC5000_3246.wav,99,61,2,7.99,4,train
BASIC5000_3247,data/jsut_ver1.1/basic5000/wav/BASIC5000_3247.wav,157,93,5,12.53,4,train
BASIC5000_3248,data/jsut_ver1.1/basic5000/wav/BASIC5000_3248.wav,119,73,4,9.18,4,train
BASIC5000_3249,data/jsut_ver1.1/basic5000/wav/BASIC5000_3249.wav,103,61,1,7.72,4,train
BASIC5000_3250,data/jsut_ver1.1/basic5000/wav/BASIC5000_3250.wav,55,37,3,4.58,3,train
BASIC5000_3251,data/jsut_ver1.1/basic5000/wav/BASIC5000_3251.wav,50,32,2,4.24,3,train
BASIC5000_3252,data/jsut_ver1.1/basic5000/wav/BASIC5000_3252.wav,80,49,3,6.89,4,train
BASIC5000_3253,data/jsut_ver1.1/basic5000/wav/BASIC5000_3253.wav,68,40,0,5.26,3,train
BASIC5000_3254,data/jsut_ver1.1/basic5000/wav/BASIC5000_3254.wav,84,52,1,6.7,4,train
BASIC5000_3255,data/jsut_ver1.1/basic5000/wav/BASIC5000_3255.wav,70,41,2,5.57,4,test
BASIC5000_3256,data/jsut_ver1.1/basic5000/wav/BASIC5000_3256.wav,75,48,5,6.06,4,val
BASIC5000_3257,data/jsut_ver1.1/basic5000/wav/BASIC5000_3257.wav,42,25,0,3.85,2,train
BASIC5000_3258,data/jsut_ver1.1/basic5000/wav/BASIC5000_3258.wav,78,48,2,6.04,4,val
BASIC5000_3259,data/jsut_ver1.1/basic5000/wav/BASIC5000_3259.wav,110,71,5,8.62,4,train
BASIC5000_3260,data/jsut_ver1.1/basic5000/wav/BASIC5000_3260.wav,89,56,2,7.05,4,val
BASIC5000_3261,data/jsut_ver1.1/basic5000/wav/BASIC5000_3261.wav,61,41,4,4.81,3,train
BASIC5000_3262,data/jsut_ver1.1/basic5000/wav/BASIC5000_3262.wav,98,58,4,7.35,4,train
BASIC5000_3263,data/jsut_ver1.1/basic5000/wav/BASIC5000_3263.wav,94,55,3,7.18,4,train
BASIC5000_3264,data/jsut_ver1.1/basic5000/wav/BASIC5000_3264.wav,40,25,2,3.51,2,train
BASIC5000_3265,data/jsut_ver1.1/basic5000/wav/BASIC5000_3265.wav,101,58,2,7.87,4,train
BASIC5000_3266,data/jsut_ver1.1/basic5000/wav/BASIC5000_3266.wav,83,47,1,6.21,4,train
BASIC5000_3267,data/jsut_ver1.1/basic5000/wav/BASIC5000_3267.wav,144,87,3,11.22,4,train
BASIC5000_3268,data/jsut_ver1.1/basic5000/wav/BASIC5000_3268.wav,69,41,5,5.6,3,train
BASIC5000_3269,data/jsut_ver1.1/basic5000/wav/BASIC5000_3269.wav,87,55,2,7.24,4,train
BASIC5000_3270,data/jsut_ver1.1/basic5000/wav/BASIC5000_3270.wav,71,41,2,5.69,4,train
BASIC5000_3271,data/jsut_ver1.1/basic5000/wav/BASIC5000_3271.wav,58,35,1,4.87,3,train
BASIC5000_3272,data/jsut_ver1.1/basic5000/wav/BASIC5000_3272.wav,80,48,3,6.13,4,train
BASIC5000_3273,data/jsut_ver1.1/basic5000/wav/BASIC5000_3273.wav,129,84,10,10.5,4,train
BASIC5000_3274,data/jsut_ver1.1/basic5000/wav/BASIC5000_3274.wav,92,56,4,7.229291666666667,4,train
BASIC5000_3275,data/jsut_ver1.1/basic5000/wav/BASIC5000_3275.wav,123,77,4,9.28,4,train
BASIC5000_3276,data/jsut_ver1.1/basic5000/wav/BASIC5000_3276.wav,93,55,2,7.24,4,train
BASIC5000_3277,data/jsut_ver1.1/basic5000/wav/BASIC5000_3277.wav,67,40,1,5.33,3,train
BASIC5000_3278,data/jsut_ver1.1/basic5000/wav/BASIC5000_3278.wav,90,52,4,6.75,4,val
BASIC5000_3279,data/jsut_ver1.1/basic5000/wav/BASIC5000_3279.wav,72,44,2,5.81,4,val
BASIC5000_3280,data/jsut_ver1.1/basic5000/wav/BASIC5000_3280.wav,36,22,0,2.91,1,train
BASIC5000_3281,data/jsut_ver1.1/basic5000/wav/BASIC5000_3281.wav,67,40,3,5.34,3,val
BASIC5000_3282,data/jsut_ver1.1/basic5000/wav/BASIC5000_3282.wav,84,53,5,7.16,4,train
BASIC5000_3283,data/jsut_ver1.1/basic5000/wav/BASIC5000_3283.wav,108,64,5,7.9,4,train
BASIC5000_3284,data/jsut_ver1.1/basic5000/wav/BASIC5000_3284.wav,63,37,1,5.2,3,train
BASIC5000_3285,data/jsut_ver1.1/basic5000/wav/BASIC5000_3285.wav,67,39,1,6.07,3,train
BASIC5000_3286,data/jsut_ver1.1/basic5000/wav/BASIC5000_3286.wav,53,32,1,4.32,3,train
BASIC5000_3287,data/jsut_ver1.1/basic5000/wav/BASIC5000_3287.wav,80,47,1,6.52,4,train
BASIC5000_3288,data/jsut_ver1.1/basic5000/wav/BASIC5000_3288.wav,140,84,5,10.14,4,train
BASIC5000_3289,data/jsut_ver1.1/basic5000/wav/BASIC5000_3289.wav,38,21,0,3.39,1,train
BASIC5000_3290,data/jsut_ver1.1/basic5000/wav/BASIC5000_3290.wav,139,84,3,10.15,4,train
BASIC5000_3291,data/jsut_ver1.1/basic5000/wav/BASIC5000_3291.wav,40,22,1,3.24,2,train
BASIC5000_3292,data/jsut_ver1.1/basic5000/wav/BASIC5000_3292.wav,156,98,7,12.96,4,train
BASIC5000_3293,data/jsut_ver1.1/basic5000/wav/BASIC5000_3293.wav,120,69,1,9.31,4,train
BASIC5000_3294,data/jsut_ver1.1/basic5000/wav/BASIC5000_3294.wav,35,23,0,3.43,1,train
BASIC5000_3295,data/jsut_ver1.1/basic5000/wav/BASIC5000_3295.wav,89,53,4,6.87,4,train
BASIC5000_3296,data/jsut_ver1.1/basic5000/wav/BASIC5000_3296.wav,89,57,3,8.37,4,train
BASIC5000_3297,data/jsut_ver1.1/basic5000/wav/BASIC5000_3297.wav,64,39,4,4.92,3,train
BASIC5000_3298,data/jsut_ver1.1/basic5000/wav/BASIC5000_3298.wav,67,40,1,5.19,3,train
BASIC5000_3299,data/jsut_ver1.1/basic5000/wav/BASIC5000_3299.wav,54,30,1,4.12,3,train
BASIC5000_3300,data/jsut_ver1.1/basic5000/wav/BASIC5000_3300.wav,112,68,2,9.229291666666667,4,train
BASIC5000_3301,data/jsut_ver1.1/basic5000/wav/BASIC5000_3301.wav,73,47,3,5.92,4,train
BASIC5000_3302,data/jsut_ver1.1/basic5000/wav/BASIC5000_3302.wav,146,94,8,12.47,4,test
BASIC5000_3303,data/jsut_ver1.1/basic5000/wav/BASIC5000_3303.wav,48,30,3,4.39,2,train
BASIC5000_3304,data/jsut_ver1.1/basic5000/wav/BASIC5000_3304.wav,52,32,2,4.56,3,train
BASIC5000_3305,data/jsut_ver1.1/basic5000/wav/BASIC5000_3305.wav,83,49,0,6.62,4,train
BASIC5000_3306,data/jsut_ver1.1/basic5000/wav/BASIC5000_3306.wav,70,46,3,6.649291666666667,4,train
BASIC5000_3307,data/jsut_ver1.1/basic5000/wav/BASIC5000_3307.wav,93,60,2,8.31,4,val
BASIC5000_3308,data/jsut_ver1.1/basic5000/wav/BASIC5000_3308.wav,28,16,0,2.83,1,test
BASIC5000_3309,data/jsut_ver1.1/basic5000/wav/BASIC5000_3309.wav,101,62,5,7.69,4,train
BASIC5000_3310,data/jsut_ver1.1/basic5000/wav/BASIC5000_3310.wav,68,41,0,5.3,3,train
BASIC5000_3311,data/jsut_ver1.1/basic5000/wav/BASIC5000_3311.wav,57,33,1,4.43,3,train
BASIC5000_3312,data/jsut_ver1.1/basic5000/wav/BASIC5000_3312.wav,89,54,4,6.94,4,train
BASIC5000_3313,data/jsut_ver1.1/basic5000/wav/BASIC5000_3313.wav,141,83,6,10.2,4,train
BASIC5000_3314,data/jsut_ver1.1/basic5000/wav/BASIC5000_3314.wav,64,38,1,5.05,3,train
BASIC5000_3315,data/jsut_ver1.1/basic5000/wav/BASIC5000_3315.wav,107,63,2,10.86,4,train
BASIC5000_3316,data/jsut_ver1.1/basic5000/wav/BASIC5000_3316.wav,69,44,3,6.7,3,train
BASIC5000_3317,data/jsut_ver1.1/basic5000/wav/BASIC5000_3317.wav,130,78,5,11.59,4,train
BASIC5000_3318,data/jsut_ver1.1/basic5000/wav/BASIC5000_3318.wav,82,50,3,6.75,4,train
BASIC5000_3319,data/jsut_ver1.1/basic5000/wav/BASIC5000_3319.wav,149,88,3,11.23,4,test
BASIC5000_3320,data/jsut_ver1.1/basic5000/wav/BASIC5000_3320.wav,40,25,1,3.43,2,train
BASIC5000_3321,data/jsut_ver1.1/basic5000/wav/BASIC5000_3321.wav,61,35,1,4.62,3,train
BASIC5000_3322,data/jsut_ver1.1/basic5000/wav/BASIC5000_3322.wav,75,44,2,5.94,4,train
BASIC5000_3323,data/jsut_ver1.1/basic5000/wav/BASIC5000_3323.wav,77,46,4,6.18,4,train
BASIC5000_3324,data/jsut_ver1.1/basic5000/wav/BASIC5000_3324.wav,93,55,3,6.85,4,test
BASIC5000_3325,data/jsut_ver1.1/basic5000/wav/BASIC5000_3325.wav,125,76,4,9.38,4,train
BASIC5000_3326,data/jsut_ver1.1/basic5000/wav/BASIC5000_3326.wav,66,39,1,4.99,3,test
BASIC5000_3327,data/jsut_ver1.1/basic5000/wav/BASIC5000_3327.wav,40,23,0,3.29,2,train
BASIC5000_3328,data/jsut_ver1.1/basic5000/wav/BASIC5000_3328.wav,37,25,2,3.32,1,train
BASIC5000_3329,data/jsut_ver1.1/basic5000/wav/BASIC5000_3329.wav,48,28,2,3.84,2,train
BASIC5000_3330,data/jsut_ver1.1/basic5000/wav/BASIC5000_3330.wav,70,43,1,5.59,4,train
BASIC5000_3331,data/jsut_ver1.1/basic5000/wav/BASIC5000_3331.wav,104,62,5,7.8,4,train
BASIC5000_3332,data/jsut_ver1.1/basic5000/wav/BASIC5000_3332.wav,91,57,1,7.28,4,test
BASIC5000_3333,data/jsut_ver1.1/basic5000/wav/BASIC5000_3333.wav,73,44,3,5.72,4,train
BASIC5000_3334,data/jsut_ver1.1/basic5000/wav/BASIC5000_3334.wav,60,34,1,4.81,3,train
BASIC5000_3335,data/jsut_ver1.1/basic5000/wav/BASIC5000_3335.wav,127,74,3,8.9,4,train
BASIC5000_3336,data/jsut_ver1.1/basic5000/wav/BASIC5000_3336.wav,86,49,1,6.1,4,val
BASIC5000_3337,data/jsut_ver1.1/basic5000/wav/BASIC5000_3337.wav,87,54,5,6.54,4,train
BASIC5000_3338,data/jsut_ver1.1/basic5000/wav/BASIC5000_3338.wav,39,24,2,3.44,1,train
BASIC5000_3339,data/jsut_ver1.1/basic5000/wav/BASIC5000_3339.wav,76,46,1,6.04,4,train
BASIC5000_3340,data/jsut_ver1.1/basic5000/wav/BASIC5000_3340.wav,68,40,2,5.19,3,train
BASIC5000_3341,data/jsut_ver1.1/basic5000/wav/BASIC5000_3341.wav,104,62,3,7.57,4,val
BASIC5000_3342,data/jsut_ver1.1/basic5000/wav/BASIC5000_3342.wav,35,22,3,2.83,1,train
BASIC5000_3343,data/jsut_ver1.1/basic5000/wav/BASIC5000_3343.wav,68,40,2,5.3,3,train
BASIC5000_3344,data/jsut_ver1.1/basic5000/wav/BASIC5000_3344.wav,100,59,3,7.36,4,train
BASIC5000_3345,data/jsut_ver1.1/basic5000/wav/BASIC5000_3345.wav,148,92,8,10.81,4,train
BASIC5000_3346,data/jsut_ver1.1/basic5000/wav/BASIC5000_3346.wav,108,61,0,7.98,4,train
BASIC5000_3347,data/jsut_ver1.1/basic5000/wav/BASIC5000_3347.wav,118,70,2,9.44,4,train
BASIC5000_3348,data/jsut_ver1.1/basic5000/wav/BASIC5000_3348.wav,89,53,0,7.19,4,train
BASIC5000_3349,data/jsut_ver1.1/basic5000/wav/BASIC5000_3349.wav,80,48,4,7.35,4,val
BASIC5000_3350,data/jsut_ver1.1/basic5000/wav/BASIC5000_3350.wav,65,36,0,5.2,3,train
BASIC5000_3351,data/jsut_ver1.1/basic5000/wav/BASIC5000_3351.wav,140,83,4,10.76,4,train
BASIC5000_3352,data/jsut_ver1.1/basic5000/wav/BASIC5000_3352.wav,180,108,3,13.73,4,train
BASIC5000_3353,data/jsut_ver1.1/basic5000/wav/BASIC5000_3353.wav,164,99,6,12.13,4,train
BASIC5000_3354,data/jsut_ver1.1/basic5000/wav/BASIC5000_3354.wav,139,83,3,10.56,4,train
BASIC5000_3355,data/jsut_ver1.1/basic5000/wav/BASIC5000_3355.wav,46,26,0,4.16,2,train
BASIC5000_3356,data/jsut_ver1.1/basic5000/wav/BASIC5000_3356.wav,85,49,1,6.38,4,train
BASIC5000_3357,data/jsut_ver1.1/basic5000/wav/BASIC5000_3357.wav,143,84,3,11.069291666666667,4,train
BASIC5000_3358,data/jsut_ver1.1/basic5000/wav/BASIC5000_3358.wav,54,32,3,4.23,3,train
BASIC5000_3359,data/jsut_ver1.1/basic5000/wav/BASIC5000_3359.wav,47,29,2,3.94,2,train
BASIC5000_3360,data/jsut_ver1.1/basic5000/wav/BASIC5000_3360.wav,107,62,5,7.79,4,train
BASIC5000_3361,data/jsut_ver1.1/basic5000/wav/BASIC5000_3361.wav,88,57,3,8.369291666666667,4,train
BASIC5000_3362,data/jsut_ver1.1/basic5000/wav/BASIC5000_3362.wav,63,37,1,5.37,3,val
BASIC5000_3363,data/jsut_ver1.1/basic5000/wav/BASIC5000_3363.wav,36,20,0,3.34,1,train
BASIC5000_3364,data/jsut_ver1.1/basic5000/wav/BASIC5000_3364.wav,126,74,3,8.67,4,test
BASIC5000_3365,data/jsut_ver1.1/basic5000/wav/BASIC5000_3365.wav,72,44,4,5.55,4,train
BASIC5000_3366,data/jsut_ver1.1/basic5000/wav/BASIC5000_3366.wav,54,31,0,4.38,3,train
BASIC5000_3367,data/jsut_ver1.1/basic5000/wav/BASIC5000_3367.wav,124,77,3,9.6,4,train
BASIC5000_3368,data/jsut_ver1.1/basic5000/wav/BASIC5000_3368.wav,75,45,3,7.359291666666667,4,train
BASIC5000_3369,data/jsut_ver1.1/basic5000/wav/BASIC5000_3369.wav,89,55,3,7.02,4,val
BASIC5000_3370,data/jsut_ver1.1/basic5000/wav/BASIC5000_3370.wav,80,51,2,6.35,4,train
BASIC5000_3371,data/jsut_ver1.1/basic5000/wav/BASIC5000_3371.wav,113,67,5,8.17,4,test
BASIC5000_3372,data/jsut_ver1.1/basic5000/wav/BASIC5000_3372.wav,38,22,0,3.4,1,train
BASIC5000_3373,data/jsut_ver1.1/basic5000/wav/BASIC5000_3373.wav,99,60,5,8.24,4,val
BASIC5000_3374,data/jsut_ver1.1/basic5000/wav/BASIC5000_3374.wav,158,92,2,11.03,4,train
BASIC5000_3375,data/jsut_ver1.1/basic5000/wav/BASIC5000_3375.wav,91,55,2,7.05,4,train
BASIC5000_3376,data/jsut_ver1.1/basic5000/wav/BASIC5000_3376.wav,38,23,3,3.18,1,val
BASIC5000_3377,data/jsut_ver1.1/basic5000/wav/BASIC5000_3377.wav,90,52,1,6.78,4,train
BASIC5000_3378,data/jsut_ver1.1/basic5000/wav/BASIC5000_3378.wav,60,35,1,4.79,3,train
BASIC5000_3379,data/jsut_ver1.1/basic5000/wav/BASIC5000_3379.wav,60,34,1,5.15,3,test
BASIC5000_3380,data/jsut_ver1.1/basic5000/wav/BASIC5000_3380.wav,87,51,2,6.66,4,train
BASIC5000_3381,data/jsut_ver1.1/basic5000/wav/BASIC5000_3381.wav,158,91,0,11.34,4,train
BASIC5000_3382,data/jsut_ver1.1/basic5000/wav/BASIC5000_3382.wav,79,47,0,6.2,4,train
BASIC5000_3383,data/jsut_ver1.1/basic5000/wav/BASIC5000_3383.wav,140,87,9,10.23,4,train
BASIC5000_3384,data/jsut_ver1.1/basic5000/wav/BASIC5000_3384.wav,61,36,1,5.05,3,train
BASIC5000_3385,data/jsut_ver1.1/basic5000/wav/BASIC5000_3385.wav,80,50,3,6.35,4,train
BASIC5000_3386,data/jsut_ver1.1/basic5000/wav/BASIC5000_3386.wav,86,53,5,6.92,4,train
BASIC5000_3387,data/jsut_ver1.1/basic5000/wav/BASIC5000_3387.wav,105,61,2,8.33,4,test
BASIC5000_3388,data/jsut_ver1.1/basic5000/wav/BASIC5000_3388.wav,52,33,2,4.97,3,train
BASIC5000_3389,data/jsut_ver1.1/basic5000/wav/BASIC5000_3389.wav,92,58,5,8.86,4,val
BASIC5000_3390,data/jsut_ver1.1/basic5000/wav/BASIC5000_3390.wav,151,90,8,11.87,4,train
BASIC5000_3391,data/jsut_ver1.1/basic5000/wav/BASIC5000_3391.wav,162,99,5,12.35,4,train
BASIC5000_3392,data/jsut_ver1.1/basic5000/wav/BASIC5000_3392.wav,105,60,2,8.22,4,train
BASIC5000_3393,data/jsut_ver1.1/basic5000/wav/BASIC5000_3393.wav,40,24,1,3.47,2,train
BASIC5000_3394,data/jsut_ver1.1/basic5000/wav/BASIC5000_3394.wav,53,34,3,4.61,3,train
BASIC5000_3395,data/jsut_ver1.1/basic5000/wav/BASIC5000_3395.wav,78,45,1,5.88,4,val
BASIC5000_3396,data/jsut_ver1.1/basic5000/wav/BASIC5000_3396.wav,90,56,3,7.55,4,train
BASIC5000_3397,data/jsut_ver1.1/basic5000/wav/BASIC5000_3397.wav,39,23,0,3.45,1,test
BASIC5000_3398,data/jsut_ver1.1/basic5000/wav/BASIC5000_3398.wav,129,83,7,10.87,4,val
BASIC5000_3399,data/jsut_ver1.1/basic5000/wav/BASIC5000_3399.wav,85,53,2,8.059291666666667,4,test
BASIC5000_3400,data/jsut_ver1.1/basic5000/wav/BASIC5000_3400.wav,64,39,2,5.749291666666666,3,train
BASIC5000_3401,data/jsut_ver1.1/basic5000/wav/BASIC5000_3401.wav,108,65,2,10.309291666666667,4,train
BASIC5000_3402,data/jsut_ver1.1/basic5000/wav/BASIC5000_3402.wav,35,22,0,3.18,1,train
BASIC5000_3403,data/jsut_ver1.1/basic5000/wav/BASIC5000_3403.wav,56,37,5,4.73,3,train
BASIC5000_3404,data/jsut_ver1.1/basic5000/wav/BASIC5000_3404.wav,110,67,2,9.199291666666667,4,train
BASIC5000_3405,data/jsut_ver1.1/basic5000/wav/BASIC5000_3405.wav,65,40,2,5.4,3,test
BASIC5000_3406,data/jsut_ver1.1/basic5000/wav/BASIC5000_3406.wav,93,58,2,7.37,4,train
BASIC5000_3407,data/jsut_ver1.1/basic5000/wav/BASIC5000_3407.wav,42,26,2,4.0692916666666665,2,train
BASIC5000_3408,data/jsut_ver1.1/basic5000/wav/BASIC5000_3408.wav,57,32,0,4.8,3,train
BASIC5000_3409,data/jsut_ver1.1/basic5000/wav/BASIC5000_3409.wav,35,20,0,3.03,1,train
BASIC5000_3410,data/jsut_ver1.1/basic5000/wav/BASIC5000_3410.wav,124,77,5,10.089291666666666,4,train
BASIC5000_3411,data/jsut_ver1.1/basic5000/wav/BASIC5000_3411.wav,103,59,1,8.679291666666666,4,train
BASIC5000_3412,data/jsut_ver1.1/basic5000/wav/BASIC5000_3412.wav,43,26,2,4.929291666666667,2,train
BASIC5000_3413,data/jsut_ver1.1/basic5000/wav/BASIC5000_3413.wav,33,23,5,2.82,1,train
BASIC5000_3414,data/jsut_ver1.1/basic5000/wav/BASIC5000_3414.wav,113,63,2,8.12,4,train
BASIC5000_3415,data/jsut_ver1.1/basic5000/wav/BASIC5000_3415.wav,125,73,0,9.41,4,train
BASIC5000_3416,data/jsut_ver1.1/basic5000/wav/BASIC5000_3416.wav,115,66,1,8.79,4,test
BASIC5000_3417,data/jsut_ver1.1/basic5000/wav/BASIC5000_3417.wav,56,34,1,4.35,3,train
BASIC5000_3418,data/jsut_ver1.1/basic5000/wav/BASIC5000_3418.wav,64,38,1,5.03,3,train
BASIC5000_3419,data/jsut_ver1.1/basic5000/wav/BASIC5000_3419.wav,39,25,1,3.82,1,train
BASIC5000_3420,data/jsut_ver1.1/basic5000/wav/BASIC5000_3420.wav,81,45,0,6.15,4,test
BASIC5000_3421,data/jsut_ver1.1/basic5000/wav/BASIC5000_3421.wav,74,46,1,7.149291666666667,4,train
BASIC5000_3422,data/jsut_ver1.1/basic5000/wav/BASIC5000_3422.wav,85,53,6,6.71,4,train
BASIC5000_3423,data/jsut_ver1.1/basic5000/wav/BASIC5000_3423.wav,100,61,3,7.879291666666667,4,train
BASIC5000_3424,data/jsut_ver1.1/basic5000/wav/BASIC5000_3424.wav,32,19,1,2.9,1,train
BASIC5000_3425,data/jsut_ver1.1/basic5000/wav/BASIC5000_3425.wav,74,45,6,5.5,4,test
BASIC5000_3426,data/jsut_ver1.1/basic5000/wav/BASIC5000_3426.wav,58,36,1,4.77,3,val
BASIC5000_3427,data/jsut_ver1.1/basic5000/wav/BASIC5000_3427.wav,70,42,0,5.6,4,train
BASIC5000_3428,data/jsut_ver1.1/basic5000/wav/BASIC5000_3428.wav,66,42,0,8.009291666666666,3,test
BASIC5000_3429,data/jsut_ver1.1/basic5000/wav/BASIC5000_3429.wav,31,17,0,3.5392916666666667,1,val
BASIC5000_3430,data/jsut_ver1.1/basic5000/wav/BASIC5000_3430.wav,40,23,2,3.29,2,train
BASIC5000_3431,data/jsut_ver1.1/basic5000/wav/BASIC5000_3431.wav,126,77,3,10.779291666666667,4,train
BASIC5000_3432,data/jsut_ver1.1/basic5000/wav/BASIC5000_3432.wav,77,49,6,5.93,4,train
BASIC5000_3433,data/jsut_ver1.1/basic5000/wav/BASIC5000_3433.wav,37,24,1,3.36,1,train
BASIC5000_3434,data/jsut_ver1.1/basic5000/wav/BASIC5000_3434.wav,108,69,5,8.83,4,train
BASIC5000_3435,data/jsut_ver1.1/basic5000/wav/BASIC5000_3435.wav,94,57,4,6.98,4,train
BASIC5000_3436,data/jsut_ver1.1/basic5000/wav/BASIC5000_3436.wav,71,43,1,5.32,4,train
BASIC5000_3437,data/jsut_ver1.1/basic5000/wav/BASIC5000_3437.wav,60,38,0,5.65,3,train
BASIC5000_3438,data/jsut_ver1.1/basic5000/wav/BASIC5000_3438.wav,85,50,3,6.47,4,train
BASIC5000_3439,data/jsut_ver1.1/basic5000/wav/BASIC5000_3439.wav,49,31,3,4.06,2,train
BASIC5000_3440,data/jsut_ver1.1/basic5000/wav/BASIC5000_3440.wav,61,37,0,5.689291666666667,3,train
BASIC5000_3441,data/jsut_ver1.1/basic5000/wav/BASIC5000_3441.wav,108,71,5,8.98,4,train
BASIC5000_3442,data/jsut_ver1.1/basic5000/wav/BASIC5000_3442.wav,79,48,1,6.27,4,train
BASIC5000_3443,data/jsut_ver1.1/basic5000/wav/BASIC5000_3443.wav,75,43,0,5.8,4,train
BASIC5000_3444,data/jsut_ver1.1/basic5000/wav/BASIC5000_3444.wav,91,53,1,8.149291666666667,4,val
BASIC5000_3445,data/jsut_ver1.1/basic5000/wav/BASIC5000_3445.wav,119,70,0,10.18,4,val
BASIC5000_3446,data/jsut_ver1.1/basic5000/wav/BASIC5000_3446.wav,37,25,2,3.46,1,train
BASIC5000_3447,data/jsut_ver1.1/basic5000/wav/BASIC5000_3447.wav,143,84,1,10.9,4,train
BASIC5000_3448,data/jsut_ver1.1/basic5000/wav/BASIC5000_3448.wav,118,66,0,9.01,4,train
BASIC5000_3449,data/jsut_ver1.1/basic5000/wav/BASIC5000_3449.wav,72,46,5,6.589291666666667,4,train
BASIC5000_3450,data/jsut_ver1.1/basic5000/wav/BASIC5000_3450.wav,25,15,1,2.26,1,train
BASIC5000_3451,data/jsut_ver1.1/basic5000/wav/BASIC5000_3451.wav,83,49,0,6.96,4,val
BASIC5000_3452,data/jsut_ver1.1/basic5000/wav/BASIC5000_3452.wav,73,42,1,5.47,4,train
BASIC5000_3453,data/jsut_ver1.1/basic5000/wav/BASIC5000_3453.wav,94,56,5,7.709291666666667,4,train
BASIC5000_3454,data/jsut_ver1.1/basic5000/wav/BASIC5000_3454.wav,89,54,3,7.0,4,train
BASIC5000_3455,data/jsut_ver1.1/basic5000/wav/BASIC5000_3455.wav,104,62,2,9.699291666666667,4,train
BASIC5000_3456,data/jsut_ver1.1/basic5000/wav/BASIC5000_3456.wav,92,56,3,7.16,4,train
BASIC5000_3457,data/jsut_ver1.1/basic5000/wav/BASIC5000_3457.wav,127,75,6,9.829291666666666,4,train
BASIC5000_3458,data/jsut_ver1.1/basic5000/wav/BASIC5000_3458.wav,85,50,3,6.61,4,train
BASIC5000_3459,data/jsut_ver1.1/basic5000/wav/BASIC5000_3459.wav,62,34,1,5.419291666666667,3,train
BASIC5000_3460,data/jsut_ver1.1/basic5000/wav/BASIC5000_3460.wav,44,28,2,4.3192916666666665,2,train
BASIC5000_3461,data/jsut_ver1.1/basic5000/wav/BASIC5000_3461.wav,127,77,3,9.54,4,train
BASIC5000_3462,data/jsut_ver1.1/basic5000/wav/BASIC5000_3462.wav,58,36,1,5.439291666666667,3,train
BASIC5000_3463,data/jsut_ver1.1/basic5000/wav/BASIC5000_3463.wav,55,36,2,6.41,3,train
BASIC5000_3464,data/jsut_ver1.1/basic5000/wav/BASIC5000_3464.wav,163,99,4,13.01,4,train
BASIC5000_3465,data/jsut_ver1.1/basic5000/wav/BASIC5000_3465.wav,54,34,2,4.59,3,train
BASIC5000_3466,data/jsut_ver1.1/basic5000/wav/BASIC5000_3466.wav,43,25,1,3.45,2,train
BASIC5000_3467,data/jsut_ver1.1/basic5000/wav/BASIC5000_3467.wav,85,53,1,7.199291666666666,4,train
BASIC5000_3468,data/jsut_ver1.1/basic5000/wav/BASIC5000_3468.wav,60,37,3,5.329291666666666,3,train
BASIC5000_3469,data/jsut_ver1.1/basic5000/wav/BASIC5000_3469.wav,83,48,1,6.54,4,val
BASIC5000_3470,data/jsut_ver1.1/basic5000/wav/BASIC5000_3470.wav,40,22,1,3.32,2,train
BASIC5000_3471,data/jsut_ver1.1/basic5000/wav/BASIC5000_3471.wav,55,36,5,4.82,3,train
BASIC5000_3472,data/jsut_ver1.1/basic5000/wav/BASIC5000_3472.wav,41,24,0,3.48,2,train
BASIC5000_3473,data/jsut_ver1.1/basic5000/wav/BASIC5000_3473.wav,49,29,3,4.1,2,train
BASIC5000_3474,data/jsut_ver1.1/basic5000/wav/BASIC5000_3474.wav,55,34,2,5.199291666666666,3,train
BASIC5000_3475,data/jsut_ver1.1/basic5000/wav/BASIC5000_3475.wav,159,96,5,10.92,4,val
BASIC5000_3476,data/jsut_ver1.1/basic5000/wav/BASIC5000_3476.wav,124,78,6,9.55,4,train
BASIC5000_3477,data/jsut_ver1.1/basic5000/wav/BASIC5000_3477.wav,137,82,3,11.85,4,train
BASIC5000_3478,data/jsut_ver1.1/basic5000/wav/BASIC5000_3478.wav,72,42,1,5.42,4,train
BASIC5000_3479,data/jsut_ver1.1/basic5000/wav/BASIC5000_3479.wav,47,31,1,4.58,2,train
BASIC5000_3480,data/jsut_ver1.1/basic5000/wav/BASIC5000_3480.wav,149,93,11,11.48,4,train
BASIC5000_3481,data/jsut_ver1.1/basic5000/wav/BASIC5000_3481.wav,181,108,9,13.909291666666666,4,train
BASIC5000_3482,data/jsut_ver1.1/basic5000/wav/BASIC5000_3482.wav,89,54,2,7.37,4,train
BASIC5000_3483,data/jsut_ver1.1/basic5000/wav/BASIC5000_3483.wav,35,22,1,4.359291666666667,1,train
BASIC5000_3484,data/jsut_ver1.1/basic5000/wav/BASIC5000_3484.wav,98,58,3,7.66,4,train
BASIC5000_3485,data/jsut_ver1.1/basic5000/wav/BASIC5000_3485.wav,100,62,3,7.81,4,train
BASIC5000_3486,data/jsut_ver1.1/basic5000/wav/BASIC5000_3486.wav,35,19,0,2.93,1,test
BASIC5000_3487,data/jsut_ver1.1/basic5000/wav/BASIC5000_3487.wav,60,33,1,4.77,3,train
BASIC5000_3488,data/jsut_ver1.1/basic5000/wav/BASIC5000_3488.wav,137,80,3,10.41,4,val
BASIC5000_3489,data/jsut_ver1.1/basic5000/wav/BASIC5000_3489.wav,65,41,4,7.809291666666667,3,val
BASIC5000_3490,data/jsut_ver1.1/basic5000/wav/BASIC5000_3490.wav,58,32,0,4.43,3,train
BASIC5000_3491,data/jsut_ver1.1/basic5000/wav/BASIC5000_3491.wav,92,59,5,8.549291666666667,4,train
BASIC5000_3492,data/jsut_ver1.1/basic5000/wav/BASIC5000_3492.wav,120,76,4,9.629291666666667,4,train
BASIC5000_3493,data/jsut_ver1.1/basic5000/wav/BASIC5000_3493.wav,46,29,0,4.999291666666666,2,train
BASIC5000_3494,data/jsut_ver1.1/basic5000/wav/BASIC5000_3494.wav,106,60,2,8.02,4,train
BASIC5000_3495,data/jsut_ver1.1/basic5000/wav/BASIC5000_3495.wav,84,47,0,6.98,4,train
BASIC5000_3496,data/jsut_ver1.1/basic5000/wav/BASIC5000_3496.wav,142,88,4,11.57,4,train
BASIC5000_3497,data/jsut_ver1.1/basic5000/wav/BASIC5000_3497.wav,149,93,2,11.66,4,val
BASIC5000_3498,data/jsut_ver1.1/basic5000/wav/BASIC5000_3498.wav,149,95,5,13.05,4,test
BASIC5000_3499,data/jsut_ver1.1/basic5000/wav/BASIC5000_3499.wav,118,70,3,9.529291666666667,4,train
BASIC5000_3500,data/jsut_ver1.1/basic5000/wav/BASIC5000_3500.wav,59,35,0,5.859291666666667,3,train
BASIC5000_3501,data/jsut_ver1.1/basic5000/wav/BASIC5000_3501.wav,46,29,2,3.84,2,train
BASIC5000_3502,data/jsut_ver1.1/basic5000/wav/BASIC5000_3502.wav,107,62,2,8.979291666666667,4,train
BASIC5000_3503,data/jsut_ver1.1/basic5000/wav/BASIC5000_3503.wav,57,33,2,5.109291666666667,3,train
BASIC5000_3504,data/jsut_ver1.1/basic5000/wav/BASIC5000_3504.wav,66,42,4,5.09,3,train
BASIC5000_3505,data/jsut_ver1.1/basic5000/wav/BASIC5000_3505.wav,90,55,4,7.979291666666667,4,train
BASIC5000_3506,data/jsut_ver1.1/basic5000/wav/BASIC5000_3506.wav,108,65,5,8.769291666666666,4,train
BASIC5000_3507,data/jsut_ver1.1/basic5000/wav/BASIC5000_3507.wav,140,83,5,10.49,4,train
BASIC5000_3508,data/jsut_ver1.1/basic5000/wav/BASIC5000_3508.wav,34,23,2,3.16,1,train
BASIC5000_3509,data/jsut_ver1.1/basic5000/wav/BASIC5000_3509.wav,163,92,2,12.089291666666666,4,train
BASIC5000_3510,data/jsut_ver1.1/basic5000/wav/BASIC5000_3510.wav,106,66,1,9.0,4,val
BASIC5000_3511,data/jsut_ver1.1/basic5000/wav/BASIC5000_3511.wav,67,41,1,5.56,3,train
BASIC5000_3512,data/jsut_ver1.1/basic5000/wav/BASIC5000_3512.wav,67,45,3,6.2,3,train
BASIC5000_3513,data/jsut_ver1.1/basic5000/wav/BASIC5000_3513.wav,119,76,9,8.97,4,test
BASIC5000_3514,data/jsut_ver1.1/basic5000/wav/BASIC5000_3514.wav,98,62,3,8.72,4,train
BASIC5000_3515,data/jsut_ver1.1/basic5000/wav/BASIC5000_3515.wav,135,79,3,10.21,4,val
BASIC5000_3516,data/jsut_ver1.1/basic5000/wav/BASIC5000_3516.wav,133,81,5,10.15,4,train
BASIC5000_3517,data/jsut_ver1.1/basic5000/wav/BASIC5000_3517.wav,58,37,2,4.57,3,train
BASIC5000_3518,data/jsut_ver1.1/basic5000/wav/BASIC5000_3518.wav,42,29,2,3.84,2,train
BASIC5000_3519,data/jsut_ver1.1/basic5000/wav/BASIC5000_3519.wav,175,107,6,14.06,4,train
BASIC5000_3520,data/jsut_ver1.1/basic5000/wav/BASIC5000_3520.wav,54,34,2,4.75,3,train
BASIC5000_3521,data/jsut_ver1.1/basic5000/wav/BASIC5000_3521.wav,72,45,3,5.49,4,test
BASIC5000_3522,data/jsut_ver1.1/basic5000/wav/BASIC5000_3522.wav,62,37,3,4.91,3,train
BASIC5000_3523,data/jsut_ver1.1/basic5000/wav/BASIC5000_3523.wav,110,67,4,9.25,4,train
BASIC5000_3524,data/jsut_ver1.1/basic5000/wav/BASIC5000_3524.wav,134,79,5,9.88,4,train
BASIC5000_3525,data/jsut_ver1.1/basic5000/wav/BASIC5000_3525.wav,79,45,1,6.53,4,train
BASIC5000_3526,data/jsut_ver1.1/basic5000/wav/BASIC5000_3526.wav,38,24,2,3.31,1,train
BASIC5000_3527,data/jsut_ver1.1/basic5000/wav/BASIC5000_3527.wav,136,77,1,9.61,4,train
BASIC5000_3528,data/jsut_ver1.1/basic5000/wav/BASIC5000_3528.wav,68,39,1,5.18,3,train
BASIC5000_3529,data/jsut_ver1.1/basic5000/wav/BASIC5000_3529.wav,52,31,1,4.26,3,train
BASIC5000_3530,data/jsut_ver1.1/basic5000/wav/BASIC5000_3530.wav,153,92,5,11.06,4,train
BASIC5000_3531,data/jsut_ver1.1/basic5000/wav/BASIC5000_3531.wav,52,31,2,4.14,3,train
BASIC5000_3532,data/jsut_ver1.1/basic5000/wav/BASIC5000_3532.wav,50,32,3,3.94,3,train
BASIC5000_3533,data/jsut_ver1.1/basic5000/wav/BASIC5000_3533.wav,61,37,1,4.88,3,train
BASIC5000_3534,data/jsut_ver1.1/basic5000/wav/BASIC5000_3534.wav,92,58,3,7.12,4,train
BASIC5000_3535,data/jsut_ver1.1/basic5000/wav/BASIC5000_3535.wav,78,46,3,5.75,4,train
BASIC5000_3536,data/jsut_ver1.1/basic5000/wav/BASIC5000_3536.wav,112,67,3,9.369291666666667,4,train
BASIC5000_3537,data/jsut_ver1.1/basic5000/wav/BASIC5000_3537.wav,76,46,3,5.43,4,train
BASIC5000_3538,data/jsut_ver1.1/basic5000/wav/BASIC5000_3538.wav,37,20,0,2.96,1,test
BASIC5000_3539,data/jsut_ver1.1/basic5000/wav/BASIC5000_3539.wav,112,70,4,9.11,4,train
BASIC5000_3540,data/jsut_ver1.1/basic5000/wav/BASIC5000_3540.wav,123,78,3,9.63,4,train
BASIC5000_3541,data/jsut_ver1.1/basic5000/wav/BASIC5000_3541.wav,125,79,8,11.7,4,train
BASIC5000_3542,data/jsut_ver1.1/basic5000/wav/BASIC5000_3542.wav,157,99,9,12.909291666666666,4,train
BASIC5000_3543,data/jsut_ver1.1/basic5000/wav/BASIC5000_3543.wav,114,74,9,8.48,4,val
BASIC5000_3544,data/jsut_ver1.1/basic5000/wav/BASIC5000_3544.wav,51,31,1,4.96,3,val
BASIC5000_3545,data/jsut_ver1.1/basic5000/wav/BASIC5000_3545.wav,29,18,1,2.61,1,test
BASIC5000_3546,data/jsut_ver1.1/basic5000/wav/BASIC5000_3546.wav,62,40,4,4.78,3,train
BASIC5000_3547,data/jsut_ver1.1/basic5000/wav/BASIC5000_3547.wav,73,42,2,5.49,4,val
BASIC5000_3548,data/jsut_ver1.1/basic5000/wav/BASIC5000_3548.wav,84,52,6,6.11,4,val
BASIC5000_3549,data/jsut_ver1.1/basic5000/wav/BASIC5000_3549.wav,66,42,3,5.19,3,train
BASIC5000_3550,data/jsut_ver1.1/basic5000/wav/BASIC5000_3550.wav,80,47,2,5.7,4,train
BASIC5000_3551,data/jsut_ver1.1/basic5000/wav/BASIC5000_3551.wav,59,37,2,5.2,3,test
BASIC5000_3552,data/jsut_ver1.1/basic5000/wav/BASIC5000_3552.wav,114,70,4,9.27,4,train
BASIC5000_3553,data/jsut_ver1.1/basic5000/wav/BASIC5000_3553.wav,86,55,3,6.93,4,train
BASIC5000_3554,data/jsut_ver1.1/basic5000/wav/BASIC5000_3554.wav,81,51,2,7.89,4,train
BASIC5000_3555,data/jsut_ver1.1/basic5000/wav/BASIC5000_3555.wav,62,37,2,5.04,3,train
BASIC5000_3556,data/jsut_ver1.1/basic5000/wav/BASIC5000_3556.wav,39,27,4,3.22,1,train
BASIC5000_3557,data/jsut_ver1.1/basic5000/wav/BASIC5000_3557.wav,111,64,4,8.46,4,train
BASIC5000_3558,data/jsut_ver1.1/basic5000/wav/BASIC5000_3558.wav,129,81,4,10.0,4,test
BASIC5000_3559,data/jsut_ver1.1/basic5000/wav/BASIC5000_3559.wav,62,36,1,5.2,3,train
BASIC5000_3560,data/jsut_ver1.1/basic5000/wav/BASIC5000_3560.wav,62,37,1,5.12,3,train
BASIC5000_3561,data/jsut_ver1.1/basic5000/wav/BASIC5000_3561.wav,162,95,3,11.9,4,train
BASIC5000_3562,data/jsut_ver1.1/basic5000/wav/BASIC5000_3562.wav,88,54,3,6.89,4,train
BASIC5000_3563,data/jsut_ver1.1/basic5000/wav/BASIC5000_3563.wav,84,55,6,6.34,4,train
BASIC5000_3564,data/jsut_ver1.1/basic5000/wav/BASIC5000_3564.wav,97,60,5,7.29,4,train
BASIC5000_3565,data/jsut_ver1.1/basic5000/wav/BASIC5000_3565.wav,63,35,0,5.66,3,test
BASIC5000_3566,data/jsut_ver1.1/basic5000/wav/BASIC5000_3566.wav,109,65,5,7.91,4,val
BASIC5000_3567,data/jsut_ver1.1/basic5000/wav/BASIC5000_3567.wav,97,59,2,7.64,4,train
BASIC5000_3568,data/jsut_ver1.1/basic5000/wav/BASIC5000_3568.wav,81,50,5,6.81,4,train
BASIC5000_3569,data/jsut_ver1.1/basic5000/wav/BASIC5000_3569.wav,143,87,2,11.04,4,train
BASIC5000_3570,data/jsut_ver1.1/basic5000/wav/BASIC5000_3570.wav,64,42,5,5.27,3,val
BASIC5000_3571,data/jsut_ver1.1/basic5000/wav/BASIC5000_3571.wav,111,67,7,8.38,4,train
BASIC5000_3572,data/jsut_ver1.1/basic5000/wav/BASIC5000_3572.wav,52,31,2,4.65,3,train
BASIC5000_3573,data/jsut_ver1.1/basic5000/wav/BASIC5000_3573.wav,106,62,3,8.05,4,val
BASIC5000_3574,data/jsut_ver1.1/basic5000/wav/BASIC5000_3574.wav,69,43,4,5.47,3,test
BASIC5000_3575,data/jsut_ver1.1/basic5000/wav/BASIC5000_3575.wav,140,85,3,10.55,4,train
BASIC5000_3576,data/jsut_ver1.1/basic5000/wav/BASIC5000_3576.wav,60,36,1,5.04,3,train
BASIC5000_3577,data/jsut_ver1.1/basic5000/wav/BASIC5000_3577.wav,63,37,1,4.49,3,train
BASIC5000_3578,data/jsut_ver1.1/basic5000/wav/BASIC5000_3578.wav,129,80,6,9.88,4,train
BASIC5000_3579,data/jsut_ver1.1/basic5000/wav/BASIC5000_3579.wav,35,21,1,2.89,1,train
BASIC5000_3580,data/jsut_ver1.1/basic5000/wav/BASIC5000_3580.wav,37,24,2,3.05,1,train
BASIC5000_3581,data/jsut_ver1.1/basic5000/wav/BASIC5000_3581.wav,172,107,11,12.85,4,val
BASIC5000_3582,data/jsut_ver1.1/basic5000/wav/BASIC5000_3582.wav,118,71,5,8.58,4,train
BASIC5000_3583,data/jsut_ver1.1/basic5000/wav/BASIC5000_3583.wav,81,48,1,6.62,4,train
BASIC5000_3584,data/jsut_ver1.1/basic5000/wav/BASIC5000_3584.wav,65,41,1,4.95,3,test
BASIC5000_3585,data/jsut_ver1.1/basic5000/wav/BASIC5000_3585.wav,149,89,2,11.389291666666667,4,train
BASIC5000_3586,data/jsut_ver1.1/basic5000/wav/BASIC5000_3586.wav,109,65,1,7.97,4,val
BASIC5000_3587,data/jsut_ver1.1/basic5000/wav/BASIC5000_3587.wav,115,67,3,8.17,4,train
BASIC5000_3588,data/jsut_ver1.1/basic5000/wav/BASIC5000_3588.wav,57,36,3,4.77,3,train
BASIC5000_3589,data/jsut_ver1.1/basic5000/wav/BASIC5000_3589.wav,38,21,0,3.31,1,val
BASIC5000_3590,data/jsut_ver1.1/basic5000/wav/BASIC5000_3590.wav,36,21,0,3.32,1,train
BASIC5000_3591,data/jsut_ver1.1/basic5000/wav/BASIC5000_3591.wav,118,72,3,9.05,4,train
BASIC5000_3592,data/jsut_ver1.1/basic5000/wav/BASIC5000_3592.wav,79,49,4,6.09,4,train
BASIC5000_3593,data/jsut_ver1.1/basic5000/wav/BASIC5000_3593.wav,107,65,3,9.0,4,train
BASIC5000_3594,data/jsut_ver1.1/basic5000/wav/BASIC5000_3594.wav,93,60,5,7.33,4,train
BASIC5000_3595,data/jsut_ver1.1/basic5000/wav/BASIC5000_3595.wav,125,75,0,9.74,4,train
BASIC5000_3596,data/jsut_ver1.1/basic5000/wav/BASIC5000_3596.wav,100,58,2,7.32,4,train
BASIC5000_3597,data/jsut_ver1.1/basic5000/wav/BASIC5000_3597.wav,51,29,0,4.28,3,train
BASIC5000_3598,data/jsut_ver1.1/basic5000/wav/BASIC5000_3598.wav,110,70,7,8.34,4,test
BASIC5000_3599,data/jsut_ver1.1/basic5000/wav/BASIC5000_3599.wav,118,69,4,8.88,4,train
BASIC5000_3600,data/jsut_ver1.1/basic5000/wav/BASIC5000_3600.wav,77,44,2,5.73,4,val
BASIC5000_3601,data/jsut_ver1.1/basic5000/wav/BASIC5000_3601.wav,86,52,1,6.68,4,train
BASIC5000_3602,data/jsut_ver1.1/basic5000/wav/BASIC5000_3602.wav,107,67,5,8.769291666666666,4,train
BASIC5000_3603,data/jsut_ver1.1/basic5000/wav/BASIC5000_3603.wav,89,52,2,7.919291666666667,4,train
BASIC5000_3604,data/jsut_ver1.1/basic5000/wav/BASIC5000_3604.wav,133,80,4,11.87,4,val
BASIC5000_3605,data/jsut_ver1.1/basic5000/wav/BASIC5000_3605.wav,120,69,4,8.8,4,val
BASIC5000_3606,data/jsut_ver1.1/basic5000/wav/BASIC5000_3606.wav,77,47,4,6.28,4,train
BASIC5000_3607,data/jsut_ver1.1/basic5000/wav/BASIC5000_3607.wav,79,46,3,6.18,4,train
BASIC5000_3608,data/jsut_ver1.1/basic5000/wav/BASIC5000_3608.wav,85,49,1,7.299291666666667,4,train
BASIC5000_3609,data/jsut_ver1.1/basic5000/wav/BASIC5000_3609.wav,95,54,1,7.969291666666667,4,train
BASIC5000_3610,data/jsut_ver1.1/basic5000/wav/BASIC5000_3610.wav,34,22,1,3.22,1,train
BASIC5000_3611,data/jsut_ver1.1/basic5000/wav/BASIC5000_3611.wav,74,42,1,5.67,4,train
BASIC5000_3612,data/jsut_ver1.1/basic5000/wav/BASIC5000_3612.wav,34,21,2,3.12,1,train
BASIC5000_3613,data/jsut_ver1.1/basic5000/wav/BASIC5000_3613.wav,83,49,1,6.53,4,train
BASIC5000_3614,data/jsut_ver1.1/basic5000/wav/BASIC5000_3614.wav,58,37,3,5.1,3,val
BASIC5000_3615,data/jsut_ver1.1/basic5000/wav/BASIC5000_3615.wav,149,89,5,10.84,4,train
BASIC5000_3616,data/jsut_ver1.1/basic5000/wav/BASIC5000_3616.wav,99,56,1,8.169291666666666,4,test
BASIC5000_3617,data/jsut_ver1.1/basic5000/wav/BASIC5000_3617.wav,73,44,3,5.61,4,val
BASIC5000_3618,data/jsut_ver1.1/basic5000/wav/BASIC5000_3618.wav,73,45,3,5.44,4,train
BASIC5000_3619,data/jsut_ver1.1/basic5000/wav/BASIC5000_3619.wav,105,65,5,8.22,4,train
BASIC5000_3620,data/jsut_ver1.1/basic5000/wav/BASIC5000_3620.wav,55,33,2,4.36,3,train
BASIC5000_3621,data/jsut_ver1.1/basic5000/wav/BASIC5000_3621.wav,57,34,2,4.7,3,train
BASIC5000_3622,data/jsut_ver1.1/basic5000/wav/BASIC5000_3622.wav,82,49,2,6.28,4,train
BASIC5000_3623,data/jsut_ver1.1/basic5000/wav/BASIC5000_3623.wav,146,93,4,10.86,4,train
BASIC5000_3624,data/jsut_ver1.1/basic5000/wav/BASIC5000_3624.wav,100,58,0,7.75,4,train
BASIC5000_3625,data/jsut_ver1.1/basic5000/wav/BASIC5000_3625.wav,35,21,0,3.19,1,train
BASIC5000_3626,data/jsut_ver1.1/basic5000/wav/BASIC5000_3626.wav,99,61,2,7.78,4,train
BASIC5000_3627,data/jsut_ver1.1/basic5000/wav/BASIC5000_3627.wav,92,58,2,7.19,4,train
BASIC5000_3628,data/jsut_ver1.1/basic5000/wav/BASIC5000_3628.wav,50,30,1,4.09,3,train
BASIC5000_3629,data/jsut_ver1.1/basic5000/wav/BASIC5000_3629.wav,82,47,2,6.09,4,train
BASIC5000_3630,data/jsut_ver1.1/basic5000/wav/BASIC5000_3630.wav,102,60,2,7.83,4,train
BASIC5000_3631,data/jsut_ver1.1/basic5000/wav/BASIC5000_3631.wav,105,58,1,8.34,4,train
BASIC5000_3632,data/jsut_ver1.1/basic5000/wav/BASIC5000_3632.wav,153,99,4,12.47,4,train
BASIC5000_3633,data/jsut_ver1.1/basic5000/wav/BASIC5000_3633.wav,55,32,2,4.38,3,train
BASIC5000_3634,data/jsut_ver1.1/basic5000/wav/BASIC5000_3634.wav,161,95,3,12.27,4,train
BASIC5000_3635,data/jsut_ver1.1/basic5000/wav/BASIC5000_3635.wav,75,48,5,5.77,4,train
BASIC5000_3636,data/jsut_ver1.1/basic5000/wav/BASIC5000_3636.wav,87,51,2,6.71,4,train
BASIC5000_3637,data/jsut_ver1.1/basic5000/wav/BASIC5000_3637.wav,159,99,5,12.31,4,train
BASIC5000_3638,data/jsut_ver1.1/basic5000/wav/BASIC5000_3638.wav,104,65,7,7.82,4,train
BASIC5000_3639,data/jsut_ver1.1/basic5000/wav/BASIC5000_3639.wav,59,39,4,5.48,3,train
BASIC5000_3640,data/jsut_ver1.1/basic5000/wav/BASIC5000_3640.wav,62,38,3,5.0,3,train
BASIC5000_3641,data/jsut_ver1.1/basic5000/wav/BASIC5000_3641.wav,109,66,5,8.4,4,train
BASIC5000_3642,data/jsut_ver1.1/basic5000/wav/BASIC5000_3642.wav,91,56,4,8.21,4,train
BASIC5000_3643,data/jsut_ver1.1/basic5000/wav/BASIC5000_3643.wav,112,67,4,7.85,4,train
BASIC5000_3644,data/jsut_ver1.1/basic5000/wav/BASIC5000_3644.wav,63,37,1,5.06,3,train
BASIC5000_3645,data/jsut_ver1.1/basic5000/wav/BASIC5000_3645.wav,83,49,3,6.17,4,train
BASIC5000_3646,data/jsut_ver1.1/basic5000/wav/BASIC5000_3646.wav,76,42,0,5.92,4,train
BASIC5000_3647,data/jsut_ver1.1/basic5000/wav/BASIC5000_3647.wav,108,65,3,8.05,4,val
BASIC5000_3648,data/jsut_ver1.1/basic5000/wav/BASIC5000_3648.wav,76,50,5,6.32,4,train
BASIC5000_3649,data/jsut_ver1.1/basic5000/wav/BASIC5000_3649.wav,80,47,1,6.29,4,train
BASIC5000_3650,data/jsut_ver1.1/basic5000/wav/BASIC5000_3650.wav,135,84,6,9.98,4,train
BASIC5000_3651,data/jsut_ver1.1/basic5000/wav/BASIC5000_3651.wav,112,67,1,8.54,4,train
BASIC5000_3652,data/jsut_ver1.1/basic5000/wav/BASIC5000_3652.wav,131,78,2,11.39,4,train
BASIC5000_3653,data/jsut_ver1.1/basic5000/wav/BASIC5000_3653.wav,102,63,7,7.41,4,train
BASIC5000_3654,data/jsut_ver1.1/basic5000/wav/BASIC5000_3654.wav,128,75,0,9.81,4,train
BASIC5000_3655,data/jsut_ver1.1/basic5000/wav/BASIC5000_3655.wav,121,78,8,10.02,4,train
BASIC5000_3656,data/jsut_ver1.1/basic5000/wav/BASIC5000_3656.wav,93,59,7,7.11,4,train
BASIC5000_3657,data/jsut_ver1.1/basic5000/wav/BASIC5000_3657.wav,68,42,1,5.48,3,train
BASIC5000_3658,data/jsut_ver1.1/basic5000/wav/BASIC5000_3658.wav,114,68,3,8.81,4,test
BASIC5000_3659,data/jsut_ver1.1/basic5000/wav/BASIC5000_3659.wav,93,58,2,7.73,4,train
BASIC5000_3660,data/jsut_ver1.1/basic5000/wav/BASIC5000_3660.wav,80,49,3,6.47,4,train
BASIC5000_3661,data/jsut_ver1.1/basic5000/wav/BASIC5000_3661.wav,116,75,7,8.54,4,train
BASIC5000_3662,data/jsut_ver1.1/basic5000/wav/BASIC5000_3662.wav,48,27,0,3.67,2,train
BASIC5000_3663,data/jsut_ver1.1/basic5000/wav/BASIC5000_3663.wav,92,51,1,7.0,4,train
BASIC5000_3664,data/jsut_ver1.1/basic5000/wav/BASIC5000_3664.wav,32,16,0,2.56,1,val
BASIC5000_3665,data/jsut_ver1.1/basic5000/wav/BASIC5000_3665.wav,91,53,0,7.67,4,train
BASIC5000_3666,data/jsut_ver1.1/basic5000/wav/BASIC5000_3666.wav,160,104,10,11.74,4,test
BASIC5000_3667,data/jsut_ver1.1/basic5000/wav/BASIC5000_3667.wav,152,91,4,12.09,4,train
BASIC5000_3668,data/jsut_ver1.1/basic5000/wav/BASIC5000_3668.wav,120,74,5,9.499291666666666,4,train
BASIC5000_3669,data/jsut_ver1.1/basic5000/wav/BASIC5000_3669.wav,151,95,4,12.58,4,train
BASIC5000_3670,data/jsut_ver1.1/basic5000/wav/BASIC5000_3670.wav,97,58,2,7.79,4,train
BASIC5000_3671,data/jsut_ver1.1/basic5000/wav/BASIC5000_3671.wav,77,47,2,6.03,4,train
BASIC5000_3672,data/jsut_ver1.1/basic5000/wav/BASIC5000_3672.wav,92,59,4,7.31,4,train
BASIC5000_3673,data/jsut_ver1.1/basic5000/wav/BASIC5000_3673.wav,77,44,1,5.9,4,val
BASIC5000_3674,data/jsut_ver1.1/basic5000/wav/BASIC5000_3674.wav,73,44,2,5.77,4,train
BASIC5000_3675,data/jsut_ver1.1/basic5000/wav/BASIC5000_3675.wav,66,43,4,5.34,3,train
BASIC5000_3676,data/jsut_ver1.1/basic5000/wav/BASIC5000_3676.wav,51,30,1,4.1,3,train
BASIC5000_3677,data/jsut_ver1.1/basic5000/wav/BASIC5000_3677.wav,76,46,2,6.81,4,train
BASIC5000_3678,data/jsut_ver1.1/basic5000/wav/BASIC5000_3678.wav,44,28,1,5.949291666666666,2,train
BASIC5000_3679,data/jsut_ver1.1/basic5000/wav/BASIC5000_3679.wav,62,38,3,6.52,3,val
BASIC5000_3680,data/jsut_ver1.1/basic5000/wav/BASIC5000_3680.wav,90,53,3,6.66,4,train
BASIC5000_3681,data/jsut_ver1.1/basic5000/wav/BASIC5000_3681.wav,53,33,3,4.36,3,test
BASIC5000_3682,data/jsut_ver1.1/basic5000/wav/BASIC5000_3682.wav,110,63,1,8.14,4,train
BASIC5000_3683,data/jsut_ver1.1/basic5000/wav/BASIC5000_3683.wav,45,27,1,3.67,2,train
BASIC5000_3684,data/jsut_ver1.1/basic5000/wav/BASIC5000_3684.wav,168,97,4,12.84,4,train
BASIC5000_3685,data/jsut_ver1.1/basic5000/wav/BASIC5000_3685.wav,56,33,1,4.43,3,train
BASIC5000_3686,data/jsut_ver1.1/basic5000/wav/BASIC5000_3686.wav,67,43,3,5.05,3,train
BASIC5000_3687,data/jsut_ver1.1/basic5000/wav/BASIC5000_3687.wav,96,56,2,7.88,4,val
BASIC5000_3688,data/jsut_ver1.1/basic5000/wav/BASIC5000_3688.wav,116,71,3,8.82,4,test
BASIC5000_3689,data/jsut_ver1.1/basic5000/wav/BASIC5000_3689.wav,135,81,4,10.34,4,train
BASIC5000_3690,data/jsut_ver1.1/basic5000/wav/BASIC5000_3690.wav,56,34,1,4.67,3,val
BASIC5000_3691,data/jsut_ver1.1/basic5000/wav/BASIC5000_3691.wav,49,28,0,4.02,2,val
BASIC5000_3692,data/jsut_ver1.1/basic5000/wav/BASIC5000_3692.wav,69,39,0,5.32,3,test
BASIC5000_3693,data/jsut_ver1.1/basic5000/wav/BASIC5000_3693.wav,53,30,0,4.31,3,train
BASIC5000_3694,data/jsut_ver1.1/basic5000/wav/BASIC5000_3694.wav,102,60,1,8.209291666666667,4,train
BASIC5000_3695,data/jsut_ver1.1/basic5000/wav/BASIC5000_3695.wav,64,37,0,5.07,3,train
BASIC5000_3696,data/jsut_ver1.1/basic5000/wav/BASIC5000_3696.wav,152,93,5,11.38,4,train
BASIC5000_3697,data/jsut_ver1.1/basic5000/wav/BASIC5000_3697.wav,53,34,2,4.39,3,test
BASIC5000_3698,data/jsut_ver1.1/basic5000/wav/BASIC5000_3698.wav,47,31,1,4.81,2,train
BASIC5000_3699,data/jsut_ver1.1/basic5000/wav/BASIC5000_3699.wav,92,57,4,6.93,4,val
BASIC5000_3700,data/jsut_ver1.1/basic5000/wav/BASIC5000_3700.wav,120,75,6,9.04,4,train
BASIC5000_3701,data/jsut_ver1.1/basic5000/wav/BASIC5000_3701.wav,34,19,0,2.85,1,train
BASIC5000_3702,data/jsut_ver1.1/basic5000/wav/BASIC5000_3702.wav,64,37,0,4.85,3,train
BASIC5000_3703,data/jsut_ver1.1/basic5000/wav/BASIC5000_3703.wav,138,87,6,10.12,4,train
BASIC5000_3704,data/jsut_ver1.1/basic5000/wav/BASIC5000_3704.wav,147,87,2,10.87,4,train
BASIC5000_3705,data/jsut_ver1.1/basic5000/wav/BASIC5000_3705.wav,140,84,1,11.1,4,train
BASIC5000_3706,data/jsut_ver1.1/basic5000/wav/BASIC5000_3706.wav,70,42,2,5.6,4,train
BASIC5000_3707,data/jsut_ver1.1/basic5000/wav/BASIC5000_3707.wav,88,56,4,7.62,4,train
BASIC5000_3708,data/jsut_ver1.1/basic5000/wav/BASIC5000_3708.wav,42,23,1,3.38,2,train
BASIC5000_3709,data/jsut_ver1.1/basic5000/wav/BASIC5000_3709.wav,74,42,0,5.92,4,train
BASIC5000_3710,data/jsut_ver1.1/basic5000/wav/BASIC5000_3710.wav,36,24,2,3.3,1,val
BASIC5000_3711,data/jsut_ver1.1/basic5000/wav/BASIC5000_3711.wav,146,89,5,10.9,4,val
BASIC5000_3712,data/jsut_ver1.1/basic5000/wav/BASIC5000_3712.wav,83,52,2,6.62,4,train
BASIC5000_3713,data/jsut_ver1.1/basic5000/wav/BASIC5000_3713.wav,102,63,4,8.65,4,train
BASIC5000_3714,data/jsut_ver1.1/basic5000/wav/BASIC5000_3714.wav,168,101,5,12.12,4,test
BASIC5000_3715,data/jsut_ver1.1/basic5000/wav/BASIC5000_3715.wav,64,37,0,5.37,3,test
BASIC5000_3716,data/jsut_ver1.1/basic5000/wav/BASIC5000_3716.wav,76,43,2,6.18,4,train
BASIC5000_3717,data/jsut_ver1.1/basic5000/wav/BASIC5000_3717.wav,88,53,3,6.85,4,train
BASIC5000_3718,data/jsut_ver1.1/basic5000/wav/BASIC5000_3718.wav,37,20,1,2.96,1,test
BASIC5000_3719,data/jsut_ver1.1/basic5000/wav/BASIC5000_3719.wav,93,56,3,7.09,4,train
BASIC5000_3720,data/jsut_ver1.1/basic5000/wav/BASIC5000_3720.wav,58,35,1,4.59,3,val
BASIC5000_3721,data/jsut_ver1.1/basic5000/wav/BASIC5000_3721.wav,104,68,4,8.49,4,test
BASIC5000_3722,data/jsut_ver1.1/basic5000/wav/BASIC5000_3722.wav,141,89,4,12.32,4,test
BASIC5000_3723,data/jsut_ver1.1/basic5000/wav/BASIC5000_3723.wav,83,54,4,7.15,4,val
BASIC5000_3724,data/jsut_ver1.1/basic5000/wav/BASIC5000_3724.wav,43,25,0,3.42,2,val
BASIC5000_3725,data/jsut_ver1.1/basic5000/wav/BASIC5000_3725.wav,106,71,9,8.54,4,train
BASIC5000_3726,data/jsut_ver1.1/basic5000/wav/BASIC5000_3726.wav,96,59,3,7.38,4,train
BASIC5000_3727,data/jsut_ver1.1/basic5000/wav/BASIC5000_3727.wav,157,92,4,11.08,4,train
BASIC5000_3728,data/jsut_ver1.1/basic5000/wav/BASIC5000_3728.wav,158,96,3,12.0,4,train
BASIC5000_3729,data/jsut_ver1.1/basic5000/wav/BASIC5000_3729.wav,71,44,4,5.25,4,test
BASIC5000_3730,data/jsut_ver1.1/basic5000/wav/BASIC5000_3730.wav,69,42,2,5.27,3,train
BASIC5000_3731,data/jsut_ver1.1/basic5000/wav/BASIC5000_3731.wav,74,44,0,6.05,4,train
BASIC5000_3732,data/jsut_ver1.1/basic5000/wav/BASIC5000_3732.wav,76,44,1,5.59,4,test
BASIC5000_3733,data/jsut_ver1.1/basic5000/wav/BASIC5000_3733.wav,55,36,1,5.0,3,train
BASIC5000_3734,data/jsut_ver1.1/basic5000/wav/BASIC5000_3734.wav,123,69,0,9.02,4,train
BASIC5000_3735,data/jsut_ver1.1/basic5000/wav/BASIC5000_3735.wav,126,78,7,9.69,4,train
BASIC5000_3736,data/jsut_ver1.1/basic5000/wav/BASIC5000_3736.wav,58,38,1,5.14,3,train
BASIC5000_3737,data/jsut_ver1.1/basic5000/wav/BASIC5000_3737.wav,63,38,2,5.68,3,train
BASIC5000_3738,data/jsut_ver1.1/basic5000/wav/BASIC5000_3738.wav,45,27,0,4.18,2,test
BASIC5000_3739,data/jsut_ver1.1/basic5000/wav/BASIC5000_3739.wav,60,38,2,4.95,3,test
BASIC5000_3740,data/jsut_ver1.1/basic5000/wav/BASIC5000_3740.wav,136,82,1,10.77,4,train
BASIC5000_3741,data/jsut_ver1.1/basic5000/wav/BASIC5000_3741.wav,93,53,2,7.4,4,train
BASIC5000_3742,data/jsut_ver1.1/basic5000/wav/BASIC5000_3742.wav,71,44,1,5.92,4,test
BASIC5000_3743,data/jsut_ver1.1/basic5000/wav/BASIC5000_3743.wav,126,75,4,9.51,4,train
BASIC5000_3744,data/jsut_ver1.1/basic5000/wav/BASIC5000_3744.wav,78,46,1,5.96,4,train
BASIC5000_3745,data/jsut_ver1.1/basic5000/wav/BASIC5000_3745.wav,154,94,5,11.05,4,train
BASIC5000_3746,data/jsut_ver1.1/basic5000/wav/BASIC5000_3746.wav,128,79,4,9.62,4,val
BASIC5000_3747,data/jsut_ver1.1/basic5000/wav/BASIC5000_3747.wav,65,38,0,6.119291666666666,3,train
BASIC5000_3748,data/jsut_ver1.1/basic5000/wav/BASIC5000_3748.wav,132,88,7,10.26,4,train
BASIC5000_3749,data/jsut_ver1.1/basic5000/wav/BASIC5000_3749.wav,78,43,0,6.719291666666667,4,train
BASIC5000_3750,data/jsut_ver1.1/basic5000/wav/BASIC5000_3750.wav,156,99,11,11.5,4,train
BASIC5000_3751,data/jsut_ver1.1/basic5000/wav/BASIC5000_3751.wav,72,41,0,6.22,4,train
BASIC5000_3752,data/jsut_ver1.1/basic5000/wav/BASIC5000_3752.wav,145,87,6,10.79,4,train
BASIC5000_3753,data/jsut_ver1.1/basic5000/wav/BASIC5000_3753.wav,59,38,3,5.629291666666667,3,train
BASIC5000_3754,data/jsut_ver1.1/basic5000/wav/BASIC5000_3754.wav,90,51,1,8.189291666666668,4,train
BASIC5000_3755,data/jsut_ver1.1/basic5000/wav/BASIC5000_3755.wav,135,79,4,10.479291666666667,4,train
BASIC5000_3756,data/jsut_ver1.1/basic5000/wav/BASIC5000_3756.wav,140,87,7,11.039291666666667,4,test
BASIC5000_3757,data/jsut_ver1.1/basic5000/wav/BASIC5000_3757.wav,61,36,2,5.1,3,train
BASIC5000_3758,data/jsut_ver1.1/basic5000/wav/BASIC5000_3758.wav,75,44,2,5.6,4,train
BASIC5000_3759,data/jsut_ver1.1/basic5000/wav/BASIC5000_3759.wav,68,43,3,5.27,3,val
BASIC5000_3760,data/jsut_ver1.1/basic5000/wav/BASIC5000_3760.wav,159,100,5,12.32,4,test
BASIC5000_3761,data/jsut_ver1.1/basic5000/wav/BASIC5000_3761.wav,117,67,2,8.84,4,train
BASIC5000_3762,data/jsut_ver1.1/basic5000/wav/BASIC5000_3762.wav,57,33,1,5.36,3,train
BASIC5000_3763,data/jsut_ver1.1/basic5000/wav/BASIC5000_3763.wav,58,36,3,5.03,3,test
BASIC5000_3764,data/jsut_ver1.1/basic5000/wav/BASIC5000_3764.wav,41,26,3,3.47,2,train
BASIC5000_3765,data/jsut_ver1.1/basic5000/wav/BASIC5000_3765.wav,38,25,3,3.16,1,train
BASIC5000_3766,data/jsut_ver1.1/basic5000/wav/BASIC5000_3766.wav,107,64,3,8.19,4,train
BASIC5000_3767,data/jsut_ver1.1/basic5000/wav/BASIC5000_3767.wav,109,66,1,8.95,4,train
BASIC5000_3768,data/jsut_ver1.1/basic5000/wav/BASIC5000_3768.wav,101,60,1,8.22,4,train
BASIC5000_3769,data/jsut_ver1.1/basic5000/wav/BASIC5000_3769.wav,53,31,2,4.2,3,train
BASIC5000_3770,data/jsut_ver1.1/basic5000/wav/BASIC5000_3770.wav,71,42,0,5.76,4,val
BASIC5000_3771,data/jsut_ver1.1/basic5000/wav/BASIC5000_3771.wav,74,43,2,5.55,4,train
BASIC5000_3772,data/jsut_ver1.1/basic5000/wav/BASIC5000_3772.wav,87,52,1,6.8,4,train
BASIC5000_3773,data/jsut_ver1.1/basic5000/wav/BASIC5000_3773.wav,121,73,2,9.62,4,train
BASIC5000_3774,data/jsut_ver1.1/basic5000/wav/BASIC5000_3774.wav,60,37,3,4.67,3,train
BASIC5000_3775,data/jsut_ver1.1/basic5000/wav/BASIC5000_3775.wav,113,71,10,8.6,4,train
BASIC5000_3776,data/jsut_ver1.1/basic5000/wav/BASIC5000_3776.wav,92,60,5,7.39,4,train
BASIC5000_3777,data/jsut_ver1.1/basic5000/wav/BASIC5000_3777.wav,46,28,1,3.65,2,train
BASIC5000_3778,data/jsut_ver1.1/basic5000/wav/BASIC5000_3778.wav,129,76,4,9.45,4,train
BASIC5000_3779,data/jsut_ver1.1/basic5000/wav/BASIC5000_3779.wav,95,60,3,8.16,4,test
BASIC5000_3780,data/jsut_ver1.1/basic5000/wav/BASIC5000_3780.wav,146,89,5,11.799291666666667,4,train
BASIC5000_3781,data/jsut_ver1.1/basic5000/wav/BASIC5000_3781.wav,52,33,2,4.31,3,test
BASIC5000_3782,data/jsut_ver1.1/basic5000/wav/BASIC5000_3782.wav,62,39,1,5.17,3,val
BASIC5000_3783,data/jsut_ver1.1/basic5000/wav/BASIC5000_3783.wav,49,31,0,4.05,2,train
BASIC5000_3784,data/jsut_ver1.1/basic5000/wav/BASIC5000_3784.wav,92,57,2,8.5,4,train
BASIC5000_3785,data/jsut_ver1.1/basic5000/wav/BASIC5000_3785.wav,126,77,6,9.65,4,train
BASIC5000_3786,data/jsut_ver1.1/basic5000/wav/BASIC5000_3786.wav,96,56,3,7.81,4,train
BASIC5000_3787,data/jsut_ver1.1/basic5000/wav/BASIC5000_3787.wav,90,56,4,7.19,4,train
BASIC5000_3788,data/jsut_ver1.1/basic5000/wav/BASIC5000_3788.wav,147,89,4,10.49,4,train
BASIC5000_3789,data/jsut_ver1.1/basic5000/wav/BASIC5000_3789.wav,42,25,1,3.7,2,train
BASIC5000_3790,data/jsut_ver1.1/basic5000/wav/BASIC5000_3790.wav,62,36,2,4.66,3,test
BASIC5000_3791,data/jsut_ver1.1/basic5000/wav/BASIC5000_3791.wav,94,57,0,7.7,4,train
BASIC5000_3792,data/jsut_ver1.1/basic5000/wav/BASIC5000_3792.wav,60,36,1,5.7,3,val
BASIC5000_3793,data/jsut_ver1.1/basic5000/wav/BASIC5000_3793.wav,89,51,1,6.94,4,train
BASIC5000_3794,data/jsut_ver1.1/basic5000/wav/BASIC5000_3794.wav,86,52,4,6.31,4,train
BASIC5000_3795,data/jsut_ver1.1/basic5000/wav/BASIC5000_3795.wav,80,47,5,7.36,4,train
BASIC5000_3796,data/jsut_ver1.1/basic5000/wav/BASIC5000_3796.wav,115,70,3,8.57,4,val
BASIC5000_3797,data/jsut_ver1.1/basic5000/wav/BASIC5000_3797.wav,80,48,4,6.58,4,train
BASIC5000_3798,data/jsut_ver1.1/basic5000/wav/BASIC5000_3798.wav,34,21,1,3.39,1,train
BASIC5000_3799,data/jsut_ver1.1/basic5000/wav/BASIC5000_3799.wav,87,54,4,6.7,4,val
BASIC5000_3800,data/jsut_ver1.1/basic5000/wav/BASIC5000_3800.wav,60,36,4,4.78,3,train
BASIC5000_3801,data/jsut_ver1.1/basic5000/wav/BASIC5000_3801.wav,100,63,3,8.97,4,val
BASIC5000_3802,data/jsut_ver1.1/basic5000/wav/BASIC5000_3802.wav,93,56,2,7.21,4,train
BASIC5000_3803,data/jsut_ver1.1/basic5000/wav/BASIC5000_3803.wav,115,69,5,9.28,4,train
BASIC5000_3804,data/jsut_ver1.1/basic5000/wav/BASIC5000_3804.wav,128,81,3,10.67,4,train
BASIC5000_3805,data/jsut_ver1.1/basic5000/wav/BASIC5000_3805.wav,140,84,5,11.049291666666667,4,train
BASIC5000_3806,data/jsut_ver1.1/basic5000/wav/BASIC5000_3806.wav,60,35,1,4.72,3,train
BASIC5000_3807,data/jsut_ver1.1/basic5000/wav/BASIC5000_3807.wav,60,36,2,4.8,3,val
BASIC5000_3808,data/jsut_ver1.1/basic5000/wav/BASIC5000_3808.wav,91,54,3,7.38,4,val
BASIC5000_3809,data/jsut_ver1.1/basic5000/wav/BASIC5000_3809.wav,117,72,7,8.83,4,train
BASIC5000_3810,data/jsut_ver1.1/basic5000/wav/BASIC5000_3810.wav,65,41,2,5.3,3,test
BASIC5000_3811,data/jsut_ver1.1/basic5000/wav/BASIC5000_3811.wav,44,25,0,3.82,2,train
BASIC5000_3812,data/jsut_ver1.1/basic5000/wav/BASIC5000_3812.wav,83,51,3,7.399291666666667,4,train
BASIC5000_3813,data/jsut_ver1.1/basic5000/wav/BASIC5000_3813.wav,135,85,9,9.93,4,train
BASIC5000_3814,data/jsut_ver1.1/basic5000/wav/BASIC5000_3814.wav,124,74,5,8.64,4,test
BASIC5000_3815,data/jsut_ver1.1/basic5000/wav/BASIC5000_3815.wav,80,46,2,7.259291666666667,4,train
BASIC5000_3816,data/jsut_ver1.1/basic5000/wav/BASIC5000_3816.wav,117,70,3,9.28,4,train
BASIC5000_3817,data/jsut_ver1.1/basic5000/wav/BASIC5000_3817.wav,89,54,4,6.99,4,train
BASIC5000_3818,data/jsut_ver1.1/basic5000/wav/BASIC5000_3818.wav,64,40,3,5.02,3,train
BASIC5000_3819,data/jsut_ver1.1/basic5000/wav/BASIC5000_3819.wav,88,54,5,7.059291666666667,4,val
BASIC5000_3820,data/jsut_ver1.1/basic5000/wav/BASIC5000_3820.wav,42,24,1,3.87,2,train
BASIC5000_3821,data/jsut_ver1.1/basic5000/wav/BASIC5000_3821.wav,68,39,1,5.37,3,train
BASIC5000_3822,data/jsut_ver1.1/basic5000/wav/BASIC5000_3822.wav,147,90,4,10.9,4,train
BASIC5000_3823,data/jsut_ver1.1/basic5000/wav/BASIC5000_3823.wav,45,30,4,3.87,2,train
BASIC5000_3824,data/jsut_ver1.1/basic5000/wav/BASIC5000_3824.wav,54,33,2,4.75,3,train
BASIC5000_3825,data/jsut_ver1.1/basic5000/wav/BASIC5000_3825.wav,127,74,4,10.47,4,train
BASIC5000_3826,data/jsut_ver1.1/basic5000/wav/BASIC5000_3826.wav,81,51,6,6.2,4,train
BASIC5000_3827,data/jsut_ver1.1/basic5000/wav/BASIC5000_3827.wav,94,56,3,8.199291666666667,4,train
BASIC5000_3828,data/jsut_ver1.1/basic5000/wav/BASIC5000_3828.wav,50,32,2,4.34,3,val
BASIC5000_3829,data/jsut_ver1.1/basic5000/wav/BASIC5000_3829.wav,107,63,3,9.109291666666667,4,train
BASIC5000_3830,data/jsut_ver1.1/basic5000/wav/BASIC5000_3830.wav,68,39,1,5.22,3,train
BASIC5000_3831,data/jsut_ver1.1/basic5000/wav/BASIC5000_3831.wav,165,97,2,12.949291666666667,4,train
BASIC5000_3832,data/jsut_ver1.1/basic5000/wav/BASIC5000_3832.wav,67,37,1,5.33,3,train
BASIC5000_3833,data/jsut_ver1.1/basic5000/wav/BASIC5000_3833.wav,78,48,3,5.85,4,train
BASIC5000_3834,data/jsut_ver1.1/basic5000/wav/BASIC5000_3834.wav,134,82,4,10.62,4,train
BASIC5000_3835,data/jsut_ver1.1/basic5000/wav/BASIC5000_3835.wav,120,72,4,8.67,4,train
BASIC5000_3836,data/jsut_ver1.1/basic5000/wav/BASIC5000_3836.wav,130,82,3,10.789291666666667,4,train
BASIC5000_3837,data/jsut_ver1.1/basic5000/wav/BASIC5000_3837.wav,150,89,5,12.989291666666666,4,train
BASIC5000_3838,data/jsut_ver1.1/basic5000/wav/BASIC5000_3838.wav,50,34,4,4.369291666666666,3,train
BASIC5000_3839,data/jsut_ver1.1/basic5000/wav/BASIC5000_3839.wav,93,58,7,7.419291666666667,4,train
BASIC5000_3840,data/jsut_ver1.1/basic5000/wav/BASIC5000_3840.wav,61,40,4,5.539291666666666,3,train
BASIC5000_3841,data/jsut_ver1.1/basic5000/wav/BASIC5000_3841.wav,103,64,5,7.76,4,train
BASIC5000_3842,data/jsut_ver1.1/basic5000/wav/BASIC5000_3842.wav,50,30,1,4.01,3,train
BASIC5000_3843,data/jsut_ver1.1/basic5000/wav/BASIC5000_3843.wav,48,28,0,4.549291666666667,2,train
BASIC5000_3844,data/jsut_ver1.1/basic5000/wav/BASIC5000_3844.wav,73,43,3,6.309291666666667,4,train
BASIC5000_3845,data/jsut_ver1.1/basic5000/wav/BASIC5000_3845.wav,100,59,3,8.31,4,train
BASIC5000_3846,data/jsut_ver1.1/basic5000/wav/BASIC5000_3846.wav,81,53,5,6.4,4,train
BASIC5000_3847,data/jsut_ver1.1/basic5000/wav/BASIC5000_3847.wav,64,38,1,5.15,3,train
BASIC5000_3848,data/jsut_ver1.1/basic5000/wav/BASIC5000_3848.wav,52,33,3,4.109291666666667,3,train
BASIC5000_3849,data/jsut_ver1.1/basic5000/wav/BASIC5000_3849.wav,134,82,6,11.159291666666666,4,train
BASIC5000_3850,data/jsut_ver1.1/basic5000/wav/BASIC5000_3850.wav,112,67,1,8.62,4,test
BASIC5000_3851,data/jsut_ver1.1/basic5000/wav/BASIC5000_3851.wav,118,67,0,9.489291666666666,4,train
BASIC5000_3852,data/jsut_ver1.1/basic5000/wav/BASIC5000_3852.wav,114,71,6,9.459291666666667,4,train
BASIC5000_3853,data/jsut_ver1.1/basic5000/wav/BASIC5000_3853.wav,167,101,7,12.74,4,train
BASIC5000_3854,data/jsut_ver1.1/basic5000/wav/BASIC5000_3854.wav,102,59,3,8.419291666666666,4,train
BASIC5000_3855,data/jsut_ver1.1/basic5000/wav/BASIC5000_3855.wav,56,35,3,5.2792916666666665,3,train
BASIC5000_3856,data/jsut_ver1.1/basic5000/wav/BASIC5000_3856.wav,71,46,6,6.23,4,test
BASIC5000_3857,data/jsut_ver1.1/basic5000/wav/BASIC5000_3857.wav,94,52,2,9.299291666666667,4,test
BASIC5000_3858,data/jsut_ver1.1/basic5000/wav/BASIC5000_3858.wav,55,34,2,4.41,3,train
BASIC5000_3859,data/jsut_ver1.1/basic5000/wav/BASIC5000_3859.wav,166,100,5,13.359291666666667,4,train
BASIC5000_3860,data/jsut_ver1.1/basic5000/wav/BASIC5000_3860.wav,103,62,2,8.199291666666667,4,train
BASIC5000_3861,data/jsut_ver1.1/basic5000/wav/BASIC5000_3861.wav,34,21,1,3.21,1,train
BASIC5000_3862,data/jsut_ver1.1/basic5000/wav/BASIC5000_3862.wav,70,44,4,5.23,4,train
BASIC5000_3863,data/jsut_ver1.1/basic5000/wav/BASIC5000_3863.wav,48,28,1,3.95,2,train
BASIC5000_3864,data/jsut_ver1.1/basic5000/wav/BASIC5000_3864.wav,143,83,4,10.32,4,train
BASIC5000_3865,data/jsut_ver1.1/basic5000/wav/BASIC5000_3865.wav,88,53,3,7.459291666666667,4,train
BASIC5000_3866,data/jsut_ver1.1/basic5000/wav/BASIC5000_3866.wav,55,35,4,4.56,3,test
BASIC5000_3867,data/jsut_ver1.1/basic5000/wav/BASIC5000_3867.wav,78,49,4,6.45,4,val
BASIC5000_3868,data/jsut_ver1.1/basic5000/wav/BASIC5000_3868.wav,152,92,4,11.75,4,train
BASIC5000_3869,data/jsut_ver1.1/basic5000/wav/BASIC5000_3869.wav,78,45,0,6.11,4,train
BASIC5000_3870,data/jsut_ver1.1/basic5000/wav/BASIC5000_3870.wav,78,46,0,6.08,4,train
BASIC5000_3871,data/jsut_ver1.1/basic5000/wav/BASIC5000_3871.wav,64,38,1,6.23,3,val
BASIC5000_3872,data/jsut_ver1.1/basic5000/wav/BASIC5000_3872.wav,110,65,4,9.05,4,test
BASIC5000_3873,data/jsut_ver1.1/basic5000/wav/BASIC5000_3873.wav,119,74,3,8.56,4,train
BASIC5000_3874,data/jsut_ver1.1/basic5000/wav/BASIC5000_3874.wav,56,36,4,4.51,3,train
BASIC5000_3875,data/jsut_ver1.1/basic5000/wav/BASIC5000_3875.wav,100,62,5,8.06,4,train
BASIC5000_3876,data/jsut_ver1.1/basic5000/wav/BASIC5000_3876.wav,40,24,2,3.07,2,train
BASIC5000_3877,data/jsut_ver1.1/basic5000/wav/BASIC5000_3877.wav,86,55,6,6.93,4,train
BASIC5000_3878,data/jsut_ver1.1/basic5000/wav/BASIC5000_3878.wav,83,52,3,6.31,4,train
BASIC5000_3879,data/jsut_ver1.1/basic5000/wav/BASIC5000_3879.wav,56,29,0,4.35,3,test
BASIC5000_3880,data/jsut_ver1.1/basic5000/wav/BASIC5000_3880.wav,98,60,5,7.32,4,train
BASIC5000_3881,data/jsut_ver1.1/basic5000/wav/BASIC5000_3881.wav,86,53,1,9.28,4,train
BASIC5000_3882,data/jsut_ver1.1/basic5000/wav/BASIC5000_3882.wav,145,89,6,10.71,4,train
BASIC5000_3883,data/jsut_ver1.1/basic5000/wav/BASIC5000_3883.wav,140,86,2,11.06,4,train
BASIC5000_3884,data/jsut_ver1.1/basic5000/wav/BASIC5000_3884.wav,86,52,1,6.67,4,train
BASIC5000_3885,data/jsut_ver1.1/basic5000/wav/BASIC5000_3885.wav,50,30,2,4.02,3,train
BASIC5000_3886,data/jsut_ver1.1/basic5000/wav/BASIC5000_3886.wav,169,106,8,13.439291666666668,4,train
BASIC5000_3887,data/jsut_ver1.1/basic5000/wav/BASIC5000_3887.wav,47,26,0,3.86,2,train
BASIC5000_3888,data/jsut_ver1.1/basic5000/wav/BASIC5000_3888.wav,113,70,1,9.619291666666667,4,train
BASIC5000_3889,data/jsut_ver1.1/basic5000/wav/BASIC5000_3889.wav,82,49,2,6.85,4,train
BASIC5000_3890,data/jsut_ver1.1/basic5000/wav/BASIC5000_3890.wav,70,44,5,6.289291666666666,4,train
BASIC5000_3891,data/jsut_ver1.1/basic5000/wav/BASIC5000_3891.wav,74,47,4,5.94,4,train
BASIC5000_3892,data/jsut_ver1.1/basic5000/wav/BASIC5000_3892.wav,135,87,9,10.75,4,train
BASIC5000_3893,data/jsut_ver1.1/basic5000/wav/BASIC5000_3893.wav,66,40,1,5.82,3,train
BASIC5000_3894,data/jsut_ver1.1/basic5000/wav/BASIC5000_3894.wav,46,29,2,3.98,2,test
BASIC5000_3895,data/jsut_ver1.1/basic5000/wav/BASIC5000_3895.wav,61,37,1,4.88,3,train
BASIC5000_3896,data/jsut_ver1.1/basic5000/wav/BASIC5000_3896.wav,73,44,4,5.65,4,train
BASIC5000_3897,data/jsut_ver1.1/basic5000/wav/BASIC5000_3897.wav,108,73,10,8.34,4,train
BASIC5000_3898,data/jsut_ver1.1/basic5000/wav/BASIC5000_3898.wav,36,24,0,3.53,1,test
BASIC5000_3899,data/jsut_ver1.1/basic5000/wav/BASIC5000_3899.wav,51,31,2,4.13,3,train
BASIC5000_3900,data/jsut_ver1.1/basic5000/wav/BASIC5000_3900.wav,84,47,0,6.37,4,train
BASIC5000_3901,data/jsut_ver1.1/basic5000/wav/BASIC5000_3901.wav,74,45,4,5.87,4,train
BASIC5000_3902,data/jsut_ver1.1/basic5000/wav/BASIC5000_3902.wav,64,38,2,4.87,3,train
BASIC5000_3903,data/jsut_ver1.1/basic5000/wav/BASIC5000_3903.wav,110,67,3,8.52,4,train
BASIC5000_3904,data/jsut_ver1.1/basic5000/wav/BASIC5000_3904.wav,36,22,1,3.0,1,train
BASIC5000_3905,data/jsut_ver1.1/basic5000/wav/BASIC5000_3905.wav,76,46,3,6.06,4,train
BASIC5000_3906,data/jsut_ver1.1/basic5000/wav/BASIC5000_3906.wav,56,35,1,5.0,3,train
BASIC5000_3907,data/jsut_ver1.1/basic5000/wav/BASIC5000_3907.wav,105,63,1,10.07,4,train
BASIC5000_3908,data/jsut_ver1.1/basic5000/wav/BASIC5000_3908.wav,107,65,4,9.449291666666667,4,val
BASIC5000_3909,data/jsut_ver1.1/basic5000/wav/BASIC5000_3909.wav,35,22,2,3.13,1,train
BASIC5000_3910,data/jsut_ver1.1/basic5000/wav/BASIC5000_3910.wav,79,47,3,6.22,4,val
BASIC5000_3911,data/jsut_ver1.1/basic5000/wav/BASIC5000_3911.wav,92,55,3,6.99,4,val
BASIC5000_3912,data/jsut_ver1.1/basic5000/wav/BASIC5000_3912.wav,38,24,3,3.41,1,train
BASIC5000_3913,data/jsut_ver1.1/basic5000/wav/BASIC5000_3913.wav,130,75,2,9.7,4,train
BASIC5000_3914,data/jsut_ver1.1/basic5000/wav/BASIC5000_3914.wav,99,58,1,7.5,4,train
BASIC5000_3915,data/jsut_ver1.1/basic5000/wav/BASIC5000_3915.wav,44,26,1,3.51,2,test
BASIC5000_3916,data/jsut_ver1.1/basic5000/wav/BASIC5000_3916.wav,41,26,2,3.64,2,train
BASIC5000_3917,data/jsut_ver1.1/basic5000/wav/BASIC5000_3917.wav,87,53,3,6.63,4,train
BASIC5000_3918,data/jsut_ver1.1/basic5000/wav/BASIC5000_3918.wav,44,26,1,3.52,2,train
BASIC5000_3919,data/jsut_ver1.1/basic5000/wav/BASIC5000_3919.wav,70,43,5,5.48,4,train
BASIC5000_3920,data/jsut_ver1.1/basic5000/wav/BASIC5000_3920.wav,134,83,5,10.34,4,train
BASIC5000_3921,data/jsut_ver1.1/basic5000/wav/BASIC5000_3921.wav,85,51,2,6.82,4,val
BASIC5000_3922,data/jsut_ver1.1/basic5000/wav/BASIC5000_3922.wav,125,75,3,9.91,4,test
BASIC5000_3923,data/jsut_ver1.1/basic5000/wav/BASIC5000_3923.wav,120,71,2,8.83,4,train
BASIC5000_3924,data/jsut_ver1.1/basic5000/wav/BASIC5000_3924.wav,133,86,8,11.0,4,train
BASIC5000_3925,data/jsut_ver1.1/basic5000/wav/BASIC5000_3925.wav,69,42,4,5.18,3,train
BASIC5000_3926,data/jsut_ver1.1/basic5000/wav/BASIC5000_3926.wav,43,26,1,3.66,2,val
BASIC5000_3927,data/jsut_ver1.1/basic5000/wav/BASIC5000_3927.wav,52,30,1,4.07,3,train
BASIC5000_3928,data/jsut_ver1.1/basic5000/wav/BASIC5000_3928.wav,111,69,6,9.04,4,test
BASIC5000_3929,data/jsut_ver1.1/basic5000/wav/BASIC5000_3929.wav,47,28,2,3.66,2,val
BASIC5000_3930,data/jsut_ver1.1/basic5000/wav/BASIC5000_3930.wav,52,31,1,4.61,3,train
BASIC5000_3931,data/jsut_ver1.1/basic5000/wav/BASIC5000_3931.wav,55,32,2,4.37,3,val
BASIC5000_3932,data/jsut_ver1.1/basic5000/wav/BASIC5000_3932.wav,67,40,4,5.37,3,train
BASIC5000_3933,data/jsut_ver1.1/basic5000/wav/BASIC5000_3933.wav,67,44,4,5.77,3,train
BASIC5000_3934,data/jsut_ver1.1/basic5000/wav/BASIC5000_3934.wav,89,54,3,7.599291666666667,4,train
BASIC5000_3935,data/jsut_ver1.1/basic5000/wav/BASIC5000_3935.wav,58,36,3,4.85,3,train
BASIC5000_3936,data/jsut_ver1.1/basic5000/wav/BASIC5000_3936.wav,70,42,1,5.34,4,train
BASIC5000_3937,data/jsut_ver1.1/basic5000/wav/BASIC5000_3937.wav,91,54,2,7.46,4,train
BASIC5000_3938,data/jsut_ver1.1/basic5000/wav/BASIC5000_3938.wav,60,37,2,5.75,3,train
BASIC5000_3939,data/jsut_ver1.1/basic5000/wav/BASIC5000_3939.wav,89,54,2,7.75,4,train
BASIC5000_3940,data/jsut_ver1.1/basic5000/wav/BASIC5000_3940.wav,59,37,2,4.7,3,train
BASIC5000_3941,data/jsut_ver1.1/basic5000/wav/BASIC5000_3941.wav,39,24,3,3.36,1,train
BASIC5000_3942,data/jsut_ver1.1/basic5000/wav/BASIC5000_3942.wav,166,99,5,12.269291666666666,4,train
BASIC5000_3943,data/jsut_ver1.1/basic5000/wav/BASIC5000_3943.wav,119,71,1,9.599291666666666,4,train
BASIC5000_3944,data/jsut_ver1.1/basic5000/wav/BASIC5000_3944.wav,84,52,0,7.549291666666667,4,train
BASIC5000_3945,data/jsut_ver1.1/basic5000/wav/BASIC5000_3945.wav,150,94,4,12.759291666666666,4,test
BASIC5000_3946,data/jsut_ver1.1/basic5000/wav/BASIC5000_3946.wav,143,80,1,10.96,4,train
BASIC5000_3947,data/jsut_ver1.1/basic5000/wav/BASIC5000_3947.wav,90,54,1,7.13,4,train
BASIC5000_3948,data/jsut_ver1.1/basic5000/wav/BASIC5000_3948.wav,86,54,4,7.039291666666666,4,train
BASIC5000_3949,data/jsut_ver1.1/basic5000/wav/BASIC5000_3949.wav,37,21,1,3.4392916666666666,1,train
BASIC5000_3950,data/jsut_ver1.1/basic5000/wav/BASIC5000_3950.wav,95,58,2,9.07,4,test
BASIC5000_3951,data/jsut_ver1.1/basic5000/wav/BASIC5000_3951.wav,65,39,3,5.07,3,val
BASIC5000_3952,data/jsut_ver1.1/basic5000/wav/BASIC5000_3952.wav,79,45,2,6.25,4,train
BASIC5000_3953,data/jsut_ver1.1/basic5000/wav/BASIC5000_3953.wav,143,89,4,11.2,4,train
BASIC5000_3954,data/jsut_ver1.1/basic5000/wav/BASIC5000_3954.wav,108,64,4,7.91,4,test
BASIC5000_3955,data/jsut_ver1.1/basic5000/wav/BASIC5000_3955.wav,53,30,0,4.35,3,train
BASIC5000_3956,data/jsut_ver1.1/basic5000/wav/BASIC5000_3956.wav,84,53,4,6.48,4,train
BASIC5000_3957,data/jsut_ver1.1/basic5000/wav/BASIC5000_3957.wav,71,43,4,5.9,4,train
BASIC5000_3958,data/jsut_ver1.1/basic5000/wav/BASIC5000_3958.wav,91,50,0,7.33,4,train
BASIC5000_3959,data/jsut_ver1.1/basic5000/wav/BASIC5000_3959.wav,67,43,5,5.41,3,train
BASIC5000_3960,data/jsut_ver1.1/basic5000/wav/BASIC5000_3960.wav,78,44,2,6.3,4,train
BASIC5000_3961,data/jsut_ver1.1/basic5000/wav/BASIC5000_3961.wav,83,46,1,6.27,4,train
BASIC5000_3962,data/jsut_ver1.1/basic5000/wav/BASIC5000_3962.wav,39,25,1,3.34,1,val
BASIC5000_3963,data/jsut_ver1.1/basic5000/wav/BASIC5000_3963.wav,45,28,0,4.0635625,2,test
BASIC5000_3964,data/jsut_ver1.1/basic5000/wav/BASIC5000_3964.wav,115,63,1,8.35,4,train
BASIC5000_3965,data/jsut_ver1.1/basic5000/wav/BASIC5000_3965.wav,87,51,1,6.51,4,train
BASIC5000_3966,data/jsut_ver1.1/basic5000/wav/BASIC5000_3966.wav,79,46,1,6.46,4,train
BASIC5000_3967,data/jsut_ver1.1/basic5000/wav/BASIC5000_3967.wav,86,51,2,7.3,4,train
BASIC5000_3968,data/jsut_ver1.1/basic5000/wav/BASIC5000_3968.wav,64,38,2,5.39,3,train
BASIC5000_3969,data/jsut_ver1.1/basic5000/wav/BASIC5000_3969.wav,64,37,3,4.79,3,train
BASIC5000_3970,data/jsut_ver1.1/basic5000/wav/BASIC5000_3970.wav,36,23,2,3.27,1,train
BASIC5000_3971,data/jsut_ver1.1/basic5000/wav/BASIC5000_3971.wav,46,27,0,4.99,2,test
BASIC5000_3972,data/jsut_ver1.1/basic5000/wav/BASIC5000_3972.wav,156,99,9,11.75,4,val
BASIC5000_3973,data/jsut_ver1.1/basic5000/wav/BASIC5000_3973.wav,123,71,1,10.299291666666667,4,train
BASIC5000_3974,data/jsut_ver1.1/basic5000/wav/BASIC5000_3974.wav,107,65,4,9.059291666666667,4,test
BASIC5000_3975,data/jsut_ver1.1/basic5000/wav/BASIC5000_3975.wav,80,47,2,6.872791666666667,4,val
BASIC5000_3976,data/jsut_ver1.1/basic5000/wav/BASIC5000_3976.wav,82,49,1,7.18,4,train
BASIC5000_3977,data/jsut_ver1.1/basic5000/wav/BASIC5000_3977.wav,68,37,0,5.29,3,train
BASIC5000_3978,data/jsut_ver1.1/basic5000/wav/BASIC5000_3978.wav,98,56,1,8.33,4,train
BASIC5000_3979,data/jsut_ver1.1/basic5000/wav/BASIC5000_3979.wav,80,46,0,6.26,4,train
BASIC5000_3980,data/jsut_ver1.1/basic5000/wav/BASIC5000_3980.wav,33,19,0,3.11,1,train
BASIC5000_3981,data/jsut_ver1.1/basic5000/wav/BASIC5000_3981.wav,71,43,2,5.92,4,train
BASIC5000_3982,data/jsut_ver1.1/basic5000/wav/BASIC5000_3982.wav,98,59,4,7.7,4,test
BASIC5000_3983,data/jsut_ver1.1/basic5000/wav/BASIC5000_3983.wav,87,54,5,6.77,4,val
BASIC5000_3984,data/jsut_ver1.1/basic5000/wav/BASIC5000_3984.wav,104,66,6,7.54,4,train
BASIC5000_3985,data/jsut_ver1.1/basic5000/wav/BASIC5000_3985.wav,139,88,7,10.22,4,test
BASIC5000_3986,data/jsut_ver1.1/basic5000/wav/BASIC5000_3986.wav,50,32,3,4.15,3,val
BASIC5000_3987,data/jsut_ver1.1/basic5000/wav/BASIC5000_3987.wav,129,76,3,10.969291666666667,4,train
BASIC5000_3988,data/jsut_ver1.1/basic5000/wav/BASIC5000_3988.wav,136,80,8,10.74,4,test
BASIC5000_3989,data/jsut_ver1.1/basic5000/wav/BASIC5000_3989.wav,83,50,2,6.55,4,train
BASIC5000_3990,data/jsut_ver1.1/basic5000/wav/BASIC5000_3990.wav,88,51,1,7.119291666666666,4,train
BASIC5000_3991,data/jsut_ver1.1/basic5000/wav/BASIC5000_3991.wav,68,41,2,5.56,3,train
BASIC5000_3992,data/jsut_ver1.1/basic5000/wav/BASIC5000_3992.wav,77,44,1,5.86,4,val
BASIC5000_3993,data/jsut_ver1.1/basic5000/wav/BASIC5000_3993.wav,120,67,2,9.06,4,train
BASIC5000_3994,data/jsut_ver1.1/basic5000/wav/BASIC5000_3994.wav,108,62,3,7.78,4,train
BASIC5000_3995,data/jsut_ver1.1/basic5000/wav/BASIC5000_3995.wav,110,69,3,9.09,4,train
BASIC5000_3996,data/jsut_ver1.1/basic5000/wav/BASIC5000_3996.wav,101,63,3,8.11,4,train
BASIC5000_3997,data/jsut_ver1.1/basic5000/wav/BASIC5000_3997.wav,126,78,5,9.35,4,train
BASIC5000_3998,data/jsut_ver1.1/basic5000/wav/BASIC5000_3998.wav,75,46,1,5.38,4,val
BASIC5000_3999,data/jsut_ver1.1/basic5000/wav/BASIC5000_3999.wav,79,49,2,6.2,4,train
BASIC5000_4000,data/jsut_ver1.1/basic5000/wav/BASIC5000_4000.wav,116,72,3,8.54,4,train
BASIC5000_4001,data/jsut_ver1.1/basic5000/wav/BASIC5000_4001.wav,102,63,4,8.03,4,test
BASIC5000_4002,data/jsut_ver1.1/basic5000/wav/BASIC5000_4002.wav,96,55,1,7.05,4,train
BASIC5000_4003,data/jsut_ver1.1/basic5000/wav/BASIC5000_4003.wav,177,103,1,14.019291666666666,4,train
BASIC5000_4004,data/jsut_ver1.1/basic5000/wav/BASIC5000_4004.wav,64,36,2,4.86,3,test
BASIC5000_4005,data/jsut_ver1.1/basic5000/wav/BASIC5000_4005.wav,31,20,0,3.02,1,train
BASIC5000_4006,data/jsut_ver1.1/basic5000/wav/BASIC5000_4006.wav,50,30,1,4.15,3,train
BASIC5000_4007,data/jsut_ver1.1/basic5000/wav/BASIC5000_4007.wav,53,33,2,4.38,3,train
BASIC5000_4008,data/jsut_ver1.1/basic5000/wav/BASIC5000_4008.wav,148,89,5,10.7,4,val
BASIC5000_4009,data/jsut_ver1.1/basic5000/wav/BASIC5000_4009.wav,104,60,2,8.14,4,train
BASIC5000_4010,data/jsut_ver1.1/basic5000/wav/BASIC5000_4010.wav,86,53,3,6.43,4,train
BASIC5000_4011,data/jsut_ver1.1/basic5000/wav/BASIC5000_4011.wav,77,42,1,5.71,4,train
BASIC5000_4012,data/jsut_ver1.1/basic5000/wav/BASIC5000_4012.wav,73,46,5,5.64,4,train
BASIC5000_4013,data/jsut_ver1.1/basic5000/wav/BASIC5000_4013.wav,82,48,1,6.1,4,train
BASIC5000_4014,data/jsut_ver1.1/basic5000/wav/BASIC5000_4014.wav,44,28,2,3.75,2,test
BASIC5000_4015,data/jsut_ver1.1/basic5000/wav/BASIC5000_4015.wav,113,74,8,8.63,4,test
BASIC5000_4016,data/jsut_ver1.1/basic5000/wav/BASIC5000_4016.wav,163,96,4,11.64,4,train
BASIC5000_4017,data/jsut_ver1.1/basic5000/wav/BASIC5000_4017.wav,106,62,5,7.94,4,train
BASIC5000_4018,data/jsut_ver1.1/basic5000/wav/BASIC5000_4018.wav,135,81,5,10.06,4,train
BASIC5000_4019,data/jsut_ver1.1/basic5000/wav/BASIC5000_4019.wav,88,54,4,6.66,4,train
BASIC5000_4020,data/jsut_ver1.1/basic5000/wav/BASIC5000_4020.wav,44,26,0,4.28,2,train
BASIC5000_4021,data/jsut_ver1.1/basic5000/wav/BASIC5000_4021.wav,41,25,0,3.27,2,train
BASIC5000_4022,data/jsut_ver1.1/basic5000/wav/BASIC5000_4022.wav,68,41,2,5.42,3,val
BASIC5000_4023,data/jsut_ver1.1/basic5000/wav/BASIC5000_4023.wav,62,40,2,6.55,3,train
BASIC5000_4024,data/jsut_ver1.1/basic5000/wav/BASIC5000_4024.wav,85,54,3,7.07,4,val
BASIC5000_4025,data/jsut_ver1.1/basic5000/wav/BASIC5000_4025.wav,43,26,0,3.71,2,train
BASIC5000_4026,data/jsut_ver1.1/basic5000/wav/BASIC5000_4026.wav,163,103,7,14.15,4,train
BASIC5000_4027,data/jsut_ver1.1/basic5000/wav/BASIC5000_4027.wav,45,29,3,3.88,2,train
BASIC5000_4028,data/jsut_ver1.1/basic5000/wav/BASIC5000_4028.wav,90,57,3,6.9,4,val
BASIC5000_4029,data/jsut_ver1.1/basic5000/wav/BASIC5000_4029.wav,102,58,2,7.57,4,train
BASIC5000_4030,data/jsut_ver1.1/basic5000/wav/BASIC5000_4030.wav,52,32,2,4.32,3,test
BASIC5000_4031,data/jsut_ver1.1/basic5000/wav/BASIC5000_4031.wav,60,37,3,4.98,3,train
BASIC5000_4032,data/jsut_ver1.1/basic5000/wav/BASIC5000_4032.wav,83,49,2,6.47,4,train
BASIC5000_4033,data/jsut_ver1.1/basic5000/wav/BASIC5000_4033.wav,48,27,1,3.75,2,train
BASIC5000_4034,data/jsut_ver1.1/basic5000/wav/BASIC5000_4034.wav,131,82,2,9.49,4,train
BASIC5000_4035,data/jsut_ver1.1/basic5000/wav/BASIC5000_4035.wav,96,58,3,7.33,4,train
BASIC5000_4036,data/jsut_ver1.1/basic5000/wav/BASIC5000_4036.wav,55,33,2,4.6,3,train
BASIC5000_4037,data/jsut_ver1.1/basic5000/wav/BASIC5000_4037.wav,133,78,1,10.13,4,train
BASIC5000_4038,data/jsut_ver1.1/basic5000/wav/BASIC5000_4038.wav,79,49,4,5.93,4,train
BASIC5000_4039,data/jsut_ver1.1/basic5000/wav/BASIC5000_4039.wav,106,62,1,7.93,4,train
BASIC5000_4040,data/jsut_ver1.1/basic5000/wav/BASIC5000_4040.wav,60,37,4,4.67,3,train
BASIC5000_4041,data/jsut_ver1.1/basic5000/wav/BASIC5000_4041.wav,117,69,2,8.72,4,train
BASIC5000_4042,data/jsut_ver1.1/basic5000/wav/BASIC5000_4042.wav,75,45,2,5.84,4,train
BASIC5000_4043,data/jsut_ver1.1/basic5000/wav/BASIC5000_4043.wav,54,31,1,4.37,3,train
BASIC5000_4044,data/jsut_ver1.1/basic5000/wav/BASIC5000_4044.wav,57,34,0,4.84,3,train
BASIC5000_4045,data/jsut_ver1.1/basic5000/wav/BASIC5000_4045.wav,37,24,1,4.43,1,val
BASIC5000_4046,data/jsut_ver1.1/basic5000/wav/BASIC5000_4046.wav,49,28,0,3.97,2,train
BASIC5000_4047,data/jsut_ver1.1/basic5000/wav/BASIC5000_4047.wav,152,92,5,11.82,4,train
BASIC5000_4048,data/jsut_ver1.1/basic5000/wav/BASIC5000_4048.wav,139,84,6,9.97,4,train
BASIC5000_4049,data/jsut_ver1.1/basic5000/wav/BASIC5000_4049.wav,84,54,6,6.51,4,train
BASIC5000_4050,data/jsut_ver1.1/basic5000/wav/BASIC5000_4050.wav,107,69,4,8.46,4,train
BASIC5000_4051,data/jsut_ver1.1/basic5000/wav/BASIC5000_4051.wav,102,63,5,7.42,4,train
BASIC5000_4052,data/jsut_ver1.1/basic5000/wav/BASIC5000_4052.wav,106,62,0,8.82,4,val
BASIC5000_4053,data/jsut_ver1.1/basic5000/wav/BASIC5000_4053.wav,183,110,5,13.65,4,train
BASIC5000_4054,data/jsut_ver1.1/basic5000/wav/BASIC5000_4054.wav,145,92,9,12.419291666666666,4,train
BASIC5000_4055,data/jsut_ver1.1/basic5000/wav/BASIC5000_4055.wav,143,87,6,11.099291666666666,4,train
BASIC5000_4056,data/jsut_ver1.1/basic5000/wav/BASIC5000_4056.wav,38,25,2,3.27,1,train
BASIC5000_4057,data/jsut_ver1.1/basic5000/wav/BASIC5000_4057.wav,58,37,1,4.91,3,train
BASIC5000_4058,data/jsut_ver1.1/basic5000/wav/BASIC5000_4058.wav,73,47,4,5.44,4,train
BASIC5000_4059,data/jsut_ver1.1/basic5000/wav/BASIC5000_4059.wav,164,99,5,11.62,4,train
BASIC5000_4060,data/jsut_ver1.1/basic5000/wav/BASIC5000_4060.wav,121,76,8,8.34,4,train
BASIC5000_4061,data/jsut_ver1.1/basic5000/wav/BASIC5000_4061.wav,88,56,6,6.8,4,test
BASIC5000_4062,data/jsut_ver1.1/basic5000/wav/BASIC5000_4062.wav,121,72,3,8.65,4,val
BASIC5000_4063,data/jsut_ver1.1/basic5000/wav/BASIC5000_4063.wav,111,64,1,8.769291666666666,4,train
BASIC5000_4064,data/jsut_ver1.1/basic5000/wav/BASIC5000_4064.wav,113,67,2,8.67,4,train
BASIC5000_4065,data/jsut_ver1.1/basic5000/wav/BASIC5000_4065.wav,128,76,3,9.73,4,train
BASIC5000_4066,data/jsut_ver1.1/basic5000/wav/BASIC5000_4066.wav,97,55,1,7.3,4,train
BASIC5000_4067,data/jsut_ver1.1/basic5000/wav/BASIC5000_4067.wav,126,76,5,10.39,4,test
BASIC5000_4068,data/jsut_ver1.1/basic5000/wav/BASIC5000_4068.wav,51,30,0,4.93,3,train
BASIC5000_4069,data/jsut_ver1.1/basic5000/wav/BASIC5000_4069.wav,67,38,2,5.0,3,train
BASIC5000_4070,data/jsut_ver1.1/basic5000/wav/BASIC5000_4070.wav,92,53,1,6.75,4,train
BASIC5000_4071,data/jsut_ver1.1/basic5000/wav/BASIC5000_4071.wav,95,56,2,7.7,4,train
BASIC5000_4072,data/jsut_ver1.1/basic5000/wav/BASIC5000_4072.wav,100,59,0,7.65,4,train
BASIC5000_4073,data/jsut_ver1.1/basic5000/wav/BASIC5000_4073.wav,173,105,3,14.379291666666667,4,train
BASIC5000_4074,data/jsut_ver1.1/basic5000/wav/BASIC5000_4074.wav,65,40,4,5.29,3,train
BASIC5000_4075,data/jsut_ver1.1/basic5000/wav/BASIC5000_4075.wav,92,53,5,7.2,4,train
BASIC5000_4076,data/jsut_ver1.1/basic5000/wav/BASIC5000_4076.wav,52,29,1,4.0,3,train
BASIC5000_4077,data/jsut_ver1.1/basic5000/wav/BASIC5000_4077.wav,95,57,2,7.91,4,train
BASIC5000_4078,data/jsut_ver1.1/basic5000/wav/BASIC5000_4078.wav,45,28,1,4.12,2,val
BASIC5000_4079,data/jsut_ver1.1/basic5000/wav/BASIC5000_4079.wav,85,51,1,7.309291666666667,4,train
BASIC5000_4080,data/jsut_ver1.1/basic5000/wav/BASIC5000_4080.wav,55,32,2,4.879291666666667,3,val
BASIC5000_4081,data/jsut_ver1.1/basic5000/wav/BASIC5000_4081.wav,144,88,3,11.729291666666667,4,test
BASIC5000_4082,data/jsut_ver1.1/basic5000/wav/BASIC5000_4082.wav,122,77,8,9.97,4,train
BASIC5000_4083,data/jsut_ver1.1/basic5000/wav/BASIC5000_4083.wav,48,28,1,4.539291666666666,2,train
BASIC5000_4084,data/jsut_ver1.1/basic5000/wav/BASIC5000_4084.wav,100,62,3,9.479291666666667,4,train
BASIC5000_4085,data/jsut_ver1.1/basic5000/wav/BASIC5000_4085.wav,88,56,5,7.299291666666667,4,train
BASIC5000_4086,data/jsut_ver1.1/basic5000/wav/BASIC5000_4086.wav,82,46,1,7.449291666666666,4,train
BASIC5000_4087,data/jsut_ver1.1/basic5000/wav/BASIC5000_4087.wav,83,51,3,6.86,4,train
BASIC5000_4088,data/jsut_ver1.1/basic5000/wav/BASIC5000_4088.wav,124,78,7,9.509291666666666,4,val
BASIC5000_4089,data/jsut_ver1.1/basic5000/wav/BASIC5000_4089.wav,111,63,4,8.069291666666667,4,val
BASIC5000_4090,data/jsut_ver1.1/basic5000/wav/BASIC5000_4090.wav,85,51,2,6.999291666666666,4,train
BASIC5000_4091,data/jsut_ver1.1/basic5000/wav/BASIC5000_4091.wav,134,74,2,10.18,4,test
BASIC5000_4092,data/jsut_ver1.1/basic5000/wav/BASIC5000_4092.wav,52,31,0,5.7,3,val
BASIC5000_4093,data/jsut_ver1.1/basic5000/wav/BASIC5000_4093.wav,60,34,0,5.15,3,train
BASIC5000_4094,data/jsut_ver1.1/basic5000/wav/BASIC5000_4094.wav,74,43,0,6.229291666666667,4,train
BASIC5000_4095,data/jsut_ver1.1/basic5000/wav/BASIC5000_4095.wav,114,66,3,8.36,4,train
BASIC5000_4096,data/jsut_ver1.1/basic5000/wav/BASIC5000_4096.wav,80,46,2,6.799291666666667,4,train
BASIC5000_4097,data/jsut_ver1.1/basic5000/wav/BASIC5000_4097.wav,73,40,0,5.38,4,train
BASIC5000_4098,data/jsut_ver1.1/basic5000/wav/BASIC5000_4098.wav,45,26,2,4.6,2,train
BASIC5000_4099,data/jsut_ver1.1/basic5000/wav/BASIC5000_4099.wav,114,69,4,8.9,4,train
BASIC5000_4100,data/jsut_ver1.1/basic5000/wav/BASIC5000_4100.wav,59,36,0,5.729291666666667,3,train
BASIC5000_4101,data/jsut_ver1.1/basic5000/wav/BASIC5000_4101.wav,70,43,3,6.359291666666667,4,train
BASIC5000_4102,data/jsut_ver1.1/basic5000/wav/BASIC5000_4102.wav,109,66,4,8.65,4,train
BASIC5000_4103,data/jsut_ver1.1/basic5000/wav/BASIC5000_4103.wav,133,79,4,10.43,4,train
BASIC5000_4104,data/jsut_ver1.1/basic5000/wav/BASIC5000_4104.wav,147,85,3,11.39,4,train
BASIC5000_4105,data/jsut_ver1.1/basic5000/wav/BASIC5000_4105.wav,66,41,3,7.339291666666667,3,test
BASIC5000_4106,data/jsut_ver1.1/basic5000/wav/BASIC5000_4106.wav,53,30,0,4.42,3,train
BASIC5000_4107,data/jsut_ver1.1/basic5000/wav/BASIC5000_4107.wav,76,45,0,11.149291666666667,4,train
BASIC5000_4108,data/jsut_ver1.1/basic5000/wav/BASIC5000_4108.wav,49,28,2,4.499291666666666,2,train
BASIC5000_4109,data/jsut_ver1.1/basic5000/wav/BASIC5000_4109.wav,44,25,0,3.84,2,train
BASIC5000_4110,data/jsut_ver1.1/basic5000/wav/BASIC5000_4110.wav,162,96,4,13.099291666666666,4,val
BASIC5000_4111,data/jsut_ver1.1/basic5000/wav/BASIC5000_4111.wav,119,74,5,9.36,4,train
BASIC5000_4112,data/jsut_ver1.1/basic5000/wav/BASIC5000_4112.wav,98,63,3,8.469291666666667,4,train
BASIC5000_4113,data/jsut_ver1.1/basic5000/wav/BASIC5000_4113.wav,115,65,1,9.349291666666666,4,val
BASIC5000_4114,data/jsut_ver1.1/basic5000/wav/BASIC5000_4114.wav,91,56,3,7.389291666666667,4,train
BASIC5000_4115,data/jsut_ver1.1/basic5000/wav/BASIC5000_4115.wav,38,22,0,3.619291666666667,1,train
BASIC5000_4116,data/jsut_ver1.1/basic5000/wav/BASIC5000_4116.wav,144,92,7,11.829291666666666,4,test
BASIC5000_4117,data/jsut_ver1.1/basic5000/wav/BASIC5000_4117.wav,101,59,3,7.789291666666666,4,train
BASIC5000_4118,data/jsut_ver1.1/basic5000/wav/BASIC5000_4118.wav,48,29,1,3.87,2,train
BASIC5000_4119,data/jsut_ver1.1/basic5000/wav/BASIC5000_4119.wav,64,39,2,5.63,3,train
BASIC5000_4120,data/jsut_ver1.1/basic5000/wav/BASIC5000_4120.wav,71,44,4,5.54,4,train
BASIC5000_4121,data/jsut_ver1.1/basic5000/wav/BASIC5000_4121.wav,50,29,0,4.769291666666667,3,train
BASIC5000_4122,data/jsut_ver1.1/basic5000/wav/BASIC5000_4122.wav,83,53,4,6.43,4,train
BASIC5000_4123,data/jsut_ver1.1/basic5000/wav/BASIC5000_4123.wav,103,61,5,7.309291666666667,4,train
BASIC5000_4124,data/jsut_ver1.1/basic5000/wav/BASIC5000_4124.wav,53,31,1,4.41,3,train
BASIC5000_4125,data/jsut_ver1.1/basic5000/wav/BASIC5000_4125.wav,135,82,1,10.76,4,train
BASIC5000_4126,data/jsut_ver1.1/basic5000/wav/BASIC5000_4126.wav,56,32,0,4.48,3,train
BASIC5000_4127,data/jsut_ver1.1/basic5000/wav/BASIC5000_4127.wav,144,83,3,10.829291666666666,4,train
BASIC5000_4128,data/jsut_ver1.1/basic5000/wav/BASIC5000_4128.wav,159,92,3,12.95,4,train
BASIC5000_4129,data/jsut_ver1.1/basic5000/wav/BASIC5000_4129.wav,47,27,1,4.03,2,test
BASIC5000_4130,data/jsut_ver1.1/basic5000/wav/BASIC5000_4130.wav,57,33,0,4.79,3,train
BASIC5000_4131,data/jsut_ver1.1/basic5000/wav/BASIC5000_4131.wav,87,49,1,6.49,4,train
BASIC5000_4132,data/jsut_ver1.1/basic5000/wav/BASIC5000_4132.wav,60,36,1,4.86,3,train
BASIC5000_4133,data/jsut_ver1.1/basic5000/wav/BASIC5000_4133.wav,141,85,5,10.36,4,train
BASIC5000_4134,data/jsut_ver1.1/basic5000/wav/BASIC5000_4134.wav,140,85,2,12.199291666666667,4,train
BASIC5000_4135,data/jsut_ver1.1/basic5000/wav/BASIC5000_4135.wav,35,22,0,3.2,1,train
BASIC5000_4136,data/jsut_ver1.1/basic5000/wav/BASIC5000_4136.wav,111,67,6,9.17,4,train
BASIC5000_4137,data/jsut_ver1.1/basic5000/wav/BASIC5000_4137.wav,98,61,4,7.709291666666667,4,train
BASIC5000_4138,data/jsut_ver1.1/basic5000/wav/BASIC5000_4138.wav,40,25,2,3.42,2,train
BASIC5000_4139,data/jsut_ver1.1/basic5000/wav/BASIC5000_4139.wav,43,27,2,3.88,2,train
BASIC5000_4140,data/jsut_ver1.1/basic5000/wav/BASIC5000_4140.wav,63,43,5,5.06,3,train
BASIC5000_4141,data/jsut_ver1.1/basic5000/wav/BASIC5000_4141.wav,112,66,4,8.22,4,train
BASIC5000_4142,data/jsut_ver1.1/basic5000/wav/BASIC5000_4142.wav,34,20,1,3.0292916666666665,1,train
BASIC5000_4143,data/jsut_ver1.1/basic5000/wav/BASIC5000_4143.wav,64,36,1,5.02,3,train
BASIC5000_4144,data/jsut_ver1.1/basic5000/wav/BASIC5000_4144.wav,105,63,5,7.74,4,test
BASIC5000_4145,data/jsut_ver1.1/basic5000/wav/BASIC5000_4145.wav,170,102,4,12.85,4,train
BASIC5000_4146,data/jsut_ver1.1/basic5000/wav/BASIC5000_4146.wav,64,37,0,5.13,3,val
BASIC5000_4147,data/jsut_ver1.1/basic5000/wav/BASIC5000_4147.wav,168,107,12,13.599291666666666,4,train
BASIC5000_4148,data/jsut_ver1.1/basic5000/wav/BASIC5000_4148.wav,115,64,3,8.69,4,test
BASIC5000_4149,data/jsut_ver1.1/basic5000/wav/BASIC5000_4149.wav,97,62,5,7.77,4,train
BASIC5000_4150,data/jsut_ver1.1/basic5000/wav/BASIC5000_4150.wav,123,72,4,9.179291666666666,4,train
BASIC5000_4151,data/jsut_ver1.1/basic5000/wav/BASIC5000_4151.wav,50,29,2,4.29,3,train
BASIC5000_4152,data/jsut_ver1.1/basic5000/wav/BASIC5000_4152.wav,106,63,3,8.164708333333333,4,train
BASIC5000_4153,data/jsut_ver1.1/basic5000/wav/BASIC5000_4153.wav,121,75,3,11.61,4,train
BASIC5000_4154,data/jsut_ver1.1/basic5000/wav/BASIC5000_4154.wav,52,33,2,4.26,3,train
BASIC5000_4155,data/jsut_ver1.1/basic5000/wav/BASIC5000_4155.wav,94,51,0,7.54,4,train
BASIC5000_4156,data/jsut_ver1.1/basic5000/wav/BASIC5000_4156.wav,83,52,1,7.12,4,train
BASIC5000_4157,data/jsut_ver1.1/basic5000/wav/BASIC5000_4157.wav,92,54,4,7.85,4,train
BASIC5000_4158,data/jsut_ver1.1/basic5000/wav/BASIC5000_4158.wav,75,48,5,6.593020833333333,4,train
BASIC5000_4159,data/jsut_ver1.1/basic5000/wav/BASIC5000_4159.wav,68,41,1,6.039291666666666,3,test
BASIC5000_4160,data/jsut_ver1.1/basic5000/wav/BASIC5000_4160.wav,125,73,2,11.57,4,train
BASIC5000_4161,data/jsut_ver1.1/basic5000/wav/BASIC5000_4161.wav,60,35,2,4.54,3,train
BASIC5000_4162,data/jsut_ver1.1/basic5000/wav/BASIC5000_4162.wav,72,44,1,5.82,4,test
BASIC5000_4163,data/jsut_ver1.1/basic5000/wav/BASIC5000_4163.wav,82,49,4,6.579291666666666,4,train
BASIC5000_4164,data/jsut_ver1.1/basic5000/wav/BASIC5000_4164.wav,117,68,2,10.579291666666666,4,train
BASIC5000_4165,data/jsut_ver1.1/basic5000/wav/BASIC5000_4165.wav,57,33,3,4.929291666666667,3,train
BASIC5000_4166,data/jsut_ver1.1/basic5000/wav/BASIC5000_4166.wav,102,63,2,8.75,4,test
BASIC5000_4167,data/jsut_ver1.1/basic5000/wav/BASIC5000_4167.wav,80,51,5,6.93,4,val
BASIC5000_4168,data/jsut_ver1.1/basic5000/wav/BASIC5000_4168.wav,121,72,3,11.889291666666667,4,train
BASIC5000_4169,data/jsut_ver1.1/basic5000/wav/BASIC5000_4169.wav,99,60,2,7.85,4,train
BASIC5000_4170,data/jsut_ver1.1/basic5000/wav/BASIC5000_4170.wav,60,35,1,5.05,3,train
BASIC5000_4171,data/jsut_ver1.1/basic5000/wav/BASIC5000_4171.wav,73,42,3,5.87,4,train
BASIC5000_4172,data/jsut_ver1.1/basic5000/wav/BASIC5000_4172.wav,112,69,6,8.61,4,train
BASIC5000_4173,data/jsut_ver1.1/basic5000/wav/BASIC5000_4173.wav,42,26,1,4.49,2,train
BASIC5000_4174,data/jsut_ver1.1/basic5000/wav/BASIC5000_4174.wav,127,72,2,9.31,4,train
BASIC5000_4175,data/jsut_ver1.1/basic5000/wav/BASIC5000_4175.wav,116,72,3,9.839291666666666,4,val
BASIC5000_4176,data/jsut_ver1.1/basic5000/wav/BASIC5000_4176.wav,120,71,5,9.22,4,train
BASIC5000_4177,data/jsut_ver1.1/basic5000/wav/BASIC5000_4177.wav,59,36,2,5.02,3,train
BASIC5000_4178,data/jsut_ver1.1/basic5000/wav/BASIC5000_4178.wav,57,32,1,4.679291666666667,3,train
BASIC5000_4179,data/jsut_ver1.1/basic5000/wav/BASIC5000_4179.wav,100,62,2,9.06,4,train
BASIC5000_4180,data/jsut_ver1.1/basic5000/wav/BASIC5000_4180.wav,121,77,4,10.08,4,train
BASIC5000_4181,data/jsut_ver1.1/basic5000/wav/BASIC5000_4181.wav,30,19,2,2.71,1,train
BASIC5000_4182,data/jsut_ver1.1/basic5000/wav/BASIC5000_4182.wav,32,18,1,3.0,1,train
BASIC5000_4183,data/jsut_ver1.1/basic5000/wav/BASIC5000_4183.wav,78,50,6,6.03,4,train
BASIC5000_4184,data/jsut_ver1.1/basic5000/wav/BASIC5000_4184.wav,41,26,2,3.64,2,val
BASIC5000_4185,data/jsut_ver1.1/basic5000/wav/BASIC5000_4185.wav,165,94,2,12.28,4,train
BASIC5000_4186,data/jsut_ver1.1/basic5000/wav/BASIC5000_4186.wav,75,43,2,5.7,4,train
BASIC5000_4187,data/jsut_ver1.1/basic5000/wav/BASIC5000_4187.wav,104,63,3,8.65,4,val
BASIC5000_4188,data/jsut_ver1.1/basic5000/wav/BASIC5000_4188.wav,117,75,5,8.75,4,train
BASIC5000_4189,data/jsut_ver1.1/basic5000/wav/BASIC5000_4189.wav,37,23,1,3.6,1,train
BASIC5000_4190,data/jsut_ver1.1/basic5000/wav/BASIC5000_4190.wav,68,43,3,5.14,3,train
BASIC5000_4191,data/jsut_ver1.1/basic5000/wav/BASIC5000_4191.wav,128,78,5,10.619291666666667,4,train
BASIC5000_4192,data/jsut_ver1.1/basic5000/wav/BASIC5000_4192.wav,102,62,3,8.19,4,train
BASIC5000_4193,data/jsut_ver1.1/basic5000/wav/BASIC5000_4193.wav,67,43,1,6.009291666666667,3,train
BASIC5000_4194,data/jsut_ver1.1/basic5000/wav/BASIC5000_4194.wav,136,83,4,10.759291666666666,4,train
BASIC5000_4195,data/jsut_ver1.1/basic5000/wav/BASIC5000_4195.wav,193,124,10,15.71,4,train
BASIC5000_4196,data/jsut_ver1.1/basic5000/wav/BASIC5000_4196.wav,62,38,2,5.9892916666666665,3,train
BASIC5000_4197,data/jsut_ver1.1/basic5000/wav/BASIC5000_4197.wav,62,38,3,5.41,3,test
BASIC5000_4198,data/jsut_ver1.1/basic5000/wav/BASIC5000_4198.wav,96,56,0,7.56,4,train
BASIC5000_4199,data/jsut_ver1.1/basic5000/wav/BASIC5000_4199.wav,80,52,3,6.7775625,4,train
BASIC5000_4200,data/jsut_ver1.1/basic5000/wav/BASIC5000_4200.wav,78,47,3,6.678645833333333,4,train
BASIC5000_4201,data/jsut_ver1.1/basic5000/wav/BASIC5000_4201.wav,79,49,2,7.25,4,val
BASIC5000_4202,data/jsut_ver1.1/basic5000/wav/BASIC5000_4202.wav,58,34,2,4.83,3,train
BASIC5000_4203,data/jsut_ver1.1/basic5000/wav/BASIC5000_4203.wav,75,45,0,6.159291666666666,4,val
BASIC5000_4204,data/jsut_ver1.1/basic5000/wav/BASIC5000_4204.wav,94,57,4,7.699291666666666,4,train
BASIC5000_4205,data/jsut_ver1.1/basic5000/wav/BASIC5000_4205.wav,152,94,3,12.98,4,train
BASIC5000_4206,data/jsut_ver1.1/basic5000/wav/BASIC5000_4206.wav,90,52,2,6.87,4,train
BASIC5000_4207,data/jsut_ver1.1/basic5000/wav/BASIC5000_4207.wav,157,98,5,13.829291666666666,4,train
BASIC5000_4208,data/jsut_ver1.1/basic5000/wav/BASIC5000_4208.wav,42,26,3,3.42,2,val
BASIC5000_4209,data/jsut_ver1.1/basic5000/wav/BASIC5000_4209.wav,107,62,3,9.009291666666666,4,train
BASIC5000_4210,data/jsut_ver1.1/basic5000/wav/BASIC5000_4210.wav,38,20,0,3.3792916666666666,1,train
BASIC5000_4211,data/jsut_ver1.1/basic5000/wav/BASIC5000_4211.wav,82,48,1,6.85,4,train
BASIC5000_4212,data/jsut_ver1.1/basic5000/wav/BASIC5000_4212.wav,95,57,2,7.809291666666667,4,train
BASIC5000_4213,data/jsut_ver1.1/basic5000/wav/BASIC5000_4213.wav,79,46,3,5.91,4,test
BASIC5000_4214,data/jsut_ver1.1/basic5000/wav/BASIC5000_4214.wav,120,71,5,8.48,4,train
BASIC5000_4215,data/jsut_ver1.1/basic5000/wav/BASIC5000_4215.wav,93,54,1,7.579291666666666,4,train
BASIC5000_4216,data/jsut_ver1.1/basic5000/wav/BASIC5000_4216.wav,144,91,8,11.59,4,val
BASIC5000_4217,data/jsut_ver1.1/basic5000/wav/BASIC5000_4217.wav,69,38,1,5.03,3,train
BASIC5000_4218,data/jsut_ver1.1/basic5000/wav/BASIC5000_4218.wav,45,26,0,4.24,2,train
BASIC5000_4219,data/jsut_ver1.1/basic5000/wav/BASIC5000_4219.wav,43,26,2,3.6,2,train
BASIC5000_4220,data/jsut_ver1.1/basic5000/wav/BASIC5000_4220.wav,82,54,3,6.68,4,val
BASIC5000_4221,data/jsut_ver1.1/basic5000/wav/BASIC5000_4221.wav,69,42,2,5.32,3,train
BASIC5000_4222,data/jsut_ver1.1/basic5000/wav/BASIC5000_4222.wav,91,53,2,7.25,4,train
BASIC5000_4223,data/jsut_ver1.1/basic5000/wav/BASIC5000_4223.wav,64,42,4,5.6,3,val
BASIC5000_4224,data/jsut_ver1.1/basic5000/wav/BASIC5000_4224.wav,83,49,4,6.47,4,train
BASIC5000_4225,data/jsut_ver1.1/basic5000/wav/BASIC5000_4225.wav,114,68,2,8.9856875,4,train
BASIC5000_4226,data/jsut_ver1.1/basic5000/wav/BASIC5000_4226.wav,109,69,3,8.79,4,train
BASIC5000_4227,data/jsut_ver1.1/basic5000/wav/BASIC5000_4227.wav,71,44,3,5.81,4,train
BASIC5000_4228,data/jsut_ver1.1/basic5000/wav/BASIC5000_4228.wav,111,67,3,8.36,4,train
BASIC5000_4229,data/jsut_ver1.1/basic5000/wav/BASIC5000_4229.wav,66,40,1,4.97,3,val
BASIC5000_4230,data/jsut_ver1.1/basic5000/wav/BASIC5000_4230.wav,124,77,4,10.53,4,train
BASIC5000_4231,data/jsut_ver1.1/basic5000/wav/BASIC5000_4231.wav,58,33,1,5.469291666666667,3,train
BASIC5000_4232,data/jsut_ver1.1/basic5000/wav/BASIC5000_4232.wav,130,76,2,10.54,4,train
BASIC5000_4233,data/jsut_ver1.1/basic5000/wav/BASIC5000_4233.wav,85,53,6,6.87,4,train
BASIC5000_4234,data/jsut_ver1.1/basic5000/wav/BASIC5000_4234.wav,83,50,4,7.079291666666666,4,train
BASIC5000_4235,data/jsut_ver1.1/basic5000/wav/BASIC5000_4235.wav,49,31,3,4.29,2,train
BASIC5000_4236,data/jsut_ver1.1/basic5000/wav/BASIC5000_4236.wav,124,77,4,10.12,4,train
BASIC5000_4237,data/jsut_ver1.1/basic5000/wav/BASIC5000_4237.wav,130,81,8,10.6,4,test
BASIC5000_4238,data/jsut_ver1.1/basic5000/wav/BASIC5000_4238.wav,101,61,4,8.18,4,train
BASIC5000_4239,data/jsut_ver1.1/basic5000/wav/BASIC5000_4239.wav,86,52,2,7.0,4,test
BASIC5000_4240,data/jsut_ver1.1/basic5000/wav/BASIC5000_4240.wav,156,89,4,12.36,4,train
BASIC5000_4241,data/jsut_ver1.1/basic5000/wav/BASIC5000_4241.wav,73,44,0,6.09,4,train
BASIC5000_4242,data/jsut_ver1.1/basic5000/wav/BASIC5000_4242.wav,118,72,4,8.82,4,val
BASIC5000_4243,data/jsut_ver1.1/basic5000/wav/BASIC5000_4243.wav,121,73,2,9.57,4,train
BASIC5000_4244,data/jsut_ver1.1/basic5000/wav/BASIC5000_4244.wav,112,72,8,8.26,4,train
BASIC5000_4245,data/jsut_ver1.1/basic5000/wav/BASIC5000_4245.wav,85,52,3,7.6,4,train
BASIC5000_4246,data/jsut_ver1.1/basic5000/wav/BASIC5000_4246.wav,80,47,2,6.909291666666666,4,train
BASIC5000_4247,data/jsut_ver1.1/basic5000/wav/BASIC5000_4247.wav,43,25,0,3.84,2,test
BASIC5000_4248,data/jsut_ver1.1/basic5000/wav/BASIC5000_4248.wav,109,67,5,8.88,4,train
BASIC5000_4249,data/jsut_ver1.1/basic5000/wav/BASIC5000_4249.wav,125,75,3,10.03,4,train
BASIC5000_4250,data/jsut_ver1.1/basic5000/wav/BASIC5000_4250.wav,43,26,2,3.41,2,train
BASIC5000_4251,data/jsut_ver1.1/basic5000/wav/BASIC5000_4251.wav,57,38,6,4.95,3,test
BASIC5000_4252,data/jsut_ver1.1/basic5000/wav/BASIC5000_4252.wav,128,79,9,9.477208333333333,4,train
BASIC5000_4253,data/jsut_ver1.1/basic5000/wav/BASIC5000_4253.wav,84,53,3,7.209291666666667,4,train
BASIC5000_4254,data/jsut_ver1.1/basic5000/wav/BASIC5000_4254.wav,80,47,0,6.559291666666667,4,train
BASIC5000_4255,data/jsut_ver1.1/basic5000/wav/BASIC5000_4255.wav,65,37,1,5.39,3,train
BASIC5000_4256,data/jsut_ver1.1/basic5000/wav/BASIC5000_4256.wav,76,47,3,6.02,4,train
BASIC5000_4257,data/jsut_ver1.1/basic5000/wav/BASIC5000_4257.wav,61,34,0,4.75,3,train
BASIC5000_4258,data/jsut_ver1.1/basic5000/wav/BASIC5000_4258.wav,73,46,3,5.95,4,train
BASIC5000_4259,data/jsut_ver1.1/basic5000/wav/BASIC5000_4259.wav,84,52,3,6.78,4,train
BASIC5000_4260,data/jsut_ver1.1/basic5000/wav/BASIC5000_4260.wav,54,31,2,4.5,3,test
BASIC5000_4261,data/jsut_ver1.1/basic5000/wav/BASIC5000_4261.wav,117,74,7,10.839291666666666,4,train
BASIC5000_4262,data/jsut_ver1.1/basic5000/wav/BASIC5000_4262.wav,53,33,2,4.36,3,train
BASIC5000_4263,data/jsut_ver1.1/basic5000/wav/BASIC5000_4263.wav,87,53,2,7.16,4,train
BASIC5000_4264,data/jsut_ver1.1/basic5000/wav/BASIC5000_4264.wav,39,23,1,3.7592916666666665,1,val
BASIC5000_4265,data/jsut_ver1.1/basic5000/wav/BASIC5000_4265.wav,83,49,2,6.34,4,train
BASIC5000_4266,data/jsut_ver1.1/basic5000/wav/BASIC5000_4266.wav,68,45,5,5.47,3,train
BASIC5000_4267,data/jsut_ver1.1/basic5000/wav/BASIC5000_4267.wav,50,30,1,4.28,3,train
BASIC5000_4268,data/jsut_ver1.1/basic5000/wav/BASIC5000_4268.wav,89,54,2,7.409291666666666,4,test
BASIC5000_4269,data/jsut_ver1.1/basic5000/wav/BASIC5000_4269.wav,109,65,3,7.93,4,val
BASIC5000_4270,data/jsut_ver1.1/basic5000/wav/BASIC5000_4270.wav,108,67,4,8.0,4,train
BASIC5000_4271,data/jsut_ver1.1/basic5000/wav/BASIC5000_4271.wav,81,50,3,6.2,4,val
BASIC5000_4272,data/jsut_ver1.1/basic5000/wav/BASIC5000_4272.wav,131,76,3,9.55,4,train
BASIC5000_4273,data/jsut_ver1.1/basic5000/wav/BASIC5000_4273.wav,53,35,4,4.76,3,train
BASIC5000_4274,data/jsut_ver1.1/basic5000/wav/BASIC5000_4274.wav,123,76,2,9.3,4,train
BASIC5000_4275,data/jsut_ver1.1/basic5000/wav/BASIC5000_4275.wav,27,18,2,2.44,1,train
BASIC5000_4276,data/jsut_ver1.1/basic5000/wav/BASIC5000_4276.wav,66,39,0,5.39,3,train
BASIC5000_4277,data/jsut_ver1.1/basic5000/wav/BASIC5000_4277.wav,39,22,0,3.36,1,train
BASIC5000_4278,data/jsut_ver1.1/basic5000/wav/BASIC5000_4278.wav,105,59,1,7.74,4,test
BASIC5000_4279,data/jsut_ver1.1/basic5000/wav/BASIC5000_4279.wav,74,43,0,6.16,4,train
BASIC5000_4280,data/jsut_ver1.1/basic5000/wav/BASIC5000_4280.wav,90,54,0,7.24,4,train
BASIC5000_4281,data/jsut_ver1.1/basic5000/wav/BASIC5000_4281.wav,116,74,7,8.49,4,val
BASIC5000_4282,data/jsut_ver1.1/basic5000/wav/BASIC5000_4282.wav,47,29,2,4.04,2,train
BASIC5000_4283,data/jsut_ver1.1/basic5000/wav/BASIC5000_4283.wav,82,48,1,6.47,4,train
BASIC5000_4284,data/jsut_ver1.1/basic5000/wav/BASIC5000_4284.wav,45,28,2,3.67,2,train
BASIC5000_4285,data/jsut_ver1.1/basic5000/wav/BASIC5000_4285.wav,136,79,2,11.59,4,train
BASIC5000_4286,data/jsut_ver1.1/basic5000/wav/BASIC5000_4286.wav,62,40,4,4.98,3,train
BASIC5000_4287,data/jsut_ver1.1/basic5000/wav/BASIC5000_4287.wav,85,50,2,6.61,4,val
BASIC5000_4288,data/jsut_ver1.1/basic5000/wav/BASIC5000_4288.wav,68,39,4,5.64,3,train
BASIC5000_4289,data/jsut_ver1.1/basic5000/wav/BASIC5000_4289.wav,119,70,2,9.05,4,train
BASIC5000_4290,data/jsut_ver1.1/basic5000/wav/BASIC5000_4290.wav,66,39,1,5.16,3,train
BASIC5000_4291,data/jsut_ver1.1/basic5000/wav/BASIC5000_4291.wav,116,74,6,9.13,4,train
BASIC5000_4292,data/jsut_ver1.1/basic5000/wav/BASIC5000_4292.wav,47,30,3,4.17,2,val
BASIC5000_4293,data/jsut_ver1.1/basic5000/wav/BASIC5000_4293.wav,112,68,0,9.34,4,train
BASIC5000_4294,data/jsut_ver1.1/basic5000/wav/BASIC5000_4294.wav,139,83,0,10.73,4,train
BASIC5000_4295,data/jsut_ver1.1/basic5000/wav/BASIC5000_4295.wav,142,81,0,10.94,4,train
BASIC5000_4296,data/jsut_ver1.1/basic5000/wav/BASIC5000_4296.wav,109,62,1,8.23,4,train
BASIC5000_4297,data/jsut_ver1.1/basic5000/wav/BASIC5000_4297.wav,103,63,3,7.99,4,train
BASIC5000_4298,data/jsut_ver1.1/basic5000/wav/BASIC5000_4298.wav,70,42,1,5.51,4,test
BASIC5000_4299,data/jsut_ver1.1/basic5000/wav/BASIC5000_4299.wav,106,65,4,8.86,4,train
BASIC5000_4300,data/jsut_ver1.1/basic5000/wav/BASIC5000_4300.wav,136,86,6,10.37,4,val
BASIC5000_4301,data/jsut_ver1.1/basic5000/wav/BASIC5000_4301.wav,53,31,1,4.08,3,train
BASIC5000_4302,data/jsut_ver1.1/basic5000/wav/BASIC5000_4302.wav,121,72,3,9.84,4,train
BASIC5000_4303,data/jsut_ver1.1/basic5000/wav/BASIC5000_4303.wav,65,39,2,5.23,3,train
BASIC5000_4304,data/jsut_ver1.1/basic5000/wav/BASIC5000_4304.wav,83,48,2,6.52,4,train
BASIC5000_4305,data/jsut_ver1.1/basic5000/wav/BASIC5000_4305.wav,55,32,1,4.35,3,train
BASIC5000_4306,data/jsut_ver1.1/basic5000/wav/BASIC5000_4306.wav,90,51,2,7.21,4,train
BASIC5000_4307,data/jsut_ver1.1/basic5000/wav/BASIC5000_4307.wav,125,74,5,9.57,4,train
BASIC5000_4308,data/jsut_ver1.1/basic5000/wav/BASIC5000_4308.wav,67,40,3,5.709291666666667,3,train
BASIC5000_4309,data/jsut_ver1.1/basic5000/wav/BASIC5000_4309.wav,75,46,4,5.99,4,train
BASIC5000_4310,data/jsut_ver1.1/basic5000/wav/BASIC5000_4310.wav,151,93,8,11.89,4,train
BASIC5000_4311,data/jsut_ver1.1/basic5000/wav/BASIC5000_4311.wav,64,39,1,5.72,3,train
BASIC5000_4312,data/jsut_ver1.1/basic5000/wav/BASIC5000_4312.wav,126,78,6,11.559291666666667,4,train
BASIC5000_4313,data/jsut_ver1.1/basic5000/wav/BASIC5000_4313.wav,65,36,2,5.734395833333333,3,train
BASIC5000_4314,data/jsut_ver1.1/basic5000/wav/BASIC5000_4314.wav,123,73,2,9.72,4,train
BASIC5000_4315,data/jsut_ver1.1/basic5000/wav/BASIC5000_4315.wav,57,34,0,5.37,3,train
BASIC5000_4316,data/jsut_ver1.1/basic5000/wav/BASIC5000_4316.wav,67,40,2,7.099291666666667,3,train
BASIC5000_4317,data/jsut_ver1.1/basic5000/wav/BASIC5000_4317.wav,103,60,0,8.68,4,train
BASIC5000_4318,data/jsut_ver1.1/basic5000/wav/BASIC5000_4318.wav,36,21,1,2.89,1,train
BASIC5000_4319,data/jsut_ver1.1/basic5000/wav/BASIC5000_4319.wav,35,22,2,3.03,1,train
BASIC5000_4320,data/jsut_ver1.1/basic5000/wav/BASIC5000_4320.wav,136,82,3,10.06,4,train
BASIC5000_4321,data/jsut_ver1.1/basic5000/wav/BASIC5000_4321.wav,36,20,0,3.02,1,train
BASIC5000_4322,data/jsut_ver1.1/basic5000/wav/BASIC5000_4322.wav,106,65,4,7.77,4,train
BASIC5000_4323,data/jsut_ver1.1/basic5000/wav/BASIC5000_4323.wav,49,31,2,3.83,2,train
BASIC5000_4324,data/jsut_ver1.1/basic5000/wav/BASIC5000_4324.wav,96,59,2,7.8,4,train
BASIC5000_4325,data/jsut_ver1.1/basic5000/wav/BASIC5000_4325.wav,71,45,3,5.62,4,train
BASIC5000_4326,data/jsut_ver1.1/basic5000/wav/BASIC5000_4326.wav,47,29,1,4.08,2,train
BASIC5000_4327,data/jsut_ver1.1/basic5000/wav/BASIC5000_4327.wav,121,70,1,11.82,4,train
BASIC5000_4328,data/jsut_ver1.1/basic5000/wav/BASIC5000_4328.wav,82,51,4,6.12,4,val
BASIC5000_4329,data/jsut_ver1.1/basic5000/wav/BASIC5000_4329.wav,130,77,5,9.41,4,train
BASIC5000_4330,data/jsut_ver1.1/basic5000/wav/BASIC5000_4330.wav,95,59,4,7.42,4,val
BASIC5000_4331,data/jsut_ver1.1/basic5000/wav/BASIC5000_4331.wav,113,67,3,8.94,4,train
BASIC5000_4332,data/jsut_ver1.1/basic5000/wav/BASIC5000_4332.wav,88,53,4,7.087770833333333,4,train
BASIC5000_4333,data/jsut_ver1.1/basic5000/wav/BASIC5000_4333.wav,77,41,0,5.56,4,train
BASIC5000_4334,data/jsut_ver1.1/basic5000/wav/BASIC5000_4334.wav,37,22,0,3.37,1,test
BASIC5000_4335,data/jsut_ver1.1/basic5000/wav/BASIC5000_4335.wav,124,74,0,9.062625,4,train
BASIC5000_4336,data/jsut_ver1.1/basic5000/wav/BASIC5000_4336.wav,137,84,6,12.459291666666667,4,val
BASIC5000_4337,data/jsut_ver1.1/basic5000/wav/BASIC5000_4337.wav,153,86,2,10.883583333333334,4,train
BASIC5000_4338,data/jsut_ver1.1/basic5000/wav/BASIC5000_4338.wav,107,63,0,8.78,4,train
BASIC5000_4339,data/jsut_ver1.1/basic5000/wav/BASIC5000_4339.wav,85,51,4,6.9,4,train
BASIC5000_4340,data/jsut_ver1.1/basic5000/wav/BASIC5000_4340.wav,85,49,1,6.45,4,train
BASIC5000_4341,data/jsut_ver1.1/basic5000/wav/BASIC5000_4341.wav,32,20,1,2.77,1,train
BASIC5000_4342,data/jsut_ver1.1/basic5000/wav/BASIC5000_4342.wav,109,63,2,7.999604166666667,4,train
BASIC5000_4343,data/jsut_ver1.1/basic5000/wav/BASIC5000_4343.wav,40,23,0,3.96,2,test
BASIC5000_4344,data/jsut_ver1.1/basic5000/wav/BASIC5000_4344.wav,91,57,3,8.68,4,train
BASIC5000_4345,data/jsut_ver1.1/basic5000/wav/BASIC5000_4345.wav,160,92,2,11.44,4,train
BASIC5000_4346,data/jsut_ver1.1/basic5000/wav/BASIC5000_4346.wav,176,110,4,14.34,4,val
BASIC5000_4347,data/jsut_ver1.1/basic5000/wav/BASIC5000_4347.wav,77,45,3,6.559291666666667,4,test
BASIC5000_4348,data/jsut_ver1.1/basic5000/wav/BASIC5000_4348.wav,63,37,0,5.48,3,train
BASIC5000_4349,data/jsut_ver1.1/basic5000/wav/BASIC5000_4349.wav,74,43,1,6.397958333333333,4,train
BASIC5000_4350,data/jsut_ver1.1/basic5000/wav/BASIC5000_4350.wav,58,36,2,5.96,3,val
BASIC5000_4351,data/jsut_ver1.1/basic5000/wav/BASIC5000_4351.wav,65,39,4,5.18,3,train
BASIC5000_4352,data/jsut_ver1.1/basic5000/wav/BASIC5000_4352.wav,106,68,8,8.2,4,val
BASIC5000_4353,data/jsut_ver1.1/basic5000/wav/BASIC5000_4353.wav,86,48,1,6.719291666666667,4,train
BASIC5000_4354,data/jsut_ver1.1/basic5000/wav/BASIC5000_4354.wav,78,48,4,6.19,4,train
BASIC5000_4355,data/jsut_ver1.1/basic5000/wav/BASIC5000_4355.wav,68,43,5,5.57,3,train
BASIC5000_4356,data/jsut_ver1.1/basic5000/wav/BASIC5000_4356.wav,48,31,1,4.75,2,train
BASIC5000_4357,data/jsut_ver1.1/basic5000/wav/BASIC5000_4357.wav,170,99,5,12.41,4,train
BASIC5000_4358,data/jsut_ver1.1/basic5000/wav/BASIC5000_4358.wav,75,41,0,5.93,4,train
BASIC5000_4359,data/jsut_ver1.1/basic5000/wav/BASIC5000_4359.wav,112,66,3,8.47,4,train
BASIC5000_4360,data/jsut_ver1.1/basic5000/wav/BASIC5000_4360.wav,114,63,1,8.65,4,train
BASIC5000_4361,data/jsut_ver1.1/basic5000/wav/BASIC5000_4361.wav,59,34,1,4.62,3,train
BASIC5000_4362,data/jsut_ver1.1/basic5000/wav/BASIC5000_4362.wav,132,80,3,11.17,4,train
BASIC5000_4363,data/jsut_ver1.1/basic5000/wav/BASIC5000_4363.wav,47,29,2,3.9,2,train
BASIC5000_4364,data/jsut_ver1.1/basic5000/wav/BASIC5000_4364.wav,44,28,3,3.67,2,train
BASIC5000_4365,data/jsut_ver1.1/basic5000/wav/BASIC5000_4365.wav,118,70,3,9.1,4,val
BASIC5000_4366,data/jsut_ver1.1/basic5000/wav/BASIC5000_4366.wav,66,43,2,5.52,3,train
BASIC5000_4367,data/jsut_ver1.1/basic5000/wav/BASIC5000_4367.wav,78,46,2,6.23,4,train
BASIC5000_4368,data/jsut_ver1.1/basic5000/wav/BASIC5000_4368.wav,69,38,1,5.06,3,train
BASIC5000_4369,data/jsut_ver1.1/basic5000/wav/BASIC5000_4369.wav,76,44,2,6.2,4,train
BASIC5000_4370,data/jsut_ver1.1/basic5000/wav/BASIC5000_4370.wav,51,32,2,4.42,3,test
BASIC5000_4371,data/jsut_ver1.1/basic5000/wav/BASIC5000_4371.wav,85,53,5,6.07,4,train
BASIC5000_4372,data/jsut_ver1.1/basic5000/wav/BASIC5000_4372.wav,74,45,1,6.519291666666667,4,train
BASIC5000_4373,data/jsut_ver1.1/basic5000/wav/BASIC5000_4373.wav,68,41,2,5.690375,3,train
BASIC5000_4374,data/jsut_ver1.1/basic5000/wav/BASIC5000_4374.wav,90,53,3,7.36,4,train
BASIC5000_4375,data/jsut_ver1.1/basic5000/wav/BASIC5000_4375.wav,37,20,1,3.0,1,train
BASIC5000_4376,data/jsut_ver1.1/basic5000/wav/BASIC5000_4376.wav,38,21,1,3.15,1,val
BASIC5000_4377,data/jsut_ver1.1/basic5000/wav/BASIC5000_4377.wav,43,24,1,3.42,2,train
BASIC5000_4378,data/jsut_ver1.1/basic5000/wav/BASIC5000_4378.wav,83,47,1,6.3,4,train
BASIC5000_4379,data/jsut_ver1.1/basic5000/wav/BASIC5000_4379.wav,59,35,1,5.582270833333333,3,train
BASIC5000_4380,data/jsut_ver1.1/basic5000/wav/BASIC5000_4380.wav,83,48,1,6.92,4,train
BASIC5000_4381,data/jsut_ver1.1/basic5000/wav/BASIC5000_4381.wav,39,23,2,3.08,1,train
BASIC5000_4382,data/jsut_ver1.1/basic5000/wav/BASIC5000_4382.wav,80,50,3,6.55,4,val
BASIC5000_4383,data/jsut_ver1.1/basic5000/wav/BASIC5000_4383.wav,121,68,0,9.55,4,train
BASIC5000_4384,data/jsut_ver1.1/basic5000/wav/BASIC5000_4384.wav,44,27,1,3.6,2,train
BASIC5000_4385,data/jsut_ver1.1/basic5000/wav/BASIC5000_4385.wav,106,63,2,8.43,4,train
BASIC5000_4386,data/jsut_ver1.1/basic5000/wav/BASIC5000_4386.wav,56,32,1,4.48,3,train
BASIC5000_4387,data/jsut_ver1.1/basic5000/wav/BASIC5000_4387.wav,91,53,1,7.09,4,train
BASIC5000_4388,data/jsut_ver1.1/basic5000/wav/BASIC5000_4388.wav,52,31,3,4.03,3,train
BASIC5000_4389,data/jsut_ver1.1/basic5000/wav/BASIC5000_4389.wav,120,70,1,9.3,4,test
BASIC5000_4390,data/jsut_ver1.1/basic5000/wav/BASIC5000_4390.wav,81,48,2,6.21,4,train
BASIC5000_4391,data/jsut_ver1.1/basic5000/wav/BASIC5000_4391.wav,145,90,7,11.27,4,train
BASIC5000_4392,data/jsut_ver1.1/basic5000/wav/BASIC5000_4392.wav,134,83,4,10.77,4,train
BASIC5000_4393,data/jsut_ver1.1/basic5000/wav/BASIC5000_4393.wav,39,25,3,3.32,1,train
BASIC5000_4394,data/jsut_ver1.1/basic5000/wav/BASIC5000_4394.wav,60,35,2,4.51,3,train
BASIC5000_4395,data/jsut_ver1.1/basic5000/wav/BASIC5000_4395.wav,122,74,6,9.19,4,train
BASIC5000_4396,data/jsut_ver1.1/basic5000/wav/BASIC5000_4396.wav,87,53,4,6.59,4,train
BASIC5000_4397,data/jsut_ver1.1/basic5000/wav/BASIC5000_4397.wav,171,103,5,13.2,4,test
BASIC5000_4398,data/jsut_ver1.1/basic5000/wav/BASIC5000_4398.wav,75,49,5,6.3,4,train
BASIC5000_4399,data/jsut_ver1.1/basic5000/wav/BASIC5000_4399.wav,72,45,3,5.56,4,train
BASIC5000_4400,data/jsut_ver1.1/basic5000/wav/BASIC5000_4400.wav,42,25,1,3.41,2,train
BASIC5000_4401,data/jsut_ver1.1/basic5000/wav/BASIC5000_4401.wav,74,47,3,6.09,4,train
BASIC5000_4402,data/jsut_ver1.1/basic5000/wav/BASIC5000_4402.wav,44,29,4,3.95,2,train
BASIC5000_4403,data/jsut_ver1.1/basic5000/wav/BASIC5000_4403.wav,133,81,6,9.73,4,train
BASIC5000_4404,data/jsut_ver1.1/basic5000/wav/BASIC5000_4404.wav,116,70,4,8.69,4,train
BASIC5000_4405,data/jsut_ver1.1/basic5000/wav/BASIC5000_4405.wav,155,93,6,14.0,4,train
BASIC5000_4406,data/jsut_ver1.1/basic5000/wav/BASIC5000_4406.wav,60,36,2,4.87,3,train
BASIC5000_4407,data/jsut_ver1.1/basic5000/wav/BASIC5000_4407.wav,114,66,4,8.949291666666667,4,train
BASIC5000_4408,data/jsut_ver1.1/basic5000/wav/BASIC5000_4408.wav,92,59,6,7.6,4,train
BASIC5000_4409,data/jsut_ver1.1/basic5000/wav/BASIC5000_4409.wav,62,40,1,5.27,3,train
BASIC5000_4410,data/jsut_ver1.1/basic5000/wav/BASIC5000_4410.wav,112,64,2,8.97,4,train
BASIC5000_4411,data/jsut_ver1.1/basic5000/wav/BASIC5000_4411.wav,86,53,3,6.35,4,test
BASIC5000_4412,data/jsut_ver1.1/basic5000/wav/BASIC5000_4412.wav,148,90,5,11.01,4,test
BASIC5000_4413,data/jsut_ver1.1/basic5000/wav/BASIC5000_4413.wav,116,72,3,8.87,4,train
BASIC5000_4414,data/jsut_ver1.1/basic5000/wav/BASIC5000_4414.wav,130,83,9,9.7,4,train
BASIC5000_4415,data/jsut_ver1.1/basic5000/wav/BASIC5000_4415.wav,38,20,0,3.06,1,train
BASIC5000_4416,data/jsut_ver1.1/basic5000/wav/BASIC5000_4416.wav,95,60,5,7.26,4,train
BASIC5000_4417,data/jsut_ver1.1/basic5000/wav/BASIC5000_4417.wav,70,43,1,5.93,4,train
BASIC5000_4418,data/jsut_ver1.1/basic5000/wav/BASIC5000_4418.wav,106,62,4,8.23,4,train
BASIC5000_4419,data/jsut_ver1.1/basic5000/wav/BASIC5000_4419.wav,31,18,0,2.71,1,train
BASIC5000_4420,data/jsut_ver1.1/basic5000/wav/BASIC5000_4420.wav,115,68,0,8.51,4,train
BASIC5000_4421,data/jsut_ver1.1/basic5000/wav/BASIC5000_4421.wav,160,97,4,12.26,4,train
BASIC5000_4422,data/jsut_ver1.1/basic5000/wav/BASIC5000_4422.wav,87,54,5,7.06,4,train
BASIC5000_4423,data/jsut_ver1.1/basic5000/wav/BASIC5000_4423.wav,33,23,3,2.78,1,val
BASIC5000_4424,data/jsut_ver1.1/basic5000/wav/BASIC5000_4424.wav,84,50,0,6.42,4,val
BASIC5000_4425,data/jsut_ver1.1/basic5000/wav/BASIC5000_4425.wav,85,50,1,6.5,4,train
BASIC5000_4426,data/jsut_ver1.1/basic5000/wav/BASIC5000_4426.wav,90,53,2,6.65,4,test
BASIC5000_4427,data/jsut_ver1.1/basic5000/wav/BASIC5000_4427.wav,108,64,2,8.57,4,train
BASIC5000_4428,data/jsut_ver1.1/basic5000/wav/BASIC5000_4428.wav,46,26,0,3.81,2,val
BASIC5000_4429,data/jsut_ver1.1/basic5000/wav/BASIC5000_4429.wav,69,39,0,5.41,3,train
BASIC5000_4430,data/jsut_ver1.1/basic5000/wav/BASIC5000_4430.wav,120,76,9,9.5,4,train
BASIC5000_4431,data/jsut_ver1.1/basic5000/wav/BASIC5000_4431.wav,113,67,1,8.44,4,train
BASIC5000_4432,data/jsut_ver1.1/basic5000/wav/BASIC5000_4432.wav,106,62,3,7.14,4,train
BASIC5000_4433,data/jsut_ver1.1/basic5000/wav/BASIC5000_4433.wav,53,34,0,5.18,3,train
BASIC5000_4434,data/jsut_ver1.1/basic5000/wav/BASIC5000_4434.wav,115,73,11,8.79,4,train
BASIC5000_4435,data/jsut_ver1.1/basic5000/wav/BASIC5000_4435.wav,55,32,1,4.24,3,train
BASIC5000_4436,data/jsut_ver1.1/basic5000/wav/BASIC5000_4436.wav,45,30,3,3.6,2,train
BASIC5000_4437,data/jsut_ver1.1/basic5000/wav/BASIC5000_4437.wav,43,31,5,5.4,2,train
BASIC5000_4438,data/jsut_ver1.1/basic5000/wav/BASIC5000_4438.wav,113,71,1,9.25,4,test
BASIC5000_4439,data/jsut_ver1.1/basic5000/wav/BASIC5000_4439.wav,125,79,6,10.45,4,train
BASIC5000_4440,data/jsut_ver1.1/basic5000/wav/BASIC5000_4440.wav,112,67,1,10.11,4,train
BASIC5000_4441,data/jsut_ver1.1/basic5000/wav/BASIC5000_4441.wav,109,68,2,9.23,4,train
BASIC5000_4442,data/jsut_ver1.1/basic5000/wav/BASIC5000_4442.wav,62,36,1,5.330395833333333,3,train
BASIC5000_4443,data/jsut_ver1.1/basic5000/wav/BASIC5000_4443.wav,59,37,1,5.909291666666666,3,train
BASIC5000_4444,data/jsut_ver1.1/basic5000/wav/BASIC5000_4444.wav,87,52,2,7.019291666666667,4,train
BASIC5000_4445,data/jsut_ver1.1/basic5000/wav/BASIC5000_4445.wav,148,85,2,11.34,4,train
BASIC5000_4446,data/jsut_ver1.1/basic5000/wav/BASIC5000_4446.wav,54,31,1,4.39,3,train
BASIC5000_4447,data/jsut_ver1.1/basic5000/wav/BASIC5000_4447.wav,121,74,5,10.07,4,train
BASIC5000_4448,data/jsut_ver1.1/basic5000/wav/BASIC5000_4448.wav,118,76,11,8.99,4,val
BASIC5000_4449,data/jsut_ver1.1/basic5000/wav/BASIC5000_4449.wav,92,56,6,6.67,4,val
BASIC5000_4450,data/jsut_ver1.1/basic5000/wav/BASIC5000_4450.wav,132,79,6,9.8,4,test
BASIC5000_4451,data/jsut_ver1.1/basic5000/wav/BASIC5000_4451.wav,66,40,1,5.909291666666666,3,train
BASIC5000_4452,data/jsut_ver1.1/basic5000/wav/BASIC5000_4452.wav,70,41,1,6.2392916666666665,4,train
BASIC5000_4453,data/jsut_ver1.1/basic5000/wav/BASIC5000_4453.wav,82,49,3,6.19,4,train
BASIC5000_4454,data/jsut_ver1.1/basic5000/wav/BASIC5000_4454.wav,56,32,0,5.26,3,train
BASIC5000_4455,data/jsut_ver1.1/basic5000/wav/BASIC5000_4455.wav,79,48,1,6.61,4,train
BASIC5000_4456,data/jsut_ver1.1/basic5000/wav/BASIC5000_4456.wav,133,82,5,10.33,4,train
BASIC5000_4457,data/jsut_ver1.1/basic5000/wav/BASIC5000_4457.wav,167,102,9,13.42,4,val
BASIC5000_4458,data/jsut_ver1.1/basic5000/wav/BASIC5000_4458.wav,141,87,6,12.12,4,train
BASIC5000_4459,data/jsut_ver1.1/basic5000/wav/BASIC5000_4459.wav,91,51,1,6.97,4,train
BASIC5000_4460,data/jsut_ver1.1/basic5000/wav/BASIC5000_4460.wav,51,32,3,4.12,3,train
BASIC5000_4461,data/jsut_ver1.1/basic5000/wav/BASIC5000_4461.wav,87,51,1,7.85,4,train
BASIC5000_4462,data/jsut_ver1.1/basic5000/wav/BASIC5000_4462.wav,94,55,3,7.969291666666667,4,train
BASIC5000_4463,data/jsut_ver1.1/basic5000/wav/BASIC5000_4463.wav,90,56,4,7.58,4,val
BASIC5000_4464,data/jsut_ver1.1/basic5000/wav/BASIC5000_4464.wav,155,87,1,11.07,4,train
BASIC5000_4465,data/jsut_ver1.1/basic5000/wav/BASIC5000_4465.wav,87,50,0,7.13,4,test
BASIC5000_4466,data/jsut_ver1.1/basic5000/wav/BASIC5000_4466.wav,59,39,3,4.97,3,train
BASIC5000_4467,data/jsut_ver1.1/basic5000/wav/BASIC5000_4467.wav,99,63,4,8.1,4,train
BASIC5000_4468,data/jsut_ver1.1/basic5000/wav/BASIC5000_4468.wav,128,78,4,10.07,4,train
BASIC5000_4469,data/jsut_ver1.1/basic5000/wav/BASIC5000_4469.wav,86,50,4,6.68,4,train
BASIC5000_4470,data/jsut_ver1.1/basic5000/wav/BASIC5000_4470.wav,93,55,0,7.44,4,train
BASIC5000_4471,data/jsut_ver1.1/basic5000/wav/BASIC5000_4471.wav,101,61,5,8.03,4,test
BASIC5000_4472,data/jsut_ver1.1/basic5000/wav/BASIC5000_4472.wav,87,53,1,7.03,4,train
BASIC5000_4473,data/jsut_ver1.1/basic5000/wav/BASIC5000_4473.wav,76,46,2,6.42,4,train
BASIC5000_4474,data/jsut_ver1.1/basic5000/wav/BASIC5000_4474.wav,77,45,1,7.51,4,train
BASIC5000_4475,data/jsut_ver1.1/basic5000/wav/BASIC5000_4475.wav,67,39,1,5.75,3,val
BASIC5000_4476,data/jsut_ver1.1/basic5000/wav/BASIC5000_4476.wav,97,59,3,7.56,4,train
BASIC5000_4477,data/jsut_ver1.1/basic5000/wav/BASIC5000_4477.wav,66,43,4,6.06,3,train
BASIC5000_4478,data/jsut_ver1.1/basic5000/wav/BASIC5000_4478.wav,109,67,4,8.87,4,train
BASIC5000_4479,data/jsut_ver1.1/basic5000/wav/BASIC5000_4479.wav,113,67,4,8.889291666666667,4,train
BASIC5000_4480,data/jsut_ver1.1/basic5000/wav/BASIC5000_4480.wav,120,72,1,9.3,4,train
BASIC5000_4481,data/jsut_ver1.1/basic5000/wav/BASIC5000_4481.wav,56,32,1,4.17,3,train
BASIC5000_4482,data/jsut_ver1.1/basic5000/wav/BASIC5000_4482.wav,91,57,5,6.82,4,train
BASIC5000_4483,data/jsut_ver1.1/basic5000/wav/BASIC5000_4483.wav,46,27,2,3.94,2,val
BASIC5000_4484,data/jsut_ver1.1/basic5000/wav/BASIC5000_4484.wav,160,97,4,11.9,4,train
BASIC5000_4485,data/jsut_ver1.1/basic5000/wav/BASIC5000_4485.wav,57,32,1,4.44,3,train
BASIC5000_4486,data/jsut_ver1.1/basic5000/wav/BASIC5000_4486.wav,60,37,3,5.18,3,train
BASIC5000_4487,data/jsut_ver1.1/basic5000/wav/BASIC5000_4487.wav,45,26,0,4.09,2,val
BASIC5000_4488,data/jsut_ver1.1/basic5000/wav/BASIC5000_4488.wav,120,73,4,9.34,4,train
BASIC5000_4489,data/jsut_ver1.1/basic5000/wav/BASIC5000_4489.wav,116,69,2,9.1,4,train
BASIC5000_4490,data/jsut_ver1.1/basic5000/wav/BASIC5000_4490.wav,59,34,1,4.42,3,train
BASIC5000_4491,data/jsut_ver1.1/basic5000/wav/BASIC5000_4491.wav,133,76,1,10.08,4,train
BASIC5000_4492,data/jsut_ver1.1/basic5000/wav/BASIC5000_4492.wav,139,81,1,10.12,4,train
BASIC5000_4493,data/jsut_ver1.1/basic5000/wav/BASIC5000_4493.wav,99,64,6,7.58,4,test
BASIC5000_4494,data/jsut_ver1.1/basic5000/wav/BASIC5000_4494.wav,103,65,9,7.95,4,train
BASIC5000_4495,data/jsut_ver1.1/basic5000/wav/BASIC5000_4495.wav,131,80,2,9.63,4,train
BASIC5000_4496,data/jsut_ver1.1/basic5000/wav/BASIC5000_4496.wav,113,68,5,9.15,4,train
BASIC5000_4497,data/jsut_ver1.1/basic5000/wav/BASIC5000_4497.wav,175,111,1,16.37,4,train
BASIC5000_4498,data/jsut_ver1.1/basic5000/wav/BASIC5000_4498.wav,51,30,1,4.32,3,train
BASIC5000_4499,data/jsut_ver1.1/basic5000/wav/BASIC5000_4499.wav,72,44,2,5.73,4,train
BASIC5000_4500,data/jsut_ver1.1/basic5000/wav/BASIC5000_4500.wav,39,23,1,4.12,1,train
BASIC5000_4501,data/jsut_ver1.1/basic5000/wav/BASIC5000_4501.wav,134,86,5,10.72,4,val
BASIC5000_4502,data/jsut_ver1.1/basic5000/wav/BASIC5000_4502.wav,97,53,2,7.64,4,train
BASIC5000_4503,data/jsut_ver1.1/basic5000/wav/BASIC5000_4503.wav,33,21,2,2.82,1,train
BASIC5000_4504,data/jsut_ver1.1/basic5000/wav/BASIC5000_4504.wav,64,39,1,4.97,3,train
BASIC5000_4505,data/jsut_ver1.1/basic5000/wav/BASIC5000_4505.wav,42,25,1,3.53,2,train
BASIC5000_4506,data/jsut_ver1.1/basic5000/wav/BASIC5000_4506.wav,64,37,2,5.14,3,train
BASIC5000_4507,data/jsut_ver1.1/basic5000/wav/BASIC5000_4507.wav,49,28,0,3.98,2,train
BASIC5000_4508,data/jsut_ver1.1/basic5000/wav/BASIC5000_4508.wav,18,10,0,1.85,1,train
BASIC5000_4509,data/jsut_ver1.1/basic5000/wav/BASIC5000_4509.wav,44,26,0,3.57,2,train
BASIC5000_4510,data/jsut_ver1.1/basic5000/wav/BASIC5000_4510.wav,61,36,1,5.36,3,test
BASIC5000_4511,data/jsut_ver1.1/basic5000/wav/BASIC5000_4511.wav,54,29,1,5.05,3,train
BASIC5000_4512,data/jsut_ver1.1/basic5000/wav/BASIC5000_4512.wav,43,27,1,3.71,2,train
BASIC5000_4513,data/jsut_ver1.1/basic5000/wav/BASIC5000_4513.wav,47,31,4,3.98,2,val
BASIC5000_4514,data/jsut_ver1.1/basic5000/wav/BASIC5000_4514.wav,75,47,4,5.47,4,train
BASIC5000_4515,data/jsut_ver1.1/basic5000/wav/BASIC5000_4515.wav,53,29,0,4.22,3,test
BASIC5000_4516,data/jsut_ver1.1/basic5000/wav/BASIC5000_4516.wav,60,35,1,4.53,3,train
BASIC5000_4517,data/jsut_ver1.1/basic5000/wav/BASIC5000_4517.wav,74,43,1,5.51,4,train
BASIC5000_4518,data/jsut_ver1.1/basic5000/wav/BASIC5000_4518.wav,40,24,2,3.18,2,train
BASIC5000_4519,data/jsut_ver1.1/basic5000/wav/BASIC5000_4519.wav,65,38,3,5.04,3,train
BASIC5000_4520,data/jsut_ver1.1/basic5000/wav/BASIC5000_4520.wav,57,37,3,4.63,3,train
BASIC5000_4521,data/jsut_ver1.1/basic5000/wav/BASIC5000_4521.wav,50,30,0,4.2,3,train
BASIC5000_4522,data/jsut_ver1.1/basic5000/wav/BASIC5000_4522.wav,53,33,2,4.25,3,train
BASIC5000_4523,data/jsut_ver1.1/basic5000/wav/BASIC5000_4523.wav,63,35,0,4.82,3,val
BASIC5000_4524,data/jsut_ver1.1/basic5000/wav/BASIC5000_4524.wav,57,33,1,4.66,3,train
BASIC5000_4525,data/jsut_ver1.1/basic5000/wav/BASIC5000_4525.wav,74,46,3,5.65,4,train
BASIC5000_4526,data/jsut_ver1.1/basic5000/wav/BASIC5000_4526.wav,58,37,5,4.41,3,val
BASIC5000_4527,data/jsut_ver1.1/basic5000/wav/BASIC5000_4527.wav,55,36,6,4.33,3,train
BASIC5000_4528,data/jsut_ver1.1/basic5000/wav/BASIC5000_4528.wav,49,31,3,3.92,2,train
BASIC5000_4529,data/jsut_ver1.1/basic5000/wav/BASIC5000_4529.wav,73,43,1,5.9,4,test
BASIC5000_4530,data/jsut_ver1.1/basic5000/wav/BASIC5000_4530.wav,53,32,0,4.48,3,train
BASIC5000_4531,data/jsut_ver1.1/basic5000/wav/BASIC5000_4531.wav,46,26,1,3.8,2,val
BASIC5000_4532,data/jsut_ver1.1/basic5000/wav/BASIC5000_4532.wav,59,36,1,4.42,3,train
BASIC5000_4533,data/jsut_ver1.1/basic5000/wav/BASIC5000_4533.wav,48,28,1,4.29,2,train
BASIC5000_4534,data/jsut_ver1.1/basic5000/wav/BASIC5000_4534.wav,76,45,1,5.94,4,train
BASIC5000_4535,data/jsut_ver1.1/basic5000/wav/BASIC5000_4535.wav,46,29,2,3.72,2,train
BASIC5000_4536,data/jsut_ver1.1/basic5000/wav/BASIC5000_4536.wav,46,27,1,3.6,2,train
BASIC5000_4537,data/jsut_ver1.1/basic5000/wav/BASIC5000_4537.wav,57,36,4,4.34,3,train
BASIC5000_4538,data/jsut_ver1.1/basic5000/wav/BASIC5000_4538.wav,90,56,3,6.81,4,train
BASIC5000_4539,data/jsut_ver1.1/basic5000/wav/BASIC5000_4539.wav,56,32,0,4.39,3,train
BASIC5000_4540,data/jsut_ver1.1/basic5000/wav/BASIC5000_4540.wav,43,26,2,3.7,2,train
BASIC5000_4541,data/jsut_ver1.1/basic5000/wav/BASIC5000_4541.wav,77,47,2,8.349291666666666,4,train
BASIC5000_4542,data/jsut_ver1.1/basic5000/wav/BASIC5000_4542.wav,41,27,3,3.81,2,train
BASIC5000_4543,data/jsut_ver1.1/basic5000/wav/BASIC5000_4543.wav,51,30,3,4.19,3,train
BASIC5000_4544,data/jsut_ver1.1/basic5000/wav/BASIC5000_4544.wav,50,30,0,3.99,3,train
BASIC5000_4545,data/jsut_ver1.1/basic5000/wav/BASIC5000_4545.wav,46,28,2,4.14,2,train
BASIC5000_4546,data/jsut_ver1.1/basic5000/wav/BASIC5000_4546.wav,78,47,4,5.62,4,train
BASIC5000_4547,data/jsut_ver1.1/basic5000/wav/BASIC5000_4547.wav,47,29,2,3.93,2,train
BASIC5000_4548,data/jsut_ver1.1/basic5000/wav/BASIC5000_4548.wav,43,29,4,3.42,2,train
BASIC5000_4549,data/jsut_ver1.1/basic5000/wav/BASIC5000_4549.wav,50,32,2,4.02,3,train
BASIC5000_4550,data/jsut_ver1.1/basic5000/wav/BASIC5000_4550.wav,54,32,1,4.44,3,train
BASIC5000_4551,data/jsut_ver1.1/basic5000/wav/BASIC5000_4551.wav,58,33,2,4.38,3,train
BASIC5000_4552,data/jsut_ver1.1/basic5000/wav/BASIC5000_4552.wav,42,27,3,3.42,2,test
BASIC5000_4553,data/jsut_ver1.1/basic5000/wav/BASIC5000_4553.wav,52,29,0,4.09,3,train
BASIC5000_4554,data/jsut_ver1.1/basic5000/wav/BASIC5000_4554.wav,56,35,2,4.73,3,train
BASIC5000_4555,data/jsut_ver1.1/basic5000/wav/BASIC5000_4555.wav,58,36,2,4.74,3,train
BASIC5000_4556,data/jsut_ver1.1/basic5000/wav/BASIC5000_4556.wav,54,32,3,4.07,3,train
BASIC5000_4557,data/jsut_ver1.1/basic5000/wav/BASIC5000_4557.wav,58,34,1,4.63,3,train
BASIC5000_4558,data/jsut_ver1.1/basic5000/wav/BASIC5000_4558.wav,42,28,2,3.79,2,train
BASIC5000_4559,data/jsut_ver1.1/basic5000/wav/BASIC5000_4559.wav,65,38,1,5.33,3,train
BASIC5000_4560,data/jsut_ver1.1/basic5000/wav/BASIC5000_4560.wav,58,32,2,4.49,3,val
BASIC5000_4561,data/jsut_ver1.1/basic5000/wav/BASIC5000_4561.wav,71,41,1,5.14,4,train
BASIC5000_4562,data/jsut_ver1.1/basic5000/wav/BASIC5000_4562.wav,49,28,2,3.76,2,test
BASIC5000_4563,data/jsut_ver1.1/basic5000/wav/BASIC5000_4563.wav,45,26,1,3.57,2,train
BASIC5000_4564,data/jsut_ver1.1/basic5000/wav/BASIC5000_4564.wav,48,29,0,4.15,2,train
BASIC5000_4565,data/jsut_ver1.1/basic5000/wav/BASIC5000_4565.wav,80,47,3,5.93,4,train
BASIC5000_4566,data/jsut_ver1.1/basic5000/wav/BASIC5000_4566.wav,50,31,4,3.92,3,train
BASIC5000_4567,data/jsut_ver1.1/basic5000/wav/BASIC5000_4567.wav,50,29,1,4.33,3,val
BASIC5000_4568,data/jsut_ver1.1/basic5000/wav/BASIC5000_4568.wav,51,29,0,4.32,3,train
BASIC5000_4569,data/jsut_ver1.1/basic5000/wav/BASIC5000_4569.wav,56,37,4,4.56,3,train
BASIC5000_4570,data/jsut_ver1.1/basic5000/wav/BASIC5000_4570.wav,61,36,1,4.58,3,train
BASIC5000_4571,data/jsut_ver1.1/basic5000/wav/BASIC5000_4571.wav,70,43,2,5.33,4,train
BASIC5000_4572,data/jsut_ver1.1/basic5000/wav/BASIC5000_4572.wav,53,32,2,4.13,3,train
BASIC5000_4573,data/jsut_ver1.1/basic5000/wav/BASIC5000_4573.wav,61,38,4,4.658895833333333,3,train
BASIC5000_4574,data/jsut_ver1.1/basic5000/wav/BASIC5000_4574.wav,71,42,3,5.16,4,train
BASIC5000_4575,data/jsut_ver1.1/basic5000/wav/BASIC5000_4575.wav,81,45,2,5.84,4,val
BASIC5000_4576,data/jsut_ver1.1/basic5000/wav/BASIC5000_4576.wav,47,30,2,3.93,2,train
BASIC5000_4577,data/jsut_ver1.1/basic5000/wav/BASIC5000_4577.wav,60,32,0,4.58,3,train
BASIC5000_4578,data/jsut_ver1.1/basic5000/wav/BASIC5000_4578.wav,57,35,3,4.22,3,train
BASIC5000_4579,data/jsut_ver1.1/basic5000/wav/BASIC5000_4579.wav,51,30,2,4.25,3,train
BASIC5000_4580,data/jsut_ver1.1/basic5000/wav/BASIC5000_4580.wav,82,47,2,6.28,4,test
BASIC5000_4581,data/jsut_ver1.1/basic5000/wav/BASIC5000_4581.wav,51,28,0,4.18,3,train
BASIC5000_4582,data/jsut_ver1.1/basic5000/wav/BASIC5000_4582.wav,46,26,1,3.26,2,train
BASIC5000_4583,data/jsut_ver1.1/basic5000/wav/BASIC5000_4583.wav,46,27,0,3.97,2,train
BASIC5000_4584,data/jsut_ver1.1/basic5000/wav/BASIC5000_4584.wav,60,36,2,4.56,3,train
BASIC5000_4585,data/jsut_ver1.1/basic5000/wav/BASIC5000_4585.wav,50,31,3,4.15,3,train
BASIC5000_4586,data/jsut_ver1.1/basic5000/wav/BASIC5000_4586.wav,44,26,2,3.49,2,train
BASIC5000_4587,data/jsut_ver1.1/basic5000/wav/BASIC5000_4587.wav,43,25,0,3.5,2,train
BASIC5000_4588,data/jsut_ver1.1/basic5000/wav/BASIC5000_4588.wav,54,32,1,4.29,3,train
BASIC5000_4589,data/jsut_ver1.1/basic5000/wav/BASIC5000_4589.wav,68,40,3,5.03,3,train
BASIC5000_4590,data/jsut_ver1.1/basic5000/wav/BASIC5000_4590.wav,45,26,1,3.6,2,test
BASIC5000_4591,data/jsut_ver1.1/basic5000/wav/BASIC5000_4591.wav,62,36,1,4.92,3,train
BASIC5000_4592,data/jsut_ver1.1/basic5000/wav/BASIC5000_4592.wav,36,25,2,3.08,1,train
BASIC5000_4593,data/jsut_ver1.1/basic5000/wav/BASIC5000_4593.wav,52,29,1,4.16,3,train
BASIC5000_4594,data/jsut_ver1.1/basic5000/wav/BASIC5000_4594.wav,57,34,3,4.4,3,train
BASIC5000_4595,data/jsut_ver1.1/basic5000/wav/BASIC5000_4595.wav,75,45,3,5.45,4,train
BASIC5000_4596,data/jsut_ver1.1/basic5000/wav/BASIC5000_4596.wav,57,33,2,4.68,3,train
BASIC5000_4597,data/jsut_ver1.1/basic5000/wav/BASIC5000_4597.wav,37,23,2,3.39,1,train
BASIC5000_4598,data/jsut_ver1.1/basic5000/wav/BASIC5000_4598.wav,47,28,0,3.81,2,train
BASIC5000_4599,data/jsut_ver1.1/basic5000/wav/BASIC5000_4599.wav,47,27,1,3.99,2,train
BASIC5000_4600,data/jsut_ver1.1/basic5000/wav/BASIC5000_4600.wav,47,28,1,3.9,2,train
BASIC5000_4601,data/jsut_ver1.1/basic5000/wav/BASIC5000_4601.wav,64,36,0,5.2,3,val
BASIC5000_4602,data/jsut_ver1.1/basic5000/wav/BASIC5000_4602.wav,43,29,2,3.43,2,train
BASIC5000_4603,data/jsut_ver1.1/basic5000/wav/BASIC5000_4603.wav,53,32,1,5.1,3,train
BASIC5000_4604,data/jsut_ver1.1/basic5000/wav/BASIC5000_4604.wav,45,28,2,3.69,2,test
BASIC5000_4605,data/jsut_ver1.1/basic5000/wav/BASIC5000_4605.wav,66,37,0,5.16,3,train
BASIC5000_4606,data/jsut_ver1.1/basic5000/wav/BASIC5000_4606.wav,49,27,0,3.84,2,train
BASIC5000_4607,data/jsut_ver1.1/basic5000/wav/BASIC5000_4607.wav,48,28,1,3.68,2,train
BASIC5000_4608,data/jsut_ver1.1/basic5000/wav/BASIC5000_4608.wav,68,38,1,4.91,3,train
BASIC5000_4609,data/jsut_ver1.1/basic5000/wav/BASIC5000_4609.wav,56,32,0,4.35,3,train
BASIC5000_4610,data/jsut_ver1.1/basic5000/wav/BASIC5000_4610.wav,44,25,0,4.93,2,train
BASIC5000_4611,data/jsut_ver1.1/basic5000/wav/BASIC5000_4611.wav,56,35,4,4.43,3,train
BASIC5000_4612,data/jsut_ver1.1/basic5000/wav/BASIC5000_4612.wav,43,25,1,3.45,2,test
BASIC5000_4613,data/jsut_ver1.1/basic5000/wav/BASIC5000_4613.wav,45,30,3,3.72,2,train
BASIC5000_4614,data/jsut_ver1.1/basic5000/wav/BASIC5000_4614.wav,44,27,1,3.67,2,test
BASIC5000_4615,data/jsut_ver1.1/basic5000/wav/BASIC5000_4615.wav,71,42,2,4.83,4,train
BASIC5000_4616,data/jsut_ver1.1/basic5000/wav/BASIC5000_4616.wav,47,28,1,3.69,2,train
BASIC5000_4617,data/jsut_ver1.1/basic5000/wav/BASIC5000_4617.wav,48,27,1,3.9,2,train
BASIC5000_4618,data/jsut_ver1.1/basic5000/wav/BASIC5000_4618.wav,53,35,5,4.11,3,train
BASIC5000_4619,data/jsut_ver1.1/basic5000/wav/BASIC5000_4619.wav,54,32,1,4.43,3,train
BASIC5000_4620,data/jsut_ver1.1/basic5000/wav/BASIC5000_4620.wav,35,20,0,3.29,1,train
BASIC5000_4621,data/jsut_ver1.1/basic5000/wav/BASIC5000_4621.wav,31,18,1,2.86,1,train
BASIC5000_4622,data/jsut_ver1.1/basic5000/wav/BASIC5000_4622.wav,16,10,0,2.0792916666666668,1,train
BASIC5000_4623,data/jsut_ver1.1/basic5000/wav/BASIC5000_4623.wav,30,17,1,2.49,1,train
BASIC5000_4624,data/jsut_ver1.1/basic5000/wav/BASIC5000_4624.wav,63,35,1,5.19,3,train
BASIC5000_4625,data/jsut_ver1.1/basic5000/wav/BASIC5000_4625.wav,22,14,1,2.15,1,train
BASIC5000_4626,data/jsut_ver1.1/basic5000/wav/BASIC5000_4626.wav,25,14,1,2.13,1,train
BASIC5000_4627,data/jsut_ver1.1/basic5000/wav/BASIC5000_4627.wav,24,14,1,2.2,1,test
BASIC5000_4628,data/jsut_ver1.1/basic5000/wav/BASIC5000_4628.wav,32,19,0,3.25,1,val
BASIC5000_4629,data/jsut_ver1.1/basic5000/wav/BASIC5000_4629.wav,27,16,1,2.42,1,test
BASIC5000_4630,data/jsut_ver1.1/basic5000/wav/BASIC5000_4630.wav,30,16,0,2.64,1,train
BASIC5000_4631,data/jsut_ver1.1/basic5000/wav/BASIC5000_4631.wav,37,23,3,2.99,1,train
BASIC5000_4632,data/jsut_ver1.1/basic5000/wav/BASIC5000_4632.wav,51,29,2,3.78,3,train
BASIC5000_4633,data/jsut_ver1.1/basic5000/wav/BASIC5000_4633.wav,44,30,2,3.93,2,train
BASIC5000_4634,data/jsut_ver1.1/basic5000/wav/BASIC5000_4634.wav,33,22,2,3.06,1,test
BASIC5000_4635,data/jsut_ver1.1/basic5000/wav/BASIC5000_4635.wav,30,19,1,2.61,1,val
BASIC5000_4636,data/jsut_ver1.1/basic5000/wav/BASIC5000_4636.wav,21,14,1,2.37,1,train
BASIC5000_4637,data/jsut_ver1.1/basic5000/wav/BASIC5000_4637.wav,54,31,2,4.34,3,train
BASIC5000_4638,data/jsut_ver1.1/basic5000/wav/BASIC5000_4638.wav,39,24,0,3.44,1,test
BASIC5000_4639,data/jsut_ver1.1/basic5000/wav/BASIC5000_4639.wav,39,25,3,3.25,1,val
BASIC5000_4640,data/jsut_ver1.1/basic5000/wav/BASIC5000_4640.wav,34,20,2,2.88,1,train
BASIC5000_4641,data/jsut_ver1.1/basic5000/wav/BASIC5000_4641.wav,12,8,1,1.44,1,train
BASIC5000_4642,data/jsut_ver1.1/basic5000/wav/BASIC5000_4642.wav,29,17,0,2.63,1,train
BASIC5000_4643,data/jsut_ver1.1/basic5000/wav/BASIC5000_4643.wav,39,23,2,3.02,1,train
BASIC5000_4644,data/jsut_ver1.1/basic5000/wav/BASIC5000_4644.wav,48,28,2,3.97,2,val
BASIC5000_4645,data/jsut_ver1.1/basic5000/wav/BASIC5000_4645.wav,46,29,2,3.73,2,train
BASIC5000_4646,data/jsut_ver1.1/basic5000/wav/BASIC5000_4646.wav,38,23,2,3.39,1,train
BASIC5000_4647,data/jsut_ver1.1/basic5000/wav/BASIC5000_4647.wav,32,18,1,2.92,1,val
BASIC5000_4648,data/jsut_ver1.1/basic5000/wav/BASIC5000_4648.wav,56,35,1,4.64,3,train
BASIC5000_4649,data/jsut_ver1.1/basic5000/wav/BASIC5000_4649.wav,27,14,0,2.64,1,train
BASIC5000_4650,data/jsut_ver1.1/basic5000/wav/BASIC5000_4650.wav,28,17,0,2.81,1,train
BASIC5000_4651,data/jsut_ver1.1/basic5000/wav/BASIC5000_4651.wav,35,21,0,2.97,1,train
BASIC5000_4652,data/jsut_ver1.1/basic5000/wav/BASIC5000_4652.wav,36,23,1,3.13,1,val
BASIC5000_4653,data/jsut_ver1.1/basic5000/wav/BASIC5000_4653.wav,39,22,0,3.41,1,train
BASIC5000_4654,data/jsut_ver1.1/basic5000/wav/BASIC5000_4654.wav,47,26,0,3.84,2,train
BASIC5000_4655,data/jsut_ver1.1/basic5000/wav/BASIC5000_4655.wav,48,28,1,3.77,2,train
BASIC5000_4656,data/jsut_ver1.1/basic5000/wav/BASIC5000_4656.wav,25,16,1,2.41,1,train
BASIC5000_4657,data/jsut_ver1.1/basic5000/wav/BASIC5000_4657.wav,30,18,1,3.18,1,train
BASIC5000_4658,data/jsut_ver1.1/basic5000/wav/BASIC5000_4658.wav,42,24,1,3.36,2,train
BASIC5000_4659,data/jsut_ver1.1/basic5000/wav/BASIC5000_4659.wav,38,26,3,3.39,1,train
BASIC5000_4660,data/jsut_ver1.1/basic5000/wav/BASIC5000_4660.wav,28,18,1,2.75,1,train
BASIC5000_4661,data/jsut_ver1.1/basic5000/wav/BASIC5000_4661.wav,21,13,1,2.38,1,train
BASIC5000_4662,data/jsut_ver1.1/basic5000/wav/BASIC5000_4662.wav,45,27,2,3.43,2,train
BASIC5000_4663,data/jsut_ver1.1/basic5000/wav/BASIC5000_4663.wav,39,24,0,3.25,1,test
BASIC5000_4664,data/jsut_ver1.1/basic5000/wav/BASIC5000_4664.wav,31,18,0,2.91,1,train
BASIC5000_4665,data/jsut_ver1.1/basic5000/wav/BASIC5000_4665.wav,37,23,3,3.19,1,train
BASIC5000_4666,data/jsut_ver1.1/basic5000/wav/BASIC5000_4666.wav,42,24,0,3.65,2,train
BASIC5000_4667,data/jsut_ver1.1/basic5000/wav/BASIC5000_4667.wav,39,24,1,3.62,1,train
BASIC5000_4668,data/jsut_ver1.1/basic5000/wav/BASIC5000_4668.wav,33,20,1,2.95,1,train
BASIC5000_4669,data/jsut_ver1.1/basic5000/wav/BASIC5000_4669.wav,33,20,1,3.15,1,val
BASIC5000_4670,data/jsut_ver1.1/basic5000/wav/BASIC5000_4670.wav,29,18,0,2.84,1,test
BASIC5000_4671,data/jsut_ver1.1/basic5000/wav/BASIC5000_4671.wav,30,18,2,2.75,1,test
BASIC5000_4672,data/jsut_ver1.1/basic5000/wav/BASIC5000_4672.wav,20,10,0,1.94,1,train
BASIC5000_4673,data/jsut_ver1.1/basic5000/wav/BASIC5000_4673.wav,48,30,2,4.32,2,train
BASIC5000_4674,data/jsut_ver1.1/basic5000/wav/BASIC5000_4674.wav,53,30,0,4.55,3,train
BASIC5000_4675,data/jsut_ver1.1/basic5000/wav/BASIC5000_4675.wav,32,19,1,3.12,1,train
BASIC5000_4676,data/jsut_ver1.1/basic5000/wav/BASIC5000_4676.wav,34,19,0,2.89,1,train
BASIC5000_4677,data/jsut_ver1.1/basic5000/wav/BASIC5000_4677.wav,36,22,2,3.13,1,train
BASIC5000_4678,data/jsut_ver1.1/basic5000/wav/BASIC5000_4678.wav,29,19,2,2.86,1,train
BASIC5000_4679,data/jsut_ver1.1/basic5000/wav/BASIC5000_4679.wav,20,12,0,2.21,1,train
BASIC5000_4680,data/jsut_ver1.1/basic5000/wav/BASIC5000_4680.wav,35,22,1,3.23,1,train
BASIC5000_4681,data/jsut_ver1.1/basic5000/wav/BASIC5000_4681.wav,50,30,1,3.96,3,train
BASIC5000_4682,data/jsut_ver1.1/basic5000/wav/BASIC5000_4682.wav,25,16,2,2.26,1,test
BASIC5000_4683,data/jsut_ver1.1/basic5000/wav/BASIC5000_4683.wav,37,23,3,3.09,1,train
BASIC5000_4684,data/jsut_ver1.1/basic5000/wav/BASIC5000_4684.wav,22,13,0,1.99,1,train
BASIC5000_4685,data/jsut_ver1.1/basic5000/wav/BASIC5000_4685.wav,29,17,1,3.0392916666666667,1,train
BASIC5000_4686,data/jsut_ver1.1/basic5000/wav/BASIC5000_4686.wav,30,19,3,2.74,1,train
BASIC5000_4687,data/jsut_ver1.1/basic5000/wav/BASIC5000_4687.wav,33,20,2,2.68,1,train
BASIC5000_4688,data/jsut_ver1.1/basic5000/wav/BASIC5000_4688.wav,34,20,0,2.99,1,train
BASIC5000_4689,data/jsut_ver1.1/basic5000/wav/BASIC5000_4689.wav,28,15,0,2.78,1,train
BASIC5000_4690,data/jsut_ver1.1/basic5000/wav/BASIC5000_4690.wav,33,22,2,2.69,1,train
BASIC5000_4691,data/jsut_ver1.1/basic5000/wav/BASIC5000_4691.wav,65,40,3,5.17,3,test
BASIC5000_4692,data/jsut_ver1.1/basic5000/wav/BASIC5000_4692.wav,19,10,0,2.21,1,train
BASIC5000_4693,data/jsut_ver1.1/basic5000/wav/BASIC5000_4693.wav,25,14,0,2.15,1,train
BASIC5000_4694,data/jsut_ver1.1/basic5000/wav/BASIC5000_4694.wav,45,29,2,4.05,2,val
BASIC5000_4695,data/jsut_ver1.1/basic5000/wav/BASIC5000_4695.wav,30,19,2,2.59,1,train
BASIC5000_4696,data/jsut_ver1.1/basic5000/wav/BASIC5000_4696.wav,21,13,0,2.05,1,test
BASIC5000_4697,data/jsut_ver1.1/basic5000/wav/BASIC5000_4697.wav,33,19,1,2.77,1,train
BASIC5000_4698,data/jsut_ver1.1/basic5000/wav/BASIC5000_4698.wav,54,32,2,4.35,3,val
BASIC5000_4699,data/jsut_ver1.1/basic5000/wav/BASIC5000_4699.wav,47,29,0,3.8,2,train
BASIC5000_4700,data/jsut_ver1.1/basic5000/wav/BASIC5000_4700.wav,55,32,0,4.68,3,test
BASIC5000_4701,data/jsut_ver1.1/basic5000/wav/BASIC5000_4701.wav,36,22,0,3.49,1,train
BASIC5000_4702,data/jsut_ver1.1/basic5000/wav/BASIC5000_4702.wav,51,29,1,3.91,3,train
BASIC5000_4703,data/jsut_ver1.1/basic5000/wav/BASIC5000_4703.wav,42,24,1,3.47,2,train
BASIC5000_4704,data/jsut_ver1.1/basic5000/wav/BASIC5000_4704.wav,27,17,1,2.7,1,train
BASIC5000_4705,data/jsut_ver1.1/basic5000/wav/BASIC5000_4705.wav,36,23,1,3.4,1,train
BASIC5000_4706,data/jsut_ver1.1/basic5000/wav/BASIC5000_4706.wav,25,16,1,2.3,1,train
BASIC5000_4707,data/jsut_ver1.1/basic5000/wav/BASIC5000_4707.wav,26,16,2,2.26,1,val
BASIC5000_4708,data/jsut_ver1.1/basic5000/wav/BASIC5000_4708.wav,34,20,1,2.92,1,train
BASIC5000_4709,data/jsut_ver1.1/basic5000/wav/BASIC5000_4709.wav,29,17,1,2.59,1,test
BASIC5000_4710,data/jsut_ver1.1/basic5000/wav/BASIC5000_4710.wav,26,17,2,2.62,1,test
BASIC5000_4711,data/jsut_ver1.1/basic5000/wav/BASIC5000_4711.wav,57,33,0,4.58,3,train
BASIC5000_4712,data/jsut_ver1.1/basic5000/wav/BASIC5000_4712.wav,14,8,0,1.58,1,test
BASIC5000_4713,data/jsut_ver1.1/basic5000/wav/BASIC5000_4713.wav,20,13,1,1.96,1,train
BASIC5000_4714,data/jsut_ver1.1/basic5000/wav/BASIC5000_4714.wav,64,37,2,5.08,3,val
BASIC5000_4715,data/jsut_ver1.1/basic5000/wav/BASIC5000_4715.wav,34,19,0,3.03,1,train
BASIC5000_4716,data/jsut_ver1.1/basic5000/wav/BASIC5000_4716.wav,49,29,2,3.87,2,val
BASIC5000_4717,data/jsut_ver1.1/basic5000/wav/BASIC5000_4717.wav,40,25,2,3.58,2,train
BASIC5000_4718,data/jsut_ver1.1/basic5000/wav/BASIC5000_4718.wav,32,19,1,2.75,1,train
BASIC5000_4719,data/jsut_ver1.1/basic5000/wav/BASIC5000_4719.wav,40,25,2,3.29,2,train
BASIC5000_4720,data/jsut_ver1.1/basic5000/wav/BASIC5000_4720.wav,54,33,3,4.03,3,val
BASIC5000_4721,data/jsut_ver1.1/basic5000/wav/BASIC5000_4721.wav,40,23,0,3.21,2,train
BASIC5000_4722,data/jsut_ver1.1/basic5000/wav/BASIC5000_4722.wav,33,19,0,2.73,1,train
BASIC5000_4723,data/jsut_ver1.1/basic5000/wav/BASIC5000_4723.wav,36,20,0,3.13,1,val
BASIC5000_4724,data/jsut_ver1.1/basic5000/wav/BASIC5000_4724.wav,37,23,1,3.14,1,train
BASIC5000_4725,data/jsut_ver1.1/basic5000/wav/BASIC5000_4725.wav,38,25,4,3.16,1,train
BASIC5000_4726,data/jsut_ver1.1/basic5000/wav/BASIC5000_4726.wav,41,23,1,3.33,2,train
BASIC5000_4727,data/jsut_ver1.1/basic5000/wav/BASIC5000_4727.wav,51,30,1,4.09,3,val
BASIC5000_4728,data/jsut_ver1.1/basic5000/wav/BASIC5000_4728.wav,36,22,2,3.31,1,train
BASIC5000_4729,data/jsut_ver1.1/basic5000/wav/BASIC5000_4729.wav,66,39,2,5.19,3,train
BASIC5000_4730,data/jsut_ver1.1/basic5000/wav/BASIC5000_4730.wav,32,19,0,3.0,1,train
BASIC5000_4731,data/jsut_ver1.1/basic5000/wav/BASIC5000_4731.wav,39,23,1,3.32,1,val
BASIC5000_4732,data/jsut_ver1.1/basic5000/wav/BASIC5000_4732.wav,35,18,0,2.96,1,train
BASIC5000_4733,data/jsut_ver1.1/basic5000/wav/BASIC5000_4733.wav,43,26,1,3.8,2,val
BASIC5000_4734,data/jsut_ver1.1/basic5000/wav/BASIC5000_4734.wav,30,19,1,2.9,1,train
BASIC5000_4735,data/jsut_ver1.1/basic5000/wav/BASIC5000_4735.wav,37,22,0,3.12,1,train
BASIC5000_4736,data/jsut_ver1.1/basic5000/wav/BASIC5000_4736.wav,41,22,1,3.11,2,train
BASIC5000_4737,data/jsut_ver1.1/basic5000/wav/BASIC5000_4737.wav,23,14,1,2.24,1,train
BASIC5000_4738,data/jsut_ver1.1/basic5000/wav/BASIC5000_4738.wav,56,32,1,4.36,3,test
BASIC5000_4739,data/jsut_ver1.1/basic5000/wav/BASIC5000_4739.wav,60,35,2,4.74,3,train
BASIC5000_4740,data/jsut_ver1.1/basic5000/wav/BASIC5000_4740.wav,59,35,2,4.94,3,val
BASIC5000_4741,data/jsut_ver1.1/basic5000/wav/BASIC5000_4741.wav,39,22,1,3.61,1,train
BASIC5000_4742,data/jsut_ver1.1/basic5000/wav/BASIC5000_4742.wav,38,23,0,3.44,1,train
BASIC5000_4743,data/jsut_ver1.1/basic5000/wav/BASIC5000_4743.wav,46,27,1,3.86,2,train
BASIC5000_4744,data/jsut_ver1.1/basic5000/wav/BASIC5000_4744.wav,47,28,2,3.98,2,train
BASIC5000_4745,data/jsut_ver1.1/basic5000/wav/BASIC5000_4745.wav,50,29,2,4.26,3,train
BASIC5000_4746,data/jsut_ver1.1/basic5000/wav/BASIC5000_4746.wav,35,20,0,3.0,1,train
BASIC5000_4747,data/jsut_ver1.1/basic5000/wav/BASIC5000_4747.wav,40,22,0,3.21,2,train
BASIC5000_4748,data/jsut_ver1.1/basic5000/wav/BASIC5000_4748.wav,47,27,0,3.84,2,train
BASIC5000_4749,data/jsut_ver1.1/basic5000/wav/BASIC5000_4749.wav,35,21,1,2.99,1,train
BASIC5000_4750,data/jsut_ver1.1/basic5000/wav/BASIC5000_4750.wav,54,34,2,4.19,3,train
BASIC5000_4751,data/jsut_ver1.1/basic5000/wav/BASIC5000_4751.wav,24,13,0,2.06,1,train
BASIC5000_4752,data/jsut_ver1.1/basic5000/wav/BASIC5000_4752.wav,68,38,0,5.51,3,train
BASIC5000_4753,data/jsut_ver1.1/basic5000/wav/BASIC5000_4753.wav,54,31,1,4.27,3,train
BASIC5000_4754,data/jsut_ver1.1/basic5000/wav/BASIC5000_4754.wav,73,45,3,5.62,4,train
BASIC5000_4755,data/jsut_ver1.1/basic5000/wav/BASIC5000_4755.wav,39,24,2,3.45,1,train
BASIC5000_4756,data/jsut_ver1.1/basic5000/wav/BASIC5000_4756.wav,23,14,1,2.28,1,train
BASIC5000_4757,data/jsut_ver1.1/basic5000/wav/BASIC5000_4757.wav,49,28,2,3.98,2,train
BASIC5000_4758,data/jsut_ver1.1/basic5000/wav/BASIC5000_4758.wav,33,20,1,2.85,1,train
BASIC5000_4759,data/jsut_ver1.1/basic5000/wav/BASIC5000_4759.wav,49,29,2,4.15,2,train
BASIC5000_4760,data/jsut_ver1.1/basic5000/wav/BASIC5000_4760.wav,52,32,3,4.36,3,train
BASIC5000_4761,data/jsut_ver1.1/basic5000/wav/BASIC5000_4761.wav,39,24,2,3.42,1,train
BASIC5000_4762,data/jsut_ver1.1/basic5000/wav/BASIC5000_4762.wav,21,14,0,2.34,1,train
BASIC5000_4763,data/jsut_ver1.1/basic5000/wav/BASIC5000_4763.wav,59,37,5,4.41,3,train
BASIC5000_4764,data/jsut_ver1.1/basic5000/wav/BASIC5000_4764.wav,44,25,1,3.87,2,train
BASIC5000_4765,data/jsut_ver1.1/basic5000/wav/BASIC5000_4765.wav,31,18,0,2.81,1,train
BASIC5000_4766,data/jsut_ver1.1/basic5000/wav/BASIC5000_4766.wav,41,23,0,3.75,2,test
BASIC5000_4767,data/jsut_ver1.1/basic5000/wav/BASIC5000_4767.wav,31,19,1,2.8,1,val
BASIC5000_4768,data/jsut_ver1.1/basic5000/wav/BASIC5000_4768.wav,55,31,0,4.36,3,train
BASIC5000_4769,data/jsut_ver1.1/basic5000/wav/BASIC5000_4769.wav,18,12,1,1.93,1,train
BASIC5000_4770,data/jsut_ver1.1/basic5000/wav/BASIC5000_4770.wav,45,28,1,4.22,2,train
BASIC5000_4771,data/jsut_ver1.1/basic5000/wav/BASIC5000_4771.wav,33,19,0,2.92,1,val
BASIC5000_4772,data/jsut_ver1.1/basic5000/wav/BASIC5000_4772.wav,31,19,1,2.72,1,train
BASIC5000_4773,data/jsut_ver1.1/basic5000/wav/BASIC5000_4773.wav,32,21,1,2.88,1,train
BASIC5000_4774,data/jsut_ver1.1/basic5000/wav/BASIC5000_4774.wav,35,20,1,3.04,1,test
BASIC5000_4775,data/jsut_ver1.1/basic5000/wav/BASIC5000_4775.wav,53,32,1,4.26,3,train
BASIC5000_4776,data/jsut_ver1.1/basic5000/wav/BASIC5000_4776.wav,40,24,1,3.4,2,train
BASIC5000_4777,data/jsut_ver1.1/basic5000/wav/BASIC5000_4777.wav,29,18,2,2.6,1,train
BASIC5000_4778,data/jsut_ver1.1/basic5000/wav/BASIC5000_4778.wav,46,28,2,3.82,2,train
BASIC5000_4779,data/jsut_ver1.1/basic5000/wav/BASIC5000_4779.wav,38,21,1,2.92,1,train
BASIC5000_4780,data/jsut_ver1.1/basic5000/wav/BASIC5000_4780.wav,40,24,0,3.94,2,test
BASIC5000_4781,data/jsut_ver1.1/basic5000/wav/BASIC5000_4781.wav,31,18,1,2.58,1,train
BASIC5000_4782,data/jsut_ver1.1/basic5000/wav/BASIC5000_4782.wav,60,34,1,4.6,3,train
BASIC5000_4783,data/jsut_ver1.1/basic5000/wav/BASIC5000_4783.wav,33,20,2,2.69,1,val
BASIC5000_4784,data/jsut_ver1.1/basic5000/wav/BASIC5000_4784.wav,41,27,3,3.3,2,val
BASIC5000_4785,data/jsut_ver1.1/basic5000/wav/BASIC5000_4785.wav,29,18,1,2.9,1,val
BASIC5000_4786,data/jsut_ver1.1/basic5000/wav/BASIC5000_4786.wav,38,23,2,3.39,1,train
BASIC5000_4787,data/jsut_ver1.1/basic5000/wav/BASIC5000_4787.wav,39,24,2,3.73,1,train
BASIC5000_4788,data/jsut_ver1.1/basic5000/wav/BASIC5000_4788.wav,48,27,1,4.15,2,train
BASIC5000_4789,data/jsut_ver1.1/basic5000/wav/BASIC5000_4789.wav,60,36,2,5.39,3,train
BASIC5000_4790,data/jsut_ver1.1/basic5000/wav/BASIC5000_4790.wav,46,27,2,3.59,2,train
BASIC5000_4791,data/jsut_ver1.1/basic5000/wav/BASIC5000_4791.wav,31,20,3,2.67,1,train
BASIC5000_4792,data/jsut_ver1.1/basic5000/wav/BASIC5000_4792.wav,51,32,1,4.14,3,train
BASIC5000_4793,data/jsut_ver1.1/basic5000/wav/BASIC5000_4793.wav,36,20,0,3.2,1,train
BASIC5000_4794,data/jsut_ver1.1/basic5000/wav/BASIC5000_4794.wav,70,41,2,5.96,4,train
BASIC5000_4795,data/jsut_ver1.1/basic5000/wav/BASIC5000_4795.wav,48,29,1,4.64,2,train
BASIC5000_4796,data/jsut_ver1.1/basic5000/wav/BASIC5000_4796.wav,36,20,0,3.06,1,train
BASIC5000_4797,data/jsut_ver1.1/basic5000/wav/BASIC5000_4797.wav,37,23,3,3.29,1,train
BASIC5000_4798,data/jsut_ver1.1/basic5000/wav/BASIC5000_4798.wav,39,24,1,3.61,1,val
BASIC5000_4799,data/jsut_ver1.1/basic5000/wav/BASIC5000_4799.wav,65,41,3,5.1,3,train
BASIC5000_4800,data/jsut_ver1.1/basic5000/wav/BASIC5000_4800.wav,50,33,2,4.67,3,test
BASIC5000_4801,data/jsut_ver1.1/basic5000/wav/BASIC5000_4801.wav,28,18,1,2.79,1,val
BASIC5000_4802,data/jsut_ver1.1/basic5000/wav/BASIC5000_4802.wav,55,35,2,5.15,3,train
BASIC5000_4803,data/jsut_ver1.1/basic5000/wav/BASIC5000_4803.wav,52,30,1,4.22,3,test
BASIC5000_4804,data/jsut_ver1.1/basic5000/wav/BASIC5000_4804.wav,44,28,4,3.63,2,train
BASIC5000_4805,data/jsut_ver1.1/basic5000/wav/BASIC5000_4805.wav,47,29,1,3.99,2,train
BASIC5000_4806,data/jsut_ver1.1/basic5000/wav/BASIC5000_4806.wav,50,28,0,4.18,3,train
BASIC5000_4807,data/jsut_ver1.1/basic5000/wav/BASIC5000_4807.wav,52,32,3,4.54,3,train
BASIC5000_4808,data/jsut_ver1.1/basic5000/wav/BASIC5000_4808.wav,54,32,1,4.53,3,train
BASIC5000_4809,data/jsut_ver1.1/basic5000/wav/BASIC5000_4809.wav,61,36,1,5.34,3,train
BASIC5000_4810,data/jsut_ver1.1/basic5000/wav/BASIC5000_4810.wav,29,18,1,2.9,1,train
BASIC5000_4811,data/jsut_ver1.1/basic5000/wav/BASIC5000_4811.wav,39,25,3,3.8,1,train
BASIC5000_4812,data/jsut_ver1.1/basic5000/wav/BASIC5000_4812.wav,36,23,2,3.8,1,val
BASIC5000_4813,data/jsut_ver1.1/basic5000/wav/BASIC5000_4813.wav,36,22,3,3.639291666666667,1,train
BASIC5000_4814,data/jsut_ver1.1/basic5000/wav/BASIC5000_4814.wav,42,25,1,3.39,2,test
BASIC5000_4815,data/jsut_ver1.1/basic5000/wav/BASIC5000_4815.wav,49,29,0,4.09,2,train
BASIC5000_4816,data/jsut_ver1.1/basic5000/wav/BASIC5000_4816.wav,41,25,2,3.41,2,train
BASIC5000_4817,data/jsut_ver1.1/basic5000/wav/BASIC5000_4817.wav,41,24,2,3.4,2,train
BASIC5000_4818,data/jsut_ver1.1/basic5000/wav/BASIC5000_4818.wav,54,34,3,4.34,3,train
BASIC5000_4819,data/jsut_ver1.1/basic5000/wav/BASIC5000_4819.wav,42,25,1,3.69,2,train
BASIC5000_4820,data/jsut_ver1.1/basic5000/wav/BASIC5000_4820.wav,44,26,1,3.63,2,train
BASIC5000_4821,data/jsut_ver1.1/basic5000/wav/BASIC5000_4821.wav,33,20,0,3.05,1,test
BASIC5000_4822,data/jsut_ver1.1/basic5000/wav/BASIC5000_4822.wav,33,21,2,3.64,1,train
BASIC5000_4823,data/jsut_ver1.1/basic5000/wav/BASIC5000_4823.wav,37,22,1,3.62,1,train
BASIC5000_4824,data/jsut_ver1.1/basic5000/wav/BASIC5000_4824.wav,42,25,1,3.52,2,train
BASIC5000_4825,data/jsut_ver1.1/basic5000/wav/BASIC5000_4825.wav,71,43,2,5.88,4,test
BASIC5000_4826,data/jsut_ver1.1/basic5000/wav/BASIC5000_4826.wav,26,16,1,2.4,1,train
BASIC5000_4827,data/jsut_ver1.1/basic5000/wav/BASIC5000_4827.wav,32,18,1,2.9,1,train
BASIC5000_4828,data/jsut_ver1.1/basic5000/wav/BASIC5000_4828.wav,25,17,1,2.63,1,test
BASIC5000_4829,data/jsut_ver1.1/basic5000/wav/BASIC5000_4829.wav,45,29,1,4.0,2,train
BASIC5000_4830,data/jsut_ver1.1/basic5000/wav/BASIC5000_4830.wav,42,27,0,3.86,2,test
BASIC5000_4831,data/jsut_ver1.1/basic5000/wav/BASIC5000_4831.wav,40,24,0,3.849291666666667,2,train
BASIC5000_4832,data/jsut_ver1.1/basic5000/wav/BASIC5000_4832.wav,40,24,2,3.64,2,train
BASIC5000_4833,data/jsut_ver1.1/basic5000/wav/BASIC5000_4833.wav,48,27,1,3.87,2,train
BASIC5000_4834,data/jsut_ver1.1/basic5000/wav/BASIC5000_4834.wav,45,26,2,3.79,2,train
BASIC5000_4835,data/jsut_ver1.1/basic5000/wav/BASIC5000_4835.wav,47,27,1,3.94,2,test
BASIC5000_4836,data/jsut_ver1.1/basic5000/wav/BASIC5000_4836.wav,31,19,0,3.27,1,train
BASIC5000_4837,data/jsut_ver1.1/basic5000/wav/BASIC5000_4837.wav,38,23,1,3.36,1,train
BASIC5000_4838,data/jsut_ver1.1/basic5000/wav/BASIC5000_4838.wav,29,17,1,2.76,1,test
BASIC5000_4839,data/jsut_ver1.1/basic5000/wav/BASIC5000_4839.wav,33,20,2,2.77,1,train
BASIC5000_4840,data/jsut_ver1.1/basic5000/wav/BASIC5000_4840.wav,46,25,0,5.17,2,train
BASIC5000_4841,data/jsut_ver1.1/basic5000/wav/BASIC5000_4841.wav,34,20,0,3.44,1,train
BASIC5000_4842,data/jsut_ver1.1/basic5000/wav/BASIC5000_4842.wav,33,20,0,3.06,1,train
BASIC5000_4843,data/jsut_ver1.1/basic5000/wav/BASIC5000_4843.wav,31,16,0,3.03,1,train
BASIC5000_4844,data/jsut_ver1.1/basic5000/wav/BASIC5000_4844.wav,60,34,1,4.88,3,train
BASIC5000_4845,data/jsut_ver1.1/basic5000/wav/BASIC5000_4845.wav,80,50,4,6.25,4,train
BASIC5000_4846,data/jsut_ver1.1/basic5000/wav/BASIC5000_4846.wav,73,44,4,5.98,4,test
BASIC5000_4847,data/jsut_ver1.1/basic5000/wav/BASIC5000_4847.wav,77,45,3,5.85,4,train
BASIC5000_4848,data/jsut_ver1.1/basic5000/wav/BASIC5000_4848.wav,40,23,0,3.29,2,train
BASIC5000_4849,data/jsut_ver1.1/basic5000/wav/BASIC5000_4849.wav,20,12,0,2.12,1,train
BASIC5000_4850,data/jsut_ver1.1/basic5000/wav/BASIC5000_4850.wav,26,15,1,2.06,1,test
BASIC5000_4851,data/jsut_ver1.1/basic5000/wav/BASIC5000_4851.wav,117,70,2,9.589291666666666,4,train
BASIC5000_4852,data/jsut_ver1.1/basic5000/wav/BASIC5000_4852.wav,75,47,3,6.28,4,train
BASIC5000_4853,data/jsut_ver1.1/basic5000/wav/BASIC5000_4853.wav,153,92,4,11.52,4,train
BASIC5000_4854,data/jsut_ver1.1/basic5000/wav/BASIC5000_4854.wav,18,10,1,1.77,1,train
BASIC5000_4855,data/jsut_ver1.1/basic5000/wav/BASIC5000_4855.wav,131,77,7,10.13,4,train
BASIC5000_4856,data/jsut_ver1.1/basic5000/wav/BASIC5000_4856.wav,62,37,3,5.1,3,train
BASIC5000_4857,data/jsut_ver1.1/basic5000/wav/BASIC5000_4857.wav,26,15,1,2.15,1,train
BASIC5000_4858,data/jsut_ver1.1/basic5000/wav/BASIC5000_4858.wav,21,14,1,2.32,1,test
BASIC5000_4859,data/jsut_ver1.1/basic5000/wav/BASIC5000_4859.wav,56,32,0,4.999291666666666,3,test
BASIC5000_4860,data/jsut_ver1.1/basic5000/wav/BASIC5000_4860.wav,38,23,3,3.05,1,train
BASIC5000_4861,data/jsut_ver1.1/basic5000/wav/BASIC5000_4861.wav,66,39,1,5.08,3,train
BASIC5000_4862,data/jsut_ver1.1/basic5000/wav/BASIC5000_4862.wav,52,33,3,3.94,3,train
BASIC5000_4863,data/jsut_ver1.1/basic5000/wav/BASIC5000_4863.wav,52,32,3,4.32,3,train
BASIC5000_4864,data/jsut_ver1.1/basic5000/wav/BASIC5000_4864.wav,28,17,1,2.45,1,train
BASIC5000_4865,data/jsut_ver1.1/basic5000/wav/BASIC5000_4865.wav,67,41,5,5.15,3,train
BASIC5000_4866,data/jsut_ver1.1/basic5000/wav/BASIC5000_4866.wav,67,40,0,5.91,3,train
BASIC5000_4867,data/jsut_ver1.1/basic5000/wav/BASIC5000_4867.wav,27,14,0,2.33,1,train
BASIC5000_4868,data/jsut_ver1.1/basic5000/wav/BASIC5000_4868.wav,20,12,0,1.94,1,train
BASIC5000_4869,data/jsut_ver1.1/basic5000/wav/BASIC5000_4869.wav,66,39,1,5.17,3,train
BASIC5000_4870,data/jsut_ver1.1/basic5000/wav/BASIC5000_4870.wav,13,7,0,1.8192916666666668,1,train
BASIC5000_4871,data/jsut_ver1.1/basic5000/wav/BASIC5000_4871.wav,28,18,1,3.0492916666666665,1,train
BASIC5000_4872,data/jsut_ver1.1/basic5000/wav/BASIC5000_4872.wav,44,29,5,3.949291666666667,2,train
BASIC5000_4873,data/jsut_ver1.1/basic5000/wav/BASIC5000_4873.wav,19,11,0,1.89,1,train
BASIC5000_4874,data/jsut_ver1.1/basic5000/wav/BASIC5000_4874.wav,19,10,0,1.78,1,train
BASIC5000_4875,data/jsut_ver1.1/basic5000/wav/BASIC5000_4875.wav,22,14,2,2.58,1,test
BASIC5000_4876,data/jsut_ver1.1/basic5000/wav/BASIC5000_4876.wav,40,23,1,3.26,2,train
BASIC5000_4877,data/jsut_ver1.1/basic5000/wav/BASIC5000_4877.wav,21,15,2,2.52,1,train
BASIC5000_4878,data/jsut_ver1.1/basic5000/wav/BASIC5000_4878.wav,20,12,0,2.15,1,train
BASIC5000_4879,data/jsut_ver1.1/basic5000/wav/BASIC5000_4879.wav,53,30,1,4.1,3,train
BASIC5000_4880,data/jsut_ver1.1/basic5000/wav/BASIC5000_4880.wav,24,17,0,3.02,1,val
BASIC5000_4881,data/jsut_ver1.1/basic5000/wav/BASIC5000_4881.wav,34,20,3,2.83,1,test
BASIC5000_4882,data/jsut_ver1.1/basic5000/wav/BASIC5000_4882.wav,30,20,2,2.94,1,test
BASIC5000_4883,data/jsut_ver1.1/basic5000/wav/BASIC5000_4883.wav,47,30,4,3.82,2,train
BASIC5000_4884,data/jsut_ver1.1/basic5000/wav/BASIC5000_4884.wav,18,10,1,1.79,1,train
BASIC5000_4885,data/jsut_ver1.1/basic5000/wav/BASIC5000_4885.wav,50,29,1,4.24,3,train
BASIC5000_4886,data/jsut_ver1.1/basic5000/wav/BASIC5000_4886.wav,25,18,4,2.47,1,train
BASIC5000_4887,data/jsut_ver1.1/basic5000/wav/BASIC5000_4887.wav,54,34,4,4.1,3,train
BASIC5000_4888,data/jsut_ver1.1/basic5000/wav/BASIC5000_4888.wav,36,23,3,2.98,1,test
BASIC5000_4889,data/jsut_ver1.1/basic5000/wav/BASIC5000_4889.wav,54,33,2,4.34,3,train
BASIC5000_4890,data/jsut_ver1.1/basic5000/wav/BASIC5000_4890.wav,35,20,0,2.86,1,train
BASIC5000_4891,data/jsut_ver1.1/basic5000/wav/BASIC5000_4891.wav,33,20,2,2.85,1,val
BASIC5000_4892,data/jsut_ver1.1/basic5000/wav/BASIC5000_4892.wav,36,20,1,3.5792916666666668,1,train
BASIC5000_4893,data/jsut_ver1.1/basic5000/wav/BASIC5000_4893.wav,22,12,0,2.3792916666666666,1,train
BASIC5000_4894,data/jsut_ver1.1/basic5000/wav/BASIC5000_4894.wav,34,20,0,3.2492916666666667,1,train
BASIC5000_4895,data/jsut_ver1.1/basic5000/wav/BASIC5000_4895.wav,30,19,1,2.61,1,train
BASIC5000_4896,data/jsut_ver1.1/basic5000/wav/BASIC5000_4896.wav,33,20,2,2.86,1,test
BASIC5000_4897,data/jsut_ver1.1/basic5000/wav/BASIC5000_4897.wav,23,13,0,2.7092916666666667,1,train
BASIC5000_4898,data/jsut_ver1.1/basic5000/wav/BASIC5000_4898.wav,47,27,0,3.83,2,test
BASIC5000_4899,data/jsut_ver1.1/basic5000/wav/BASIC5000_4899.wav,39,24,2,3.22,1,train
BASIC5000_4900,data/jsut_ver1.1/basic5000/wav/BASIC5000_4900.wav,45,27,2,3.67,2,train
BASIC5000_4901,data/jsut_ver1.1/basic5000/wav/BASIC5000_4901.wav,40,22,1,3.48,2,train
BASIC5000_4902,data/jsut_ver1.1/basic5000/wav/BASIC5000_4902.wav,52,30,0,4.55,3,train
BASIC5000_4903,data/jsut_ver1.1/basic5000/wav/BASIC5000_4903.wav,35,21,1,3.1,1,train
BASIC5000_4904,data/jsut_ver1.1/basic5000/wav/BASIC5000_4904.wav,41,23,0,4.07,2,train
BASIC5000_4905,data/jsut_ver1.1/basic5000/wav/BASIC5000_4905.wav,31,18,1,2.81,1,train
BASIC5000_4906,data/jsut_ver1.1/basic5000/wav/BASIC5000_4906.wav,43,23,0,3.45,2,train
BASIC5000_4907,data/jsut_ver1.1/basic5000/wav/BASIC5000_4907.wav,38,22,1,3.409291666666667,1,train
BASIC5000_4908,data/jsut_ver1.1/basic5000/wav/BASIC5000_4908.wav,17,10,1,1.92,1,train
BASIC5000_4909,data/jsut_ver1.1/basic5000/wav/BASIC5000_4909.wav,36,24,1,3.37,1,test
BASIC5000_4910,data/jsut_ver1.1/basic5000/wav/BASIC5000_4910.wav,23,13,0,2.27,1,train
BASIC5000_4911,data/jsut_ver1.1/basic5000/wav/BASIC5000_4911.wav,30,17,0,2.67,1,train
BASIC5000_4912,data/jsut_ver1.1/basic5000/wav/BASIC5000_4912.wav,58,38,4,4.56,3,test
BASIC5000_4913,data/jsut_ver1.1/basic5000/wav/BASIC5000_4913.wav,20,12,1,2.8192916666666665,1,train
BASIC5000_4914,data/jsut_ver1.1/basic5000/wav/BASIC5000_4914.wav,43,26,1,3.47,2,val
BASIC5000_4915,data/jsut_ver1.1/basic5000/wav/BASIC5000_4915.wav,49,32,2,4.41,2,train
BASIC5000_4916,data/jsut_ver1.1/basic5000/wav/BASIC5000_4916.wav,32,19,1,2.63,1,train
BASIC5000_4917,data/jsut_ver1.1/basic5000/wav/BASIC5000_4917.wav,41,25,2,3.41,2,train
BASIC5000_4918,data/jsut_ver1.1/basic5000/wav/BASIC5000_4918.wav,38,22,1,3.21,1,train
BASIC5000_4919,data/jsut_ver1.1/basic5000/wav/BASIC5000_4919.wav,39,21,1,3.13,1,train
BASIC5000_4920,data/jsut_ver1.1/basic5000/wav/BASIC5000_4920.wav,32,19,1,3.0792916666666668,1,train
BASIC5000_4921,data/jsut_ver1.1/basic5000/wav/BASIC5000_4921.wav,39,22,0,3.39,1,train
BASIC5000_4922,data/jsut_ver1.1/basic5000/wav/BASIC5000_4922.wav,32,19,1,3.0292916666666665,1,train
BASIC5000_4923,data/jsut_ver1.1/basic5000/wav/BASIC5000_4923.wav,33,20,0,3.99,1,train
BASIC5000_4924,data/jsut_ver1.1/basic5000/wav/BASIC5000_4924.wav,61,35,0,5.12,3,train
BASIC5000_4925,data/jsut_ver1.1/basic5000/wav/BASIC5000_4925.wav,47,28,0,3.83,2,train
BASIC5000_4926,data/jsut_ver1.1/basic5000/wav/BASIC5000_4926.wav,39,22,0,4.299291666666667,1,train
BASIC5000_4927,data/jsut_ver1.1/basic5000/wav/BASIC5000_4927.wav,31,19,0,2.77,1,train
BASIC5000_4928,data/jsut_ver1.1/basic5000/wav/BASIC5000_4928.wav,35,22,1,3.22,1,test
BASIC5000_4929,data/jsut_ver1.1/basic5000/wav/BASIC5000_4929.wav,29,19,1,2.83,1,train
BASIC5000_4930,data/jsut_ver1.1/basic5000/wav/BASIC5000_4930.wav,31,18,1,2.72,1,train
BASIC5000_4931,data/jsut_ver1.1/basic5000/wav/BASIC5000_4931.wav,38,22,1,3.31,1,train
BASIC5000_4932,data/jsut_ver1.1/basic5000/wav/BASIC5000_4932.wav,46,28,2,3.5,2,train
BASIC5000_4933,data/jsut_ver1.1/basic5000/wav/BASIC5000_4933.wav,50,31,0,5.31,3,train
BASIC5000_4934,data/jsut_ver1.1/basic5000/wav/BASIC5000_4934.wav,27,15,0,2.51,1,train
BASIC5000_4935,data/jsut_ver1.1/basic5000/wav/BASIC5000_4935.wav,32,17,0,2.63,1,train
BASIC5000_4936,data/jsut_ver1.1/basic5000/wav/BASIC5000_4936.wav,24,13,0,2.17,1,test
BASIC5000_4937,data/jsut_ver1.1/basic5000/wav/BASIC5000_4937.wav,37,21,0,3.19,1,train
BASIC5000_4938,data/jsut_ver1.1/basic5000/wav/BASIC5000_4938.wav,41,25,1,3.81,2,train
BASIC5000_4939,data/jsut_ver1.1/basic5000/wav/BASIC5000_4939.wav,66,43,3,5.34,3,train
BASIC5000_4940,data/jsut_ver1.1/basic5000/wav/BASIC5000_4940.wav,75,43,1,5.86,4,train
BASIC5000_4941,data/jsut_ver1.1/basic5000/wav/BASIC5000_4941.wav,22,12,0,3.18,1,val
BASIC5000_4942,data/jsut_ver1.1/basic5000/wav/BASIC5000_4942.wav,50,30,1,4.89,3,train
BASIC5000_4943,data/jsut_ver1.1/basic5000/wav/BASIC5000_4943.wav,101,59,2,7.979291666666667,4,test
BASIC5000_4944,data/jsut_ver1.1/basic5000/wav/BASIC5000_4944.wav,24,14,1,2.619291666666667,1,test
BASIC5000_4945,data/jsut_ver1.1/basic5000/wav/BASIC5000_4945.wav,32,20,0,3.4592916666666667,1,train
BASIC5000_4946,data/jsut_ver1.1/basic5000/wav/BASIC5000_4946.wav,26,16,1,3.199291666666667,1,train
BASIC5000_4947,data/jsut_ver1.1/basic5000/wav/BASIC5000_4947.wav,31,17,0,3.0692916666666665,1,test
BASIC5000_4948,data/jsut_ver1.1/basic5000/wav/BASIC5000_4948.wav,24,14,1,2.6892916666666666,1,val
BASIC5000_4949,data/jsut_ver1.1/basic5000/wav/BASIC5000_4949.wav,31,18,1,3.139291666666667,1,train
BASIC5000_4950,data/jsut_ver1.1/basic5000/wav/BASIC5000_4950.wav,21,13,2,2.2292916666666667,1,train
BASIC5000_4951,data/jsut_ver1.1/basic5000/wav/BASIC5000_4951.wav,46,29,2,3.91,2,train
BASIC5000_4952,data/jsut_ver1.1/basic5000/wav/BASIC5000_4952.wav,36,22,0,3.9,1,train
BASIC5000_4953,data/jsut_ver1.1/basic5000/wav/BASIC5000_4953.wav,35,18,0,3.39,1,train
BASIC5000_4954,data/jsut_ver1.1/basic5000/wav/BASIC5000_4954.wav,57,35,2,4.76,3,train
BASIC5000_4955,data/jsut_ver1.1/basic5000/wav/BASIC5000_4955.wav,33,19,1,2.86,1,train
BASIC5000_4956,data/jsut_ver1.1/basic5000/wav/BASIC5000_4956.wav,34,18,0,3.09,1,train
BASIC5000_4957,data/jsut_ver1.1/basic5000/wav/BASIC5000_4957.wav,69,39,2,5.5292916666666665,3,train
BASIC5000_4958,data/jsut_ver1.1/basic5000/wav/BASIC5000_4958.wav,22,14,2,2.19,1,train
BASIC5000_4959,data/jsut_ver1.1/basic5000/wav/BASIC5000_4959.wav,37,24,3,4.01,1,train
BASIC5000_4960,data/jsut_ver1.1/basic5000/wav/BASIC5000_4960.wav,22,13,0,2.71,1,train
BASIC5000_4961,data/jsut_ver1.1/basic5000/wav/BASIC5000_4961.wav,47,27,1,4.0,2,train
BASIC5000_4962,data/jsut_ver1.1/basic5000/wav/BASIC5000_4962.wav,31,18,1,2.84,1,val
BASIC5000_4963,data/jsut_ver1.1/basic5000/wav/BASIC5000_4963.wav,58,32,1,4.56,3,val
BASIC5000_4964,data/jsut_ver1.1/basic5000/wav/BASIC5000_4964.wav,62,40,4,4.78,3,test
BASIC5000_4965,data/jsut_ver1.1/basic5000/wav/BASIC5000_4965.wav,42,25,0,3.54,2,val
BASIC5000_4966,data/jsut_ver1.1/basic5000/wav/BASIC5000_4966.wav,42,24,1,3.37,2,train
BASIC5000_4967,data/jsut_ver1.1/basic5000/wav/BASIC5000_4967.wav,40,21,0,3.3,2,train
BASIC5000_4968,data/jsut_ver1.1/basic5000/wav/BASIC5000_4968.wav,12,7,1,1.47,1,train
BASIC5000_4969,data/jsut_ver1.1/basic5000/wav/BASIC5000_4969.wav,70,41,0,5.93,4,train
BASIC5000_4970,data/jsut_ver1.1/basic5000/wav/BASIC5000_4970.wav,39,22,1,3.42,1,train
BASIC5000_4971,data/jsut_ver1.1/basic5000/wav/BASIC5000_4971.wav,29,16,0,2.56,1,val
BASIC5000_4972,data/jsut_ver1.1/basic5000/wav/BASIC5000_4972.wav,82,49,3,6.2,4,val
BASIC5000_4973,data/jsut_ver1.1/basic5000/wav/BASIC5000_4973.wav,60,36,1,4.9,3,train
BASIC5000_4974,data/jsut_ver1.1/basic5000/wav/BASIC5000_4974.wav,37,22,1,2.9,1,train
BASIC5000_4975,data/jsut_ver1.1/basic5000/wav/BASIC5000_4975.wav,41,24,1,3.7,2,train
BASIC5000_4976,data/jsut_ver1.1/basic5000/wav/BASIC5000_4976.wav,44,28,2,3.95,2,train
BASIC5000_4977,data/jsut_ver1.1/basic5000/wav/BASIC5000_4977.wav,33,19,1,2.92,1,train
BASIC5000_4978,data/jsut_ver1.1/basic5000/wav/BASIC5000_4978.wav,37,21,2,3.07,1,train
BASIC5000_4979,data/jsut_ver1.1/basic5000/wav/BASIC5000_4979.wav,51,32,1,4.21,3,val
BASIC5000_4980,data/jsut_ver1.1/basic5000/wav/BASIC5000_4980.wav,32,17,0,2.81,1,train
BASIC5000_4981,data/jsut_ver1.1/basic5000/wav/BASIC5000_4981.wav,40,24,0,3.51,2,train
BASIC5000_4982,data/jsut_ver1.1/basic5000/wav/BASIC5000_4982.wav,30,17,1,2.67,1,train
BASIC5000_4983,data/jsut_ver1.1/basic5000/wav/BASIC5000_4983.wav,54,32,1,4.4,3,val
BASIC5000_4984,data/jsut_ver1.1/basic5000/wav/BASIC5000_4984.wav,37,20,1,3.08,1,train
BASIC5000_4985,data/jsut_ver1.1/basic5000/wav/BASIC5000_4985.wav,34,20,0,3.65,1,val
BASIC5000_4986,data/jsut_ver1.1/basic5000/wav/BASIC5000_4986.wav,27,15,0,2.639291666666667,1,train
BASIC5000_4987,data/jsut_ver1.1/basic5000/wav/BASIC5000_4987.wav,63,42,5,5.08,3,train
BASIC5000_4988,data/jsut_ver1.1/basic5000/wav/BASIC5000_4988.wav,20,12,0,2.02,1,train
BASIC5000_4989,data/jsut_ver1.1/basic5000/wav/BASIC5000_4989.wav,24,13,0,2.3,1,train
BASIC5000_4990,data/jsut_ver1.1/basic5000/wav/BASIC5000_4990.wav,17,10,0,1.78,1,val
BASIC5000_4991,data/jsut_ver1.1/basic5000/wav/BASIC5000_4991.wav,22,13,0,2.49,1,train
BASIC5000_4992,data/jsut_ver1.1/basic5000/wav/BASIC5000_4992.wav,38,24,3,3.08,1,train
BASIC5000_4993,data/jsut_ver1.1/basic5000/wav/BASIC5000_4993.wav,23,17,2,2.58,1,train
BASIC5000_4994,data/jsut_ver1.1/basic5000/wav/BASIC5000_4994.wav,25,15,1,2.5,1,train
BASIC5000_4995,data/jsut_ver1.1/basic5000/wav/BASIC5000_4995.wav,24,14,0,2.34,1,train
BASIC5000_4996,data/jsut_ver1.1/basic5000/wav/BASIC5000_4996.wav,37,21,0,3.41,1,train
BASIC5000_4997,data/jsut_ver1.1/basic5000/wav/BASIC5000_4997.wav,45,29,3,4.35,2,test
BASIC5000_4998,data/jsut_ver1.1/basic5000/wav/BASIC5000_4998.wav,41,24,1,3.8,2,train
BASIC5000_4999,data/jsut_ver1.1/basic5000/wav/BASIC5000_4999.wav,29,18,0,2.7,1,train
BASIC5000_5000,data/jsut_ver1.1/basic5000/wav/BASIC5000_5000.wav,25,15,0,2.82,1,test
